<window id="1150">
	<defaultcontrol always="true">100</defaultcontrol>
	<allowoverlay>no</allowoverlay>
	<controls>
		<control type="image"> <!-- Backgroundimage -->
			<include>Dimensions_Fullscreen</include>
			<fadetime>800</fadetime>
			<texture background="true">special://skin/backgrounds/film1.jpg</texture>
		</control>
		<control type="group">
			<include>opencloseslideup</include>
			<control type="image">
				<posx>180</posx>
				<posy>175r</posy>
				<width>243</width>
				<height>150</height>
				<texture background="true">movies/StatusIconFiles.png</texture>
				<visible>Container(100).Hasfocus(1)</visible>
				<animation effect="slide" start="0,-500" end="0,0" time="500" tween="cubic" easing="out">Visible</animation>
				<animation effect="slide" start="0,0" end="0,-500" time="500" tween="cubic" easing="out">Hidden</animation>
			</control>
			<control type="image">
				<posx>180</posx>
				<posy>175r</posy>
				<width>243</width>
				<height>150</height>
				<texture background="true">movies/StatusIconDatabase.png</texture>
				<visible>Container(100).Hasfocus(2)</visible>
				<animation effect="slide" start="0,-500" end="0,0" time="500" tween="cubic" easing="out">Visible</animation>
				<animation effect="slide" start="0,0" end="0,-500" time="500" tween="cubic" easing="out">Hidden</animation>
			</control>
			<control type="image">
				<posx>180</posx>
				<posy>175r</posy>
				<width>243</width>
				<height>150</height>
				<texture background="true">movies/StatusIconAddon.png</texture>
				<visible>Container(100).Hasfocus(3)</visible>
				<animation effect="slide" start="0,-500" end="0,0" time="500" tween="cubic" easing="out">Visible</animation>
				<animation effect="slide" start="0,0" end="0,-500" time="500" tween="cubic" easing="out">Hidden</animation>
			</control>
			<control type="image">
				<posx>180</posx>
				<posy>175r</posy>
				<width>243</width>
				<height>150</height>
				<texture background="true">movies/StatusIconBack.png</texture>
				<visible>Container(100).Hasfocus(4)</visible>
				<animation effect="slide" start="0,-500" end="0,0" time="500" tween="cubic" easing="out">Visible</animation>
				<animation effect="slide" start="0,0" end="0,-500" time="500" tween="cubic" easing="out">Hidden</animation>
			</control>
		</control>
		
		<control type="group">
			<include>opencloseslideright</include>
			<control type="image">
				<posx>21</posx>
				<posy>43</posy>
				<width>675</width>
				<height>1000</height>
				<texture background="true">movies/MoviePanelLeft.png</texture>
			</control>
			<control type="image">
				<posx>425</posx>
				<posy>42</posy>
				<width>200</width>
				<height>200</height>
				<texture background="true">movies/MovieIconCamera.png</texture>
			</control>
		</control>

		<control type="list" id="100">
			<include>opencloseslideright</include>
			<description>List</description>
			<posx>200</posx>
			<posy>380</posy>
			<width>450</width>
			<height>800</height>
			<onup>100</onup>
			<ondown>100</ondown>
			<onleft>-</onleft>
			<onright>99</onright>
			<scrolltime>0</scrolltime>
			<orientation>vertical</orientation>
			<pagecontrol>-</pagecontrol>
			<itemlayout height="80" width="450">
				<control type="label">
					<posx>50</posx>
					<width>390</width>
					<height>80</height>
					<font>homemenu</font>
					<label>$INFO[ListItem.Label]</label>
				</control>
			</itemlayout>
			<focusedlayout height="80" width="450">
				<control type="label">
					<posx>50</posx>
					<width>390</width>
					<height>80</height>
					<font>homemenu</font>
					<textcolor>Orange</textcolor>
					<label>$INFO[ListItem.Label]</label>
				</control>
				<control type="image">
					<posx>0</posx>
					<posy>13</posy>
					<width>40</width>
					<height>40</height>
					<texture border="5">other_textures/RadioButtonFO.png</texture>
					<animation effect="fade" start="100" end="50" condition="!Control.HasFocus(100)">Conditional</animation>
				</control>
			</focusedlayout>
			<content>
				<item id="1">
					<description>Videofiles</description>
					<label>1214</label>
					<onclick>ActivateWindow(Videos,Files,return)</onclick>
				</item>
				<item id="2">
					<label>15101</label>
					<onclick>ActivateWindow(Videolibrary,MovieTitles,return)</onclick>
				</item>
				<item id="3">
					<label>24001</label>
				<onclick>ActivateWindow(Videos,Addons,return)</onclick>
				</item>
				<item id="4">
					<description>HomeButton</description>
					<label>210</label>
					<onclick>ActivateWindow(home)</onclick>
				</item>
			</content>
		</control>

		
		
		<!-- <control type="group" id="99">
			<posx>510</posx>
			<posy>210</posy>

			<control type="grouplist" id="200">
				<description>Control Area</description>
				<width>1230</width>
				<height>720</height>
				<itemgap>3</itemgap>
				<onup>200</onup>
				<ondown>200</ondown>
				<onleft>100</onleft>
				<onright>-</onright>
				<orientation>vertical</orientation>
				<visible>Container(100).Hasfocus(1)</visible>

				<control type="radiobutton" id="201">
					<description>Background Visualiser</description>
					<width>1230</width>
					<align>left</align>
					<label>31023</label>
					<onclick>Skin.ToggleSetting(NoBackgroundVisualiser)</onclick>
					<selected>Skin.HasSetting(NoBackgroundVisualiser)</selected>
				</control>

				<control type="radiobutton" id="202">
					<description>Background Video</description>
					<width>1230</width>
					<align>left</align>
					<label>31024</label>
					<onclick>Skin.ToggleSetting(NoBackgroundVideo)</onclick>
					<selected>Skin.HasSetting(NoBackgroundVideo)</selected>
				</control>

			</control>

			<control type="grouplist" id="300">
				<description>Control Area</description>
				<width>1230</width>
				<height>720</height>
				<itemgap>3</itemgap>
				<onup>200</onup>
				<ondown>200</ondown>
				<onleft>100</onleft>
				<onright>-</onright>
				<orientation>vertical</orientation>
				<visible>Container(100).Hasfocus(2)</visible>

				<control type="button" id="301">
					<description>Default Button</description>
					<width>1230</width>
					<align>left</align>
					<label>31025</label>
					<onclick>Skin.SetAddon(LyricPath,xbmc.python.lyrics)</onclick>
				</control>

				<control type="button" id="302">
					<description>Default Button</description>
					<width>1230</width>
					<align>left</align>
					<label>31026</label>
					<onclick>Skin.SetAddon(SubtitlePath,xbmc.python.subtitles)</onclick>
				</control>

			</control>

			<control type="grouplist" id="400">
				<description>Control Area</description>
				<width>1230</width>
				<height>720</height>
				<itemgap>3</itemgap>
				<onup>200</onup>
				<ondown>200</ondown>
				<onleft>100</onleft>
				<onright>-</onright>
				<orientation>vertical</orientation>
				<visible>Container(100).Hasfocus(2)</visible>

				<control type="label" id="401">
					<description>Default Button</description>
					<width>1200</width>
					<align>right</align>
					<label>$INFO[Skin.String(LyricPath)]</label>
					<visible>!IsEmpty(Skin.String(LyricPath))</visible>
				</control>

				<control type="label" id="402">
					<description>Default Button</description>
					<width>1200</width>
					<align>right</align>
					<label>CU Lyrics</label>
					<visible>IsEmpty(Skin.String(LyricPath))</visible>
				</control>

				<control type="label" id="403">
					<description>Default Button</description>
					<width>1200</width>
					<align>right</align>
					<label>$INFO[Skin.String(SubtitlesPath)]</label>
					<visible>!IsEmpty(Skin.String(SubtitlesPath))</visible>
				</control>

				<control type="label" id="404">
					<description>Default Button</description>
					<width>1200</width>
					<align>right</align>
					<label>XBMC Subtitles</label>
					<visible>IsEmpty(Skin.String(SubtitlesPath))</visible>
				</control>

			</control>

			<control type="grouplist" id="500">
				<description>Control Area</description>
				<width>1230</width>
				<height>720</height>
				<itemgap>3</itemgap>
				<onup>500</onup>
				<ondown>500</ondown>
				<onleft>100</onleft>
				<onright>-</onright>
				<orientation>vertical</orientation>
				<visible>Container(100).Hasfocus(3)</visible>

				<control type="radiobutton" id="501">
					<description>Enable Debug Grid</description>
					<width>1230</width>
					<align>left</align>
					<label>31034</label>
					<onclick>Skin.ToggleSetting(DebugGrid)</onclick>
					<selected>Skin.HasSetting(DebugGrid)</selected>
				</control>

				<control type="radiobutton" id="502">
					<description>Disable Debug Info</description>
					<width>1230</width>
					<align>left</align>
					<label>31035</label>
					<onclick>Skin.ToggleSetting(HideDebugInfo)</onclick>
					<selected>Skin.HasSetting(HideDebugInfo)</selected>
				</control>

			</control>

		</control> -->

	</controls>

</window>