<window id="1112" type="dialog">
    <defaultcontrol always="true">100</defaultcontrol>
    <include>dialogeffect</include>
    <controls>
        <control type="image">
            <posx>0</posx>
            <posy>0</posy>
            <width>1920</width>
            <height>1080</height>
            <texture border="120,0,0,0">hint-overlay.png</texture>
        </control>
        <control type="image">
            <posx>180</posx>
            <posy>450</posy>
            <width>96</width>
            <height>96</height>
            <texture>arrow-big-left.png</texture>
        </control>
        <control type="image">
            <posx>285</posx>
            <posy>150</posy>
            <width>3</width>
            <height>768</height>
            <texture>separator_vertical.png</texture>
        </control>
        <control type="label">
            <posx>360</posx>
            <posy>225</posy>
            <width>1020</width>
            <height>90</height>
            <font>font35_title</font>
            <textcolor>Blue</textcolor>
            <align>left</align>
            <aligny>center</aligny>
            <label>31411</label>
        </control>
        <control type="textbox">
            <posx>360</posx>
            <posy>360</posy>
            <width>1020</width>
            <height>375</height>
            <font>engsmall</font>
            <textcolor>White</textcolor>
            <align>left</align>
            <label>31412</label>
        </control>
        <control type="button" id="100">
            <description>OK button</description>
            <posx>1080</posx>
            <posy>750</posy>
            <width>300</width>
            <height>60</height>
            <label>12321</label>
            <font>engsmall</font>
            <textcolor>White</textcolor>
            <focusedcolor>White</focusedcolor>
            <align>center</align>
            <onclick>Skin.Setbool(FirstTimeRun)</onclick>
            <onclick>back</onclick>
            <onleft>100</onleft>
            <onright>100</onright>
            <onup>100</onup>
            <ondown>100</ondown>
        </control>
    </controls>
</window>