<window id="1050" type="dialog">
	<defaultcontrol always="true">301</defaultcontrol>
	<allowoverlay>yes</allowoverlay>
	<coordinates>
		<system>1</system>
		<posx>120</posx>
		<posy>170</posy>
	</coordinates>
	<controls>
		<control type="grouplist" id="301">
			<description>Settings HiddenButton for Left Widget</description>
			<posx></posx>
			<posy></posy>
			<width></width>
			<height></height>
			<itemgap></itemgap> <!-- abstand zwischen den labels -->
			<onup></onup>
			<ondown></ondown>
			<onleft>301</onleft>
			<onright>301</onright>
			<orientation>horizontal</orientation>
			<control type="togglebutton" id="1">
				<include>HiddenButton</include>
				<onfocus condition="!Skin.HasSetting(WeatherWidget)">Skin.ToggleSetting(WeatherWidget)</onfocus>
				<onfocus condition="Skin.HasSetting(widget1)">Skin.ToggleSetting(widget1)</onfocus>
				<onfocus condition="Skin.HasSetting(widget2)">Skin.ToggleSetting(widget2)</onfocus>
				<selected>!Skin.HasSetting(WeatherWidget)</selected>
			</control>
			<control type="togglebutton" id="2">
				<include>HiddenButton</include>
				<onfocus condition="!Skin.HasSetting(widget1)">Skin.ToggleSetting(widget1)</onfocus>
				<onfocus condition="Skin.HasSetting(WeatherWidget)">Skin.ToggleSetting(WeatherWidget)</onfocus>
				<onfocus condition="Skin.HasSetting(widget2)">Skin.ToggleSetting(widget2)</onfocus>
				<selected>!Skin.HasSetting(widget1)</selected>
			</control>
			<control type="togglebutton" id="3">
				<include>HiddenButton</include>
				<onfocus condition="!Skin.HasSetting(widget2)">Skin.ToggleSetting(widget2)</onfocus>
				<onfocus condition="Skin.HasSetting(widget1)">Skin.ToggleSetting(widget1)</onfocus>
				<onfocus condition="Skin.HasSetting(WeatherWidget)">Skin.ToggleSetting(WeatherWidget)</onfocus>
				<selected>!Skin.HasSetting(widget2)</selected>
			</control>
		</control>
	</controls>
</window>