<?xml version="1.0" encoding="UTF-8"?>
<!-- Foundation -->
<includes>

	<default type="label">
		<posx>0</posx>
		<posy>0</posy>
		<label>-</label>
		<height>66</height>
		<align>left</align>
		<aligny>center</aligny>
		<font>engmedium</font>
		<textcolor>White</textcolor>
		<focusedcolor>White</focusedcolor>
		<selectedcolor>White</selectedcolor>
		<disabledcolor>Red</disabledcolor>
	</default>

	<default type="fadelabel">
		<posx>0</posx>
		<posy>0</posy>
		<height>66</height>
		<label>-</label>
		<align>left</align>
		<aligny>center</aligny>
		<font>engmedium</font>
		<textcolor>White</textcolor>
		<focusedcolor>White</focusedcolor>
		<selectedcolor>White</selectedcolor>
		<disabledcolor>Red</disabledcolor>
		<scrollout>false</scrollout>
		<pauseatend>2000</pauseatend>
	</default>

	<default type="image">
		<posx>0</posx>
		<posy>0</posy>
		<width>-</width>
		<height>-</height>
		<align>center</align>
		<aligny>center</aligny>
		<texture>-</texture>
	</default>

	<default type="button">
		<posx>0</posx>
		<posy>0</posy>
		<width>450</width>
		<height>66</height>
		<align>center</align>
		<aligny>center</aligny>
		<font>engmedium</font>
		<label>-</label>
		<textoffsetx>30</textoffsetx>
		<textcolor>White</textcolor>
		<focusedcolor>White</focusedcolor>
		<disabledcolor>Red</disabledcolor>
		<texturefocus border="5">other_textures/ButtonFo.png</texturefocus>
		<texturenofocus border="2">other_textures/ButtonNF.png</texturenofocus>
		<pulseonselect>false</pulseonselect>
	</default>

	<default type="togglebutton">
		<posx>0</posx>
		<posy>0</posy>
		<width>450</width>
		<height>66</height>
		<label>-</label>
		<textoffsetx>30</textoffsetx>
		<font>engmedium</font>
		<textcolor>White</textcolor>
		<focusedcolor>White</focusedcolor>
		<disabledcolor>Red</disabledcolor>
		<texturenofocus border="2">other_textures/ButtonNF.png</texturenofocus>
		<texturefocus border="5">other_textures/ButtonFo.png</texturefocus>
		<alttexturenofocus border="2">other_textures/ButtonNF.png</alttexturenofocus>
		<alttexturefocus border="5">other_textures/ButtonFo.png</alttexturefocus>
		<align>center</align>
		<aligny>center</aligny>
		<pulseonselect>false</pulseonselect>
	</default>

	<default type="radiobutton">
		<posx>0</posx>
		<posy>0</posy>
		<width>450</width>
		<height>66</height>
		<align>center</align>
		<aligny>center</aligny>
		<font>engmedium</font>
		<label>-</label>
		<textcolor>White</textcolor>
		<focusedcolor>White</focusedcolor>
		<disabledcolor>Red</disabledcolor>
		<radiowidth>45</radiowidth>
		<radioheight>45</radioheight>
		<texturenofocus border="2">other_textures/ButtonNF.png</texturenofocus>
		<texturefocus border="5">other_textures/ButtonFo.png</texturefocus>
		<textureradiofocus>other_textures/RadiobuttonFo.png</textureradiofocus>
		<textureradionofocus>other_textures/RadiobuttonNF.png</textureradionofocus>
		<textoffsetx>30</textoffsetx>
		<pulseonselect>false</pulseonselect>
	</default>

	<default type="spincontrolex">
		<posx>0</posx>
		<posy>0</posy>
		<width>450</width>
		<height>66</height>
		<label>-</label>
		<font>engmedium</font>
		<spinwidth>39</spinwidth>
		<spinheight>39</spinheight>
		<texturenofocus border="2">other_textures/ButtonNF.png</texturenofocus>
		<texturefocus border="5">other_textures/ButtonFo.png</texturefocus>
		<textureup>other_textures/ArrowUpNF.png</textureup>
		<textuRedown>other_textures/ArrowDownNF.png</textuRedown>
		<textureupfocus>other_textures/ArrowUpFo.png</textureupfocus>
		<textuRedownfocus>other_textures/ArrowDownFo.png</textuRedownfocus>
		<textcolor>White</textcolor>
		<focusedcolor>White</focusedcolor>
		<disabledcolor>Red</disabledcolor>
		<textoffsetx>30</textoffsetx>
		<align>left</align>
		<aligny>center</aligny>
		<reverse>yes</reverse>
		<pulseonselect>false</pulseonselect>
	</default>

	<default type="spincontrol">
		<posx>0</posx>
		<posy>0</posy>
		<height>23</height>
		<width>23</width>
		<spinwidth>39</spinwidth>
		<spinheight>39</spinheight>
		<textureup>other_textures/ArrowUpNF.png</textureup>
		<textuRedown>other_textures/ArrowDownNF.png</textuRedown>
		<textureupfocus>other_textures/ArrowUpFo.png</textureupfocus>
		<textuRedownfocus>other_textures/ArrowDownFo.png</textuRedownfocus>
		<font>engmedium</font>
		<textcolor>White</textcolor>
		<focusedcolor>White</focusedcolor>
		<disabledcolor>Red</disabledcolor>
		<textoffsetx>30</textoffsetx>
		<align>left</align>
		<aligny>center</aligny>
		<reverse>yes</reverse>
		<pulseonselect>false</pulseonselect>
	</default>

	<default type="sliderex">
		<posx>0</posx>
		<posy>0</posy>
		<height>66</height>
		<width>450</width>
		<texturenofocus border="2">other_textures/ButtonNF.png</texturenofocus>
		<texturefocus border="5">other_textures/ButtonFO.png</texturefocus>
		<sliderwidth>230</sliderwidth>
		<sliderheight>23</sliderheight>
		<texturesliderbar>other_textures/OSD/slider_bg.png</texturesliderbar>
		<textureslidernib border="2">other_textures/OSD/SliderNibNF.png</textureslidernib>
		<textureslidernibfocus border="2">other_textures/OSD/SliderNibFO.png</textureslidernibfocus>
		<font>engmedium</font>
		<textcolor>White</textcolor>
		<focusedcolor>White</focusedcolor>
		<disabledcolor>Red</disabledcolor>
		<textoffsetx>30</textoffsetx>
		<textoffsety>0</textoffsety>
	</default>

	<default type="progress">
		<posx>345</posx>
		<posy>488</posy>
		<texturebg border="6">other_textures/OSD/ProgressBack.png</texturebg>
		<lefttexture>-</lefttexture>
		<midtexture border="6">other_textures/OSD/ProgressMid.png</midtexture>
		<righttexture>-</righttexture>
		<overlaytexture>-</overlaytexture>
	</default>

	<default type="slider">
		<posx>0</posx>
		<posy>0</posy>
		<width>360</width>
		<height>23</height>
		<texturefocus>-</texturefocus>
		<texturenofocus>-</texturenofocus>
		<texturesliderbar>other_textures/OSD/slider_bg_2.png</texturesliderbar>
		<textureslidernib border="2">other_textures/OSD/SliderNibNF.png</textureslidernib>
		<textureslidernibfocus border="2">other_textures/OSD/SliderNibFO.png</textureslidernibfocus>
	</default>

	<default type="scrollbar">
		<width>38</width>
		<texturesliderbackground border="0,14,0,14">other_textures/ScrollBarV.png</texturesliderbackground>
		<texturesliderbar border="0,14,0,14">other_textures/ScrollBarV_bar_focus.png</texturesliderbar>
		<texturesliderbarfocus border="0,14,0,14">other_textures/ScrollBarV_bar_focus.png</texturesliderbarfocus>
		<textureslidernib>other_textures/ScrollBarNib.png</textureslidernib>
		<textureslidernibfocus>other_textures/ScrollBarNib.png</textureslidernibfocus>
		<showonepage>true</showonepage>
		<orientation>vertical</orientation>
	</default>

	<default type="textbox">
		<label>-</label>
		<font>engmedium</font>
		<textcolor>White</textcolor>
		<shadowcolor>-</shadowcolor>
		<pagecontrol>61</pagecontrol>
		<autoscroll delay="6000" time="3000" repeat="10000"/>
	</default>

</includes>