<window>
    <defaultcontrol always="true">9</defaultcontrol>
    <coordinates>
        <system>1</system>
        <posx>360</posx>
        <posy>90</posy>
    </coordinates>
    <include>dialogeffect</include>
    <controls>
        <control type="image">
            <description>background image</description>
            <posx>0</posx>
            <posy>0</posy>
            <width>1200</width>
            <height>900</height>
            <texture border="40">DialogBack.png</texture>
            <visible>![Window.IsVisible(FullscreenVideo) | Window.IsVisible(Visualisation)]</visible>
        </control>
        <control type="image">
            <description>background image</description>
            <posx>0</posx>
            <posy>0</posy>
            <width>1200</width>
            <height>900</height>
            <texture border="40">DialogBack2.png</texture>
            <visible>Window.IsVisible(FullscreenVideo) | Window.IsVisible(Visualisation)</visible>
        </control>
        <control type="image">
            <description>Dialog Header image</description>
            <posx>60</posx>
            <posy>24</posy>
            <width>1080</width>
            <height>60</height>
            <texture>dialogheader.png</texture>
        </control>
        <control type="label" id="20">
            <description>header label</description>
            <posx>60</posx>
            <posy>30</posy>
            <width>1080</width>
            <height>45</height>
            <font>engsmall</font>
            <label>-</label>
            <align>center</align>
            <aligny>center</aligny>
            <textcolor>selected</textcolor>
            <shadowcolor>Black</shadowcolor>
        </control>
        <control type="button">
            <description>Close Window button</description>
            <posx>1065</posx>
            <posy>22</posy>
            <width>96</width>
            <height>48</height>
            <label>-</label>
            <font>-</font>
            <onclick>PreviousMenu</onclick>
            <texturefocus>DialogCloseButton-focus.png</texturefocus>
            <texturenofocus>DialogCloseButton.png</texturenofocus>
            <onleft>3</onleft>
            <onright>3</onright>
            <onup>3</onup>
            <ondown>3</ondown>
            <visible>system.getbool(input.enablemouse)</visible>
        </control>
        <control type="grouplist" id="9">
            <description>button area</description>
            <posx>68</posx>
            <posy>105</posy>
            <width>1065</width>
            <height>60</height>
            <itemgap>8</itemgap>
            <align>center</align>
            <orientation>horizontal</orientation>
            <onleft>9</onleft>
            <onright>9</onright>
            <onup>2</onup>
            <ondown>2</ondown>
        </control>
        <control type="image">
            <description>Has Previous</description>
            <posx>38</posx>
            <posy>120</posy>
            <width>30</width>
            <height>30</height>
            <texture>scroll-left-focus.png</texture>
            <visible>Container(9).HasPrevious</visible>
        </control>
        <control type="image">
            <description>Has Next</description>
            <posx>1132</posx>
            <posy>120</posy>
            <width>30</width>
            <height>30</height>
            <texture>scroll-right-focus.png</texture>
            <visible>Container(9).HasNext</visible>
        </control>
        <control type="grouplist" id="2">
            <description>control area</description>
            <posx>60</posx>
            <posy>180</posy>
            <width>1080</width>
            <height>570</height>
            <itemgap>8</itemgap>
            <pagecontrol>30</pagecontrol>
            <onup>9</onup>
            <ondown>9001</ondown>
            <onleft>2</onleft>
            <onright>30</onright>
        </control>
        <control type="scrollbar" id="30">
            <posx>1148</posx>
            <posy>180</posy>
            <width>38</width>
            <height>570</height>
            <texturesliderbackground border="0,14,0,14">ScrollBarV.png</texturesliderbackground>
            <texturesliderbar border="2,16,2,16">ScrollBarV_bar.png</texturesliderbar>
            <texturesliderbarfocus border="2,16,2,16">ScrollBarV_bar_focus.png</texturesliderbarfocus>
            <textureslidernib>ScrollBarNib.png</textureslidernib>
            <textureslidernibfocus>ScrollBarNib.png</textureslidernibfocus>
            <onleft>2</onleft>
            <onright>9</onright>
            <showonepage>false</showonepage>
            <orientation>vertical</orientation>
        </control>
        <control type="group" id="9001">
            <posy>802</posy>
            <posx>135</posx>
            <control type="button" id="10">
                <description>OK Button</description>
                <posx>0</posx>
                <posy>0</posy>
                <width>300</width>
                <height>60</height>
                <align>center</align>
                <aligny>center</aligny>
                <font>engsmall</font>
                <label>186</label>
                <onleft>12</onleft>
                <onright>11</onright>
                <onup>2</onup>
                <ondown>9</ondown>
            </control>
            <control type="button" id="11">
                <description>Cancel Button</description>
                <posx>315</posx>
                <posy>0</posy>
                <width>300</width>
                <height>60</height>
                <align>center</align>
                <aligny>center</aligny>
                <font>engsmall</font>
                <label>222</label>
                <onleft>10</onleft>
                <onright>12</onright>
                <onup>2</onup>
                <ondown>9</ondown>
            </control>
            <control type="button" id="12">
                <description>Defaults Button</description>
                <posx>630</posx>
                <posy>0</posy>
                <width>300</width>
                <height>60</height>
                <align>center</align>
                <aligny>center</aligny>
                <font>engsmall</font>
                <label>409</label>
                <onleft>11</onleft>
                <onright>10</onright>
                <onup>2</onup>
                <ondown>9</ondown>
            </control>
        </control>
        <control type="button" id="13">
            <description>Default Category Button</description>
            <height>60</height>
            <width>260</width>
            <align>center</align>
            <aligny>center</aligny>
            <font>engsmall</font>
            <textcolor>White</textcolor>
            <pulseonselect>false</pulseonselect>
        </control>
        <control type="button" id="3">
            <description>Default Button</description>
            <height>60</height>
            <font>engsmall</font>
            <textcolor>Grey2</textcolor>
            <focusedcolor>White</focusedcolor>
            <texturefocus border="5">button-focus2.png</texturefocus>
        </control>
        <control type="radiobutton" id="4">
            <description>Default RadioButton</description>
            <height>60</height>
            <font>engsmall</font>
            <textcolor>Grey2</textcolor>
            <focusedcolor>White</focusedcolor>
            <texturefocus border="5">button-focus2.png</texturefocus>
        </control>
        <control type="spincontrolex" id="5">
            <description>Default spincontrolex</description>
            <height>60</height>
            <textcolor>Grey2</textcolor>
            <focusedcolor>White</focusedcolor>
            <texturenofocus border="5">button-nofocus.png</texturenofocus>
            <texturefocus border="5">button-focus2.png</texturefocus>
            <font>engsmall</font>
            <aligny>center</aligny>
            <reverse>yes</reverse>
        </control>
        <control type="label" id="7">
            <height>52</height>
            <font>engsmall</font>
            <label>-</label>
            <textcolor>Blue</textcolor>
            <shadowcolor>Black</shadowcolor>
            <align>left</align>
            <aligny>center</aligny>
        </control>
        <control type="image" id="6">
            <description>Default Seperator</description>
            <height>3</height>
            <texture>separator2.png</texture>
        </control>
        <control type="sliderex" id="8">
            <description>Default Slider</description>
            <height>60</height>
            <font>engsmall</font>
            <textcolor>Grey2</textcolor>
            <focusedcolor>White</focusedcolor>
            <texturefocus border="5">button-focus2.png</texturefocus>
        </control>
    </controls>
</window>