<window>
    <defaultcontrol>10</defaultcontrol>
    <coordinates>
        <system>1</system>
        <posx>360</posx>
        <posy>202</posy>
    </coordinates>
    <include>dialogeffect</include>
    <controls>
        <control type="image">
            <description>background image</description>
            <posx>0</posx>
            <posy>0</posy>
            <width>1200</width>
            <height>660</height>
            <texture border="40">DialogBack.png</texture>
        </control>
        <control type="image">
            <description>Dialog Header image</description>
            <posx>60</posx>
            <posy>24</posy>
            <width>1080</width>
            <height>60</height>
            <texture>dialogheader.png</texture>
        </control>
        <control type="label" id="2">
            <description>header label</description>
            <posx>60</posx>
            <posy>30</posy>
            <width>1080</width>
            <height>45</height>
            <font>engsmall</font>
            <label>$LOCALIZE[1007]</label>
            <align>center</align>
            <aligny>center</aligny>
            <textcolor>selected</textcolor>
            <shadowcolor>Black</shadowcolor>
        </control>
        <control type="button">
            <description>Close Window button</description>
            <posx>1065</posx>
            <posy>22</posy>
            <width>96</width>
            <height>48</height>
            <label>-</label>
            <font>-</font>
            <onclick>PreviousMenu</onclick>
            <texturefocus>DialogCloseButton-focus.png</texturefocus>
            <texturenofocus>DialogCloseButton.png</texturenofocus>
            <onleft>10</onleft>
            <onright>10</onright>
            <onup>10</onup>
            <ondown>10</ondown>
            <visible>system.getbool(input.enablemouse)</visible>
        </control>
        <control type="spincontrolex" id="10">
            <description>Protocol SpinControl</description>
            <posx>45</posx>
            <posy>105</posy>
            <height>60</height>
            <width>1110</width>
            <texturefocus border="5">button-focus2.png</texturefocus>
            <texturenofocus border="5">button-nofocus.png</texturenofocus>
            <textcolor>White</textcolor>
            <disabledcolor>Grey3</disabledcolor>
            <textoffsetx>18</textoffsetx>
            <aligny>center</aligny>
            <reverse>yes</reverse>
            <font>engsmall2</font>
            <label>1008</label>
            <onup>18</onup>
            <ondown>11</ondown>
            <onleft>10</onleft>
            <onright>10</onright>
        </control>
        <control type="button" id="11">
            <description>Server Address Button</description>
            <posx>45</posx>
            <posy>172</posy>
            <width>848</width>
            <height>60</height>
            <textoffsetx>18</textoffsetx>
            <aligny>center</aligny>
            <texturefocus border="5">button-focus2.png</texturefocus>
            <font>engsmall</font>
            <label>-</label>
            <onup>10</onup>
            <onleft>12</onleft>
            <onright>12</onright>
            <ondown>16</ondown>
        </control>
        <control type="button" id="12">
            <description>Server Browse Button</description>
            <posx>900</posx>
            <posy>172</posy>
            <width>255</width>
            <height>60</height>
            <textoffsetx>18</textoffsetx>
            <font>engsmall</font>
            <label>1024</label>
            <align>center</align>
            <aligny>center</aligny>
            <onup>10</onup>
            <onleft>11</onleft>
            <onright>11</onright>
            <ondown>16</ondown>
        </control>
        <control type="button" id="16">
            <description>Remote path Button</description>
            <posx>45</posx>
            <posy>240</posy>
            <width>1110</width>
            <height>60</height>
            <textoffsetx>18</textoffsetx>
            <aligny>center</aligny>
            <texturefocus border="5">button-focus2.png</texturefocus>
            <font>engsmall</font>
            <label>-</label>
            <onup>11</onup>
            <onleft>16</onleft>
            <onright>16</onright>
            <ondown>13</ondown>
        </control>
        <control type="button" id="13">
            <description>Port Button</description>
            <posx>45</posx>
            <posy>308</posy>
            <width>1110</width>
            <height>60</height>
            <textoffsetx>18</textoffsetx>
            <aligny>center</aligny>
            <texturefocus border="5">button-focus2.png</texturefocus>
            <font>engsmall</font>
            <label>1013</label>
            <onup>16</onup>
            <onleft>13</onleft>
            <onright>13</onright>
            <ondown>14</ondown>
        </control>
        <control type="button" id="14">
            <description>Username Button</description>
            <posx>45</posx>
            <posy>375</posy>
            <width>1110</width>
            <height>60</height>
            <textoffsetx>18</textoffsetx>
            <aligny>center</aligny>
            <texturefocus border="5">button-focus2.png</texturefocus>
            <font>engsmall</font>
            <label>1014</label>
            <onup>13</onup>
            <onleft>14</onleft>
            <onright>14</onright>
            <ondown>15</ondown>
        </control>
        <control type="button" id="15">
            <description>Password Button</description>
            <posx>45</posx>
            <posy>442</posy>
            <width>1110</width>
            <height>60</height>
            <textoffsetx>18</textoffsetx>
            <aligny>center</aligny>
            <texturefocus border="5">button-focus2.png</texturefocus>
            <font>engsmall</font>
            <label>15052</label>
            <onup>14</onup>
            <onleft>15</onleft>
            <onright>15</onright>
            <ondown>18</ondown>
        </control>
        <control type="button" id="18">
            <description>Ok Button</description>
            <posx>292</posx>
            <posy>562</posy>
            <width>300</width>
            <height>60</height>
            <align>center</align>
            <aligny>center</aligny>
            <font>engsmall</font>
            <label>186</label>
            <onup>15</onup>
            <onleft>19</onleft>
            <onright>19</onright>
            <ondown>10</ondown>
        </control>
        <control type="button" id="19">
            <description>Cancel Button</description>
            <posx>608</posx>
            <posy>562</posy>
            <width>300</width>
            <height>60</height>
            <align>center</align>
            <aligny>center</aligny>
            <font>engsmall</font>
            <label>222</label>
            <onup>15</onup>
            <onleft>18</onleft>
            <onright>18</onright>
            <ondown>10</ondown>
        </control>
    </controls>
</window>