<window>
    <defaultcontrol>10</defaultcontrol>
    <coordinates>
        <system>1</system>
        <posx>360</posx>
        <posy>150</posy>
    </coordinates>
    <include>dialogeffect</include>
    <controls>
        <control type="image">
            <description>background image</description>
            <posx>0</posx>
            <posy>0</posy>
            <width>1200</width>
            <height>750</height>
            <texture border="40">DialogBack.png</texture>
        </control>
        <control type="image">
            <description>Dialog Header image</description>
            <posx>60</posx>
            <posy>24</posy>
            <width>1080</width>
            <height>60</height>
            <texture>dialogheader.png</texture>
        </control>
        <control type="label" id="2">
            <description>header label</description>
            <posx>60</posx>
            <posy>30</posy>
            <width>1080</width>
            <height>45</height>
            <font>engsmall</font>
            <label>$LOCALIZE[13406]</label>
            <align>center</align>
            <aligny>center</aligny>
            <textcolor>selected</textcolor>
            <shadowcolor>Black</shadowcolor>
        </control>
        <control type="button">
            <description>Close Window button</description>
            <posx>1065</posx>
            <posy>22</posy>
            <width>96</width>
            <height>48</height>
            <label>-</label>
            <font>-</font>
            <onclick>PreviousMenu</onclick>
            <texturefocus>DialogCloseButton-focus.png</texturefocus>
            <texturenofocus>DialogCloseButton.png</texturenofocus>
            <onleft>10</onleft>
            <onright>10</onright>
            <onup>10</onup>
            <ondown>10</ondown>
            <visible>system.getbool(input.enablemouse)</visible>
        </control>
        <control type="label">
            <description>path label</description>
            <posx>30</posx>
            <posy>98</posy>
            <width>1140</width>
            <height>45</height>
            <align>center</align>
            <aligny>center</aligny>
            <font>engsmall</font>
            <label>1021</label>
            <textcolor>Blue</textcolor>
            <shadowcolor>Black</shadowcolor>
        </control>
        <control type="list" id="10">
            <posx>45</posx>
            <posy>158</posy>
            <width>788</width>
            <height>338</height>
            <onup>9001</onup>
            <onleft>9000</onleft>
            <onright>60</onright>
            <ondown>12</ondown>
            <pagecontrol>60</pagecontrol>
            <scrolltime>200</scrolltime>
            <itemlayout height="68">
                <control type="image">
                    <posx>0</posx>
                    <posy>0</posy>
                    <width>788</width>
                    <height>60</height>
                    <texture border="5">button-nofocus.png</texture>
                </control>
                <control type="label">
                    <posx>15</posx>
                    <posy>0</posy>
                    <width>735</width>
                    <height>60</height>
                    <font>engsmall</font>
                    <align>left</align>
                    <aligny>center</aligny>
                    <textcolor>Grey2</textcolor>
                    <selectedcolor>selected</selectedcolor>
                    <info>ListItem.Label</info>
                </control>
            </itemlayout>
            <focusedlayout height="68">
                <control type="image">
                    <posx>0</posx>
                    <posy>0</posy>
                    <width>788</width>
                    <height>60</height>
                    <visible>!Control.HasFocus(10)</visible>
                    <texture border="5">button-nofocus.png</texture>
                </control>
                <control type="image">
                    <posx>0</posx>
                    <posy>0</posy>
                    <width>788</width>
                    <height>62</height>
                    <visible>Control.HasFocus(10)</visible>
                    <texture border="5">button-focus2.png</texture>
                </control>
                <control type="label">
                    <posx>15</posx>
                    <posy>0</posy>
                    <width>735</width>
                    <height>60</height>
                    <font>engsmall</font>
                    <align>left</align>
                    <aligny>center</aligny>
                    <selectedcolor>selected</selectedcolor>
                    <info>ListItem.Label</info>
                </control>
            </focusedlayout>
        </control>
        <control type="scrollbar" id="60">
            <posx>832</posx>
            <posy>158</posy>
            <width>38</width>
            <height>338</height>
            <texturesliderbackground border="0,14,0,14">ScrollBarV.png</texturesliderbackground>
            <texturesliderbar border="0,14,0,14">ScrollBarV_bar.png</texturesliderbar>
            <texturesliderbarfocus border="0,14,0,14">ScrollBarV_bar_focus.png</texturesliderbarfocus>
            <textureslidernib>ScrollBarNib.png</textureslidernib>
            <textureslidernibfocus>ScrollBarNib.png</textureslidernibfocus>
            <onleft>10</onleft>
            <onright>9000</onright>
            <showonepage>false</showonepage>
            <orientation>vertical</orientation>
        </control>
        <control type="group" id="9000">
            <posx>870</posx>
            <posy>158</posy>
            <control type="button" id="11">
                <description>Browse Button</description>
                <posx>0</posx>
                <posy>0</posy>
                <width>285</width>
                <height>60</height>
                <label>1024</label>
                <font>engsmall</font>
                <align>center</align>
                <aligny>center</aligny>
                <texturenofocus border="5">button-nofocus.png</texturenofocus>
                <texturefocus border="5">button-focus.png</texturefocus>
                <onup>18</onup>
                <onleft>60</onleft>
                <onright>10</onright>
                <ondown>13</ondown>
            </control>
            <control type="button" id="13">
                <description>Add Path Button</description>
                <posx>0</posx>
                <posy>68</posy>
                <width>285</width>
                <height>60</height>
                <label>15019</label>
                <font>engsmall</font>
                <align>center</align>
                <aligny>center</aligny>
                <texturenofocus border="5">button-nofocus.png</texturenofocus>
                <texturefocus border="5">button-focus.png</texturefocus>
                <onup>11</onup>
                <onleft>60</onleft>
                <onright>10</onright>
                <ondown>14</ondown>
            </control>
            <control type="button" id="14">
                <description>Remove Path Button</description>
                <posx>0</posx>
                <posy>135</posy>
                <width>285</width>
                <height>60</height>
                <label>1210</label>
                <font>engsmall</font>
                <align>center</align>
                <aligny>center</aligny>
                <texturenofocus border="5">button-nofocus.png</texturenofocus>
                <texturefocus border="5">button-focus.png</texturefocus>
                <onup>13</onup>
                <onleft>60</onleft>
                <onright>10</onright>
                <ondown>12</ondown>
            </control>
        </control>
        <control type="label">
            <description>Name label</description>
            <posx>45</posx>
            <posy>502</posy>
            <width>1110</width>
            <height>45</height>
            <align>center</align>
            <aligny>center</aligny>
            <font>engsmall</font>
            <label>1022</label>
            <textcolor>Blue</textcolor>
            <shadowcolor>Black</shadowcolor>
        </control>
        <control type="button" id="12">
            <description>Name Button</description>
            <posx>45</posx>
            <posy>555</posy>
            <width>1110</width>
            <height>60</height>
            <align>center</align>
            <aligny>center</aligny>
            <label>-</label>
            <font>engsmall</font>
            <texturefocus border="5">button-focus2.png</texturefocus>
            <texturenofocus border="5">button-nofocus.png</texturenofocus>
            <onup>10</onup>
            <onleft>12</onleft>
            <onright>19</onright>
            <ondown>9001</ondown>
        </control>
        <control type="group" id="9001">
            <posx>285</posx>
            <posy>652</posy>
            <control type="button" id="18">
                <description>Ok Button</description>
                <posx>0</posx>
                <posy>0</posy>
                <width>300</width>
                <height>60</height>
                <align>center</align>
                <aligny>center</aligny>
                <texturenofocus border="5">button-nofocus.png</texturenofocus>
                <texturefocus border="5">button-focus.png</texturefocus>
                <label>186</label>
                <font>engsmall</font>
                <onup>12</onup>
                <onleft>19</onleft>
                <onright>19</onright>
                <ondown>10</ondown>
            </control>
            <control type="button" id="19">
                <description>Cancel Button</description>
                <posx>315</posx>
                <posy>0</posy>
                <width>300</width>
                <height>60</height>
                <align>center</align>
                <aligny>center</aligny>
                <texturenofocus border="5">button-nofocus.png</texturenofocus>
                <texturefocus border="5">button-focus.png</texturefocus>
                <label>222</label>
                <font>engsmall</font>
                <onup>12</onup>
                <onleft>18</onleft>
                <onright>18</onright>
                <ondown>10</ondown>
            </control>
        </control>
    </controls>
</window>