<window>
    <defaultcontrol>11</defaultcontrol>
    <animation effect="slide" start="0,-120" end="0,0" time="100">WindowOpen</animation>
    <animation effect="slide" start="0,0" end="0,-180" time="100">WindowClose</animation>
    <coordinates>
        <system>1</system>
        <posx>608</posx>
        <posy>0</posy>
    </coordinates>
    <controls>
        <control type="image">
            <posx>0</posx>
            <posy>-15</posy>
            <width>690</width>
            <height>120</height>
            <texture flipy="true" border="20,2,20,20">InfoMessagePanel.png</texture>
        </control>
        <control type="label" id="10">
            <description>Dialog header</description>
            <posx>30</posx>
            <posy>15</posy>
            <width>345</width>
            <height>30</height>
            <align>left</align>
            <aligny>center</aligny>
            <font>engsmall</font>
            <textcolor>Blue</textcolor>
        </control>
        <control type="label" id="12">
            <description>Slider Value</description>
            <posx>660</posx>
            <posy>15</posy>
            <width>330</width>
            <height>30</height>
            <align>right</align>
            <aligny>center</aligny>
            <font>engsmall</font>
            <textcolor>White</textcolor>
        </control>
        <control type="slider" id="11">
            <description>Slider</description>
            <posx>30</posx>
            <posy>52</posy>
            <width>630</width>
            <height>30</height>
            <aligny>center</aligny>
            <texturefocus>-</texturefocus>
            <texturenofocus>-</texturenofocus>
            <texturesliderbar>osd_slider_bg_2.png</texturesliderbar>
            <textureslidernib>osd_slider_nibNF.png</textureslidernib>
            <textureslidernibfocus>osd_slider_nib.png</textureslidernibfocus>
            <onup>11</onup>
            <ondown>11</ondown>
            <onleft>11</onleft>
            <onright>11</onright>
        </control>
    </controls>
</window>