<window>
    <defaultcontrol always="true">9000</defaultcontrol>
    <coordinates>
        <system>1</system>
        <posx>278</posx>
        <posy>90</posy>
        <origin x="185" y="10">!IsEmpty(ListItem.Property(Addon.broken))</origin>
    </coordinates>
    <include>dialogeffect</include>
    <controls>
        <control type="group">
            <include>VisibleFadeEffect</include>
            <visible>!Window.isVisible(AddonSettings) + !Window.IsActive(TextViewer)</visible>
            <control type="image">
                <description>background image</description>
                <posx>0</posx>
                <posy>0</posy>
                <width>1380</width>
                <height>900</height>
                <texture border="40">DialogBack.png</texture>
            </control>
            <control type="image">
                <description>Dialog Header image</description>
                <posx>60</posx>
                <posy>24</posy>
                <width>1260</width>
                <height>60</height>
                <texture>dialogheader.png</texture>
            </control>
            <control type="label">
                <description>header label</description>
                <posx>60</posx>
                <posy>30</posy>
                <width>1260</width>
                <height>45</height>
                <font>engsmall</font>
                <label>$LOCALIZE[24003]</label>
                <align>center</align>
                <aligny>center</aligny>
                <textcolor>selected</textcolor>
                <shadowcolor>Black</shadowcolor>
            </control>
            <control type="button">
                <description>Close Window button</description>
                <posx>1245</posx>
                <posy>22</posy>
                <width>96</width>
                <height>48</height>
                <label>-</label>
                <font>-</font>
                <onclick>PreviousMenu</onclick>
                <texturefocus>DialogCloseButton-focus.png</texturefocus>
                <texturenofocus>DialogCloseButton.png</texturenofocus>
                <onleft>3</onleft>
                <onright>3</onright>
                <onup>3</onup>
                <ondown>3</ondown>
                <visible>system.getbool(input.enablemouse)</visible>
            </control>
            <control type="image">
                <posx>45</posx>
                <posy>105</posy>
                <width>330</width>
                <height>330</height>
                <aspectratio>keep</aspectratio>
                <texture>$INFO[ListItem.Icon]</texture>
                <bordertexture border="8">ThumbShadow.png</bordertexture>
                <bordersize>8</bordersize>
            </control>
            <control type="label">
                <description>Addon Title value</description>
                <posx>420</posx>
                <posy>120</posy>
                <width>870</width>
                <height>45</height>
                <align>left</align>
                <aligny>center</aligny>
                <font>engsmall</font>
                <label>[B]$INFO[ListItem.Property(Addon.Name)][/B]</label>
                <textcolor>White</textcolor>
                <scroll>true</scroll>
            </control>
            <control type="group">
                <posx>405</posx>
                <posy>195</posy>
                <control type="label">
                    <description>Type txt</description>
                    <posx>225</posx>
                    <posy>0</posy>
                    <width>210</width>
                    <height>38</height>
                    <label>$LOCALIZE[146]</label>
                    <align>right</align>
                    <aligny>center</aligny>
                    <font>engsmall</font>
                    <textcolor>Blue</textcolor>
                </control>
                <control type="label">
                    <description>Type Value</description>
                    <posx>240</posx>
                    <posy>0</posy>
                    <width>660</width>
                    <height>38</height>
                    <label fallback="416">$INFO[ListItem.Property(Addon.Type)]</label>
                    <align>left</align>
                    <aligny>center</aligny>
                    <font>engsmall</font>
                    <scroll>true</scroll>
                </control>
                <control type="label">
                    <description>Author txt</description>
                    <posx>225</posx>
                    <posy>45</posy>
                    <width>210</width>
                    <height>38</height>
                    <label>$LOCALIZE[21863]:</label>
                    <align>right</align>
                    <aligny>center</aligny>
                    <font>engsmall</font>
                    <textcolor>Blue</textcolor>
                </control>
                <control type="label">
                    <description>Author Value</description>
                    <posx>240</posx>
                    <posy>45</posy>
                    <width>660</width>
                    <height>38</height>
                    <label fallback="416">$INFO[ListItem.Property(Addon.Creator)]</label>
                    <align>left</align>
                    <aligny>center</aligny>
                    <font>engsmall</font>
                    <scroll>true</scroll>
                </control>
                <control type="label">
                    <description>Version txt</description>
                    <posx>225</posx>
                    <posy>90</posy>
                    <width>210</width>
                    <height>38</height>
                    <label>$LOCALIZE[24051]</label>
                    <align>right</align>
                    <aligny>center</aligny>
                    <font>engsmall</font>
                    <textcolor>Blue</textcolor>
                </control>
                <control type="label">
                    <description>Version Value</description>
                    <posx>240</posx>
                    <posy>90</posy>
                    <width>660</width>
                    <height>38</height>
                    <label fallback="416">$INFO[ListItem.Property(Addon.Version)]</label>
                    <align>left</align>
                    <aligny>center</aligny>
                    <font>engsmall</font>
                    <scroll>true</scroll>
                </control>
                <control type="label">
                    <description>Rating txt</description>
                    <posx>225</posx>
                    <posy>135</posy>
                    <width>210</width>
                    <height>38</height>
                    <label>$LOCALIZE[563]:</label>
                    <align>right</align>
                    <aligny>center</aligny>
                    <font>engsmall</font>
                    <textcolor>Blue</textcolor>
                </control>
                <control type="image">
                    <description>Rating value</description>
                    <posx>232</posx>
                    <posy>135</posy>
                    <width>240</width>
                    <height>48</height>
                    <aspectratio align="left">keep</aspectratio>
                    <texture fallback="LeftRating/rating0.png">$INFO[ListItem.Property(Addon.StarRating),LeftRating/]</texture>
                </control>
                <control type="label">
                    <description>Summary txt</description>
                    <posx>225</posx>
                    <posy>180</posy>
                    <width>210</width>
                    <height>38</height>
                    <label>$LOCALIZE[20037]:</label>
                    <align>right</align>
                    <aligny>center</aligny>
                    <font>engsmall</font>
                    <textcolor>Blue</textcolor>
                </control>
                <control type="fadelabel">
                    <description>Summary Value</description>
                    <posx>240</posx>
                    <posy>180</posy>
                    <width>660</width>
                    <height>38</height>
                    <label fallback="416">$INFO[ListItem.Property(Addon.Summary)]</label>
                    <align>left</align>
                    <aligny>center</aligny>
                    <font>engsmall</font>
                    <scrollout>false</scrollout>
                    <pauseatend>2000</pauseatend>
                </control>
                <control type="image">
                    <posx>0</posx>
                    <posy>240</posy>
                    <width>900</width>
                    <height>6</height>
                    <texture>separator.png</texture>
                </control>
                <control type="label">
                    <description>Description txt</description>
                    <posx>0</posx>
                    <posy>255</posy>
                    <width>450</width>
                    <height>38</height>
                    <label>$LOCALIZE[21821]</label>
                    <align>left</align>
                    <aligny>center</aligny>
                    <font>engsmall</font>
                    <textcolor>Blue</textcolor>
                </control>
                <control type="group">
                    <visible>!IsEmpty(ListItem.Property(Addon.Disclaimer))</visible>
                    <control type="label">
                        <description>Description Page Count</description>
                        <posx>915</posx>
                        <posy>255</posy>
                        <width>450</width>
                        <height>38</height>
                        <label>$INFO[Container(400).CurrentPage, $LOCALIZE[31024] [COLOR=Blue]([/COLOR]]$INFO[Container(400).NumPages,/,[COLOR=Blue])[/COLOR]]</label>
                        <align>right</align>
                        <aligny>center</aligny>
                        <font>engsmall</font>
                        <textcolor>Grey</textcolor>
                    </control>
                    <control type="textbox" id="400">
                        <description>Description</description>
                        <posx>15</posx>
                        <posy>292</posy>
                        <width>900</width>
                        <height>240</height>
                        <font>engsmall</font>
                        <align>justify</align>
                        <textcolor>White</textcolor>
                        <label>$INFO[ListItem.Property(Addon.Description)]</label>
                        <pagecontrol>60</pagecontrol>
                    </control>
                    <control type="scrollbar" id="60">
                        <posx>915</posx>
                        <posy>285</posy>
                        <width>38</width>
                        <height>262</height>
                        <texturesliderbackground border="0,14,0,14">ScrollBarV.png</texturesliderbackground>
                        <texturesliderbar border="0,14,0,14">ScrollBarV_bar.png</texturesliderbar>
                        <texturesliderbarfocus border="0,14,0,14">ScrollBarV_bar_focus.png</texturesliderbarfocus>
                        <textureslidernib>ScrollBarNib.png</textureslidernib>
                        <textureslidernibfocus>ScrollBarNib.png</textureslidernibfocus>
                        <onleft>9000</onleft>
                        <onright>61</onright>
                        <showonepage>false</showonepage>
                        <orientation>vertical</orientation>
                    </control>
                    <control type="label">
                        <description>Disclaimer txt</description>
                        <posx>0</posx>
                        <posy>555</posy>
                        <width>900</width>
                        <height>38</height>
                        <label>$LOCALIZE[24052]</label>
                        <align>left</align>
                        <aligny>center</aligny>
                        <font>engsmall</font>
                        <textcolor>Orange</textcolor>
                    </control>
                    <control type="textbox">
                        <description>Disclaimer</description>
                        <posx>15</posx>
                        <posy>592</posy>
                        <width>900</width>
                        <height>60</height>
                        <font>engsmall</font>
                        <align>justify</align>
                        <textcolor>White</textcolor>
                        <label>$INFO[ListItem.Property(Addon.Disclaimer)]</label>
                        <autoscroll time="2000" delay="3000" repeat="5000">true</autoscroll>
                    </control>
                </control>
                <control type="group">
                    <visible>IsEmpty(ListItem.Property(Addon.Disclaimer))</visible>
                    <control type="label">
                        <description>Description Page Count</description>
                        <posx>915</posx>
                        <posy>255</posy>
                        <width>450</width>
                        <height>38</height>
                        <label>$INFO[Container(401).CurrentPage, $LOCALIZE[31024] [COLOR=Blue]([/COLOR]]$INFO[Container(401).NumPages,/,[COLOR=Blue])[/COLOR]]</label>
                        <align>right</align>
                        <aligny>center</aligny>
                        <font>engsmall</font>
                        <textcolor>Grey</textcolor>
                    </control>
                    <control type="textbox" id="401">
                        <description>Description</description>
                        <posx>15</posx>
                        <posy>292</posy>
                        <width>900</width>
                        <height>375</height>
                        <font>engsmall</font>
                        <align>justify</align>
                        <textcolor>White</textcolor>
                        <label>$INFO[ListItem.Property(Addon.Description)]</label>
                        <pagecontrol>61</pagecontrol>
                    </control>
                    <control type="scrollbar" id="61">
                        <posx>915</posx>
                        <posy>285</posy>
                        <width>38</width>
                        <height>375</height>
                        <texturesliderbackground border="0,14,0,14">ScrollBarV.png</texturesliderbackground>
                        <texturesliderbar border="0,14,0,14">ScrollBarV_bar.png</texturesliderbar>
                        <texturesliderbarfocus border="0,14,0,14">ScrollBarV_bar_focus.png</texturesliderbarfocus>
                        <textureslidernib>ScrollBarNib.png</textureslidernib>
                        <textureslidernibfocus>ScrollBarNib.png</textureslidernibfocus>
                        <onleft>60</onleft>
                        <onright>9000</onright>
                        <showonepage>false</showonepage>
                        <orientation>vertical</orientation>
                    </control>
                </control>
            </control>
            <control type="grouplist" id="9000">
                <posx>45</posx>
                <posy>465</posy>
                <width>330</width>
                <height>405</height>
                <onleft>60</onleft>
                <onright>60</onright>
                <onup>9000</onup>
                <ondown>9000</ondown>
                <itemgap>3</itemgap>
                <control type="button" id="9">
                    <description>Configure Addon</description>
                    <width>330</width>
                    <height>64</height>
                    <label>24020</label>
                    <align>center</align>
                    <font>engsmall</font>
                </control>
                <control type="button" id="8">
                    <description>Update Addon button</description>
                    <width>330</width>
                    <height>64</height>
                    <label>24069</label>
                    <align>center</align>
                    <font>engsmall</font>
                </control>
                <control type="button" id="6">
                    <description>Install/UnInstall Addon button</description>
                    <width>330</width>
                    <height>64</height>
                    <label>24022</label>
                    <align>center</align>
                    <font>engsmall</font>
                </control>
                <control type="button" id="7">
                    <description>Enable/Disable Addon button</description>
                    <width>330</width>
                    <height>64</height>
                    <label>24021</label>
                    <align>center</align>
                    <font>engsmall</font>
                </control>
                <control type="button" id="11">
                    <description>Rollback button</description>
                    <width>330</width>
                    <height>64</height>
                    <label>24048</label>
                    <align>center</align>
                    <font>engsmall</font>
                </control>
                <control type="button" id="10">
                    <description>Changelog button</description>
                    <width>330</width>
                    <height>64</height>
                    <label>24036</label>
                    <align>center</align>
                    <font>engsmall</font>
                </control>
            </control>
            <control type="group">
                <visible>!IsEmpty(ListItem.Property(Addon.broken))</visible>
                <posx>0</posx>
                <posy>900</posy>
                <control type="image">
                    <description>background image</description>
                    <posx>0</posx>
                    <posy>0</posy>
                    <width>1380</width>
                    <height>150</height>
                    <texture border="20">OverlayDialogBackground.png</texture>
                </control>
                <control type="image">
                    <description>Icon image</description>
                    <posx>30</posx>
                    <posy>30</posy>
                    <width>90</width>
                    <height>90</height>
                    <texture>DefaultIconError.png</texture>
                </control>
                <control type="label">
                    <description>header label</description>
                    <posx>150</posx>
                    <posy>22</posy>
                    <width>1200</width>
                    <height>38</height>
                    <font>engsmall</font>
                    <label>24096</label>
                    <align>left</align>
                    <aligny>center</aligny>
                    <textcolor>selected</textcolor>
                    <shadowcolor>Black</shadowcolor>
                </control>
                <control type="textbox">
                    <description>Reason label</description>
                    <posx>150</posx>
                    <posy>52</posy>
                    <width>1200</width>
                    <height>75</height>
                    <font>engsmall</font>
                    <label>$INFO[ListItem.Property(Addon.broken)]</label>
                    <align>left</align>
                    <textcolor>White</textcolor>
                    <shadowcolor>Black</shadowcolor>
                </control>
            </control>
        </control>
    </controls>
</window>