<window>
    <defaultcontrol always="true">5</defaultcontrol>
    <coordinates>
        <system>1</system>
        <posx>360</posx>
        <posy>68</posy>
    </coordinates>
    <include>dialogeffect</include>
    <controls>
        <control type="group">
            <control type="image">
                <description>background image</description>
                <posx>0</posx>
                <posy>0</posy>
                <width>1200</width>
                <height>945</height>
                <texture border="40">DialogBack.png</texture>
                <visible>!Window.IsVisible(Slideshow)</visible>
            </control>
            <control type="image">
                <description>background image</description>
                <posx>0</posx>
                <posy>0</posy>
                <width>1200</width>
                <height>945</height>
                <texture border="40">DialogBack2.png</texture>
                <visible>Window.IsVisible(Slideshow)</visible>
            </control>
            <control type="image">
                <description>Dialog Header image</description>
                <posx>60</posx>
                <posy>24</posy>
                <width>1080</width>
                <height>60</height>
                <texture>dialogheader.png</texture>
            </control>
            <control type="label">
                <description>header label</description>
                <posx>60</posx>
                <posy>30</posy>
                <width>1080</width>
                <height>45</height>
                <font>engsmall</font>
                <label>$LOCALIZE[13406]</label>
                <align>center</align>
                <aligny>center</aligny>
                <textcolor>selected</textcolor>
                <shadowcolor>Black</shadowcolor>
            </control>
            <control type="button">
                <description>Close Window button</description>
                <posx>1065</posx>
                <posy>22</posy>
                <width>96</width>
                <height>48</height>
                <label>-</label>
                <font>-</font>
                <onclick>PreviousMenu</onclick>
                <texturefocus>DialogCloseButton-focus.png</texturefocus>
                <texturenofocus>DialogCloseButton.png</texturenofocus>
                <onleft>2</onleft>
                <onright>2</onright>
                <onup>2</onup>
                <ondown>2</ondown>
                <visible>system.getbool(input.enablemouse)</visible>
            </control>
            <control type="scrollbar" id="60">
                <posx>1132</posx>
                <posy>105</posy>
                <width>38</width>
                <height>742</height>
                <texturesliderbackground border="0,14,0,14">ScrollBarV.png</texturesliderbackground>
                <texturesliderbar border="0,14,0,14">ScrollBarV_bar.png</texturesliderbar>
                <texturesliderbarfocus border="0,14,0,14">ScrollBarV_bar_focus.png</texturesliderbarfocus>
                <textureslidernib>ScrollBarNib.png</textureslidernib>
                <textureslidernibfocus>ScrollBarNib.png</textureslidernibfocus>
                <onleft>5</onleft>
                <onright>5</onright>
                <showonepage>false</showonepage>
                <orientation>vertical</orientation>
            </control>
            <control type="list" id="5">
                <animation effect="slide" start="0,0" end="22,0" time="0" condition="!Control.IsVisible(60)">Conditional</animation>
                <posx>45</posx>
                <posy>105</posy>
                <width>1080</width>
                <height>742</height>
                <onleft>60</onleft>
                <onright>60</onright>
                <onup>5</onup>
                <ondown>5</ondown>
                <pagecontrol>60</pagecontrol>
                <scrolltime>200</scrolltime>
                <itemlayout height="68">
                    <control type="image">
                        <posx>0</posx>
                        <posy>0</posy>
                        <width>1080</width>
                        <height>60</height>
                        <texture border="5">button-nofocus.png</texture>
                    </control>
                    <control type="label">
                        <posx>15</posx>
                        <posy>0</posy>
                        <width>750</width>
                        <height>60</height>
                        <font>engsmall</font>
                        <aligny>center</aligny>
                        <textcolor>White</textcolor>
                        <shadowcolor>Black</shadowcolor>
                        <selectedcolor>selected</selectedcolor>
                        <align>left</align>
                        <label>$INFO[ListItem.Label]</label>
                    </control>
                    <control type="label">
                        <posx>1065</posx>
                        <posy>0</posy>
                        <width>975</width>
                        <height>60</height>
                        <font>engsmall</font>
                        <aligny>center</aligny>
                        <textcolor>Grey2</textcolor>
                        <shadowcolor>Black</shadowcolor>
                        <selectedcolor>selected</selectedcolor>
                        <align>right</align>
                        <info>ListItem.Label2</info>
                    </control>
                </itemlayout>
                <focusedlayout height="68">
                    <control type="image">
                        <posx>0</posx>
                        <posy>0</posy>
                        <width>1080</width>
                        <height>60</height>
                        <visible>!Control.HasFocus(5)</visible>
                        <texture border="5">button-nofocus.png</texture>
                    </control>
                    <control type="image">
                        <posx>0</posx>
                        <posy>0</posy>
                        <width>1080</width>
                        <height>60</height>
                        <texture border="5">button-focus2.png</texture>
                        <visible>Control.HasFocus(5)</visible>
                    </control>
                    <control type="label">
                        <posx>15</posx>
                        <posy>0</posy>
                        <width>750</width>
                        <height>60</height>
                        <font>engsmall</font>
                        <aligny>center</aligny>
                        <textcolor>White</textcolor>
                        <shadowcolor>Black</shadowcolor>
                        <selectedcolor>selected</selectedcolor>
                        <align>left</align>
                        <label>$INFO[ListItem.Label]</label>
                    </control>
                    <control type="label">
                        <posx>1065</posx>
                        <posy>0</posy>
                        <width>975</width>
                        <height>60</height>
                        <font>engsmall</font>
                        <aligny>center</aligny>
                        <textcolor>Grey2</textcolor>
                        <shadowcolor>Black</shadowcolor>
                        <selectedcolor>selected</selectedcolor>
                        <align>right</align>
                        <info>ListItem.Label2</info>
                    </control>
                </focusedlayout>
            </control>
            <control type="label">
                <description>number of files/pages in list text label</description>
                <posx>1140</posx>
                <posy>855</posy>
                <width>450</width>
                <height>52</height>
                <font>engsmall</font>
                <align>right</align>
                <aligny>center</aligny>
                <scroll>true</scroll>
                <textcolor>Grey</textcolor>
                <label>([COLOR=Blue]$INFO[Container(5).NumItems][/COLOR]) $LOCALIZE[31025] - $LOCALIZE[31024] ([COLOR=Blue]$INFO[Container(5).CurrentPage]/$INFO[Container(5).NumPages][/COLOR])</label>
            </control>
        </control>
    </controls>
</window>