<window>
    <defaultcontrol>1</defaultcontrol>
    <animation effect="slide" start="0,-60" end="0,0" time="100">WindowOpen</animation>
    <animation effect="slide" start="0,0" end="0,-90" delay="400" time="100">WindowClose</animation>
    <controls>
        <control type="group">
            <posx>1230</posx>
            <posy>0</posy>
            <control type="image">
                <posx>0</posx>
                <posy>-15</posy>
                <width>450</width>
                <height>75</height>
                <texture flipy="true" border="20,20,20,2">InfoMessagePanel.png</texture>
            </control>
            <control type="group">
                <visible>!player.passthrough</visible>
                <control type="image">
                    <description>Lite Volume Logo</description>
                    <posx>15</posx>
                    <posy>0</posy>
                    <width>60</width>
                    <height>52</height>
                    <aspectratio>keep</aspectratio>
                    <texture>VolumeIcon.png</texture>
                </control>
                <control type="progress" id="1">
                    <description>progress control</description>
                    <posx>75</posx>
                    <posy>12</posy>
                    <width>345</width>
                    <height>27</height>
                    <info>Player.Volume</info>
                </control>
            </control>
            <control type="group">
                <visible>player.passthrough</visible>
                <control type="image">
                    <description>Lite Volume Logo</description>
                    <posx>15</posx>
                    <posy>0</posy>
                    <width>60</width>
                    <height>52</height>
                    <aspectratio>keep</aspectratio>
                    <colordiffuse>CCFF0000</colordiffuse>
                    <texture>VolumeIcon.png</texture>
                </control>
                <control type="label">
                    <description>Passthrough Label</description>
                    <posx>75</posx>
                    <posy>9</posy>
                    <width>345</width>
                    <height>30</height>
                    <label>$LOCALIZE[29802]</label>
                    <font>engsmall</font>
                    <textcolor>White</textcolor>
                    <shadowcolor>Black</shadowcolor>
                    <align>left</align>
                    <aligny>center</aligny>
                </control>
            </control>
        </control>
    </controls>
</window>