<window>
    <defaultcontrol always="true">11</defaultcontrol>
    <coordinates>
        <system>1</system>
        <posx>1170</posx>
        <posy>45</posy>
    </coordinates>
    <include>dialogeffect</include>
    <controls>
        <control type="group">
            <control type="image">
                <description>background image</description>
                <posx>0</posx>
                <posy>0</posy>
                <width>720</width>
                <height>990</height>
                <texture border="40">DialogBack2.png</texture>
            </control>
            <control type="button">
                <description>Close Window button</description>
                <posx>585</posx>
                <posy>22</posy>
                <width>96</width>
                <height>48</height>
                <label>-</label>
                <font>-</font>
                <onclick>PreviousMenu</onclick>
                <texturefocus>DialogCloseButton-focus.png</texturefocus>
                <texturenofocus>DialogCloseButton.png</texturenofocus>
                <onleft>2</onleft>
                <onright>2</onright>
                <onup>2</onup>
                <ondown>2</ondown>
                <visible>system.getbool(input.enablemouse)</visible>
            </control>
            <control type="image">
                <description>Dialog Header image</description>
                <posx>60</posx>
                <posy>24</posy>
                <width>600</width>
                <height>60</height>
                <texture>dialogheader.png</texture>
            </control>
            <control type="label">
                <description>header label</description>
                <posx>60</posx>
                <posy>24</posy>
                <width>645</width>
                <height>60</height>
                <font>engsmall</font>
                <label>$LOCALIZE[19222] - $INFO[VideoPlayer.ChannelName]</label>
                <align>center</align>
                <aligny>center</aligny>
                <textcolor>Blue</textcolor>
                <shadowcolor>Black</shadowcolor>
            </control>
            <control type="label">
                <description>Selected item's date</description>
                <posx>60</posx>
                <posy>90</posy>
                <width>645</width>
                <height>45</height>
                <font>font11</font>
                <textcolor>Grey2</textcolor>
                <label>$INFO[Container(11).ListItem.StartDate]</label>
                <align>center</align>
                <aligny>center</aligny>
            </control>
            <control type="list" id="11">
                <posx>45</posx>
                <posy>150</posy>
                <width>615</width>
                <height>735</height>
                <onleft>60</onleft>
                <onright>60</onright>
                <onup>11</onup>
                <ondown>11</ondown>
                <viewtype label="535">list</viewtype>
                <pagecontrol>60</pagecontrol>
                <scrolltime>200</scrolltime>
                <itemlayout height="52" width="615">
                    <control type="image">
                        <posx>0</posx>
                        <posy>0</posy>
                        <width>615</width>
                        <height>45</height>
                        <texture border="5">button-nofocus.png</texture>
                        <include>VisibleFadeEffect</include>
                    </control>
                    <control type="label">
                        <posx>15</posx>
                        <posy>0</posy>
                        <width>150</width>
                        <height>45</height>
                        <font>engsmall</font>
                        <textcolor>Grey2</textcolor>
                        <selectedcolor>selected</selectedcolor>
                        <align>left</align>
                        <aligny>center</aligny>
                        <label>$INFO[ListItem.StartTime]</label>
                    </control>
                    <control type="image">
                        <posx>180</posx>
                        <posy>8</posy>
                        <width>45</width>
                        <height>30</height>
                        <texture>PVR-IsRecording.png</texture>
                        <visible>ListItem.IsRecording</visible>
                    </control>
                    <control type="image">
                        <posx>180</posx>
                        <posy>8</posy>
                        <width>30</width>
                        <height>30</height>
                        <texture>PVR-HasTimer.png</texture>
                        <visible>ListItem.HasTimer + !ListItem.IsRecording</visible>
                    </control>
                    <control type="label">
                        <posx>600</posx>
                        <posy>0</posy>
                        <width>450</width>
                        <height>45</height>
                        <font>engsmall</font>
                        <textcolor>Grey2</textcolor>
                        <selectedcolor>selected</selectedcolor>
                        <align>right</align>
                        <aligny>center</aligny>
                        <label>$INFO[ListItem.Label]</label>
                        <visible>![ListItem.IsRecording | ListItem.HasTimer]</visible>
                    </control>
                    <control type="label">
                        <posx>600</posx>
                        <posy>0</posy>
                        <width>375</width>
                        <height>45</height>
                        <font>engsmall</font>
                        <textcolor>Grey2</textcolor>
                        <selectedcolor>selected</selectedcolor>
                        <align>right</align>
                        <aligny>center</aligny>
                        <label>$INFO[ListItem.Label]</label>
                        <visible>ListItem.IsRecording | ListItem.HasTimer</visible>
                    </control>
                </itemlayout>
                <focusedlayout height="52" width="615">
                    <control type="image">
                        <posx>0</posx>
                        <posy>0</posy>
                        <width>615</width>
                        <height>45</height>
                        <texture border="5">button-nofocus.png</texture>
                        <visible>!Control.HasFocus(11)</visible>
                        <include>VisibleFadeEffect</include>
                    </control>
                    <control type="image">
                        <posx>0</posx>
                        <posy>0</posy>
                        <width>615</width>
                        <height>45</height>
                        <texture border="5">button-focus2.png</texture>
                        <visible>Control.HasFocus(11)</visible>
                        <include>VisibleFadeEffect</include>
                    </control>
                    <control type="label">
                        <posx>15</posx>
                        <posy>0</posy>
                        <width>150</width>
                        <height>45</height>
                        <font>engsmall</font>
                        <textcolor>Grey2</textcolor>
                        <selectedcolor>selected</selectedcolor>
                        <align>left</align>
                        <aligny>center</aligny>
                        <label>$INFO[ListItem.StartTime]</label>
                    </control>
                    <control type="image">
                        <posx>180</posx>
                        <posy>8</posy>
                        <width>45</width>
                        <height>30</height>
                        <texture>PVR-IsRecording.png</texture>
                        <visible>ListItem.IsRecording</visible>
                    </control>
                    <control type="image">
                        <posx>180</posx>
                        <posy>8</posy>
                        <width>30</width>
                        <height>30</height>
                        <texture>PVR-HasTimer.png</texture>
                        <visible>ListItem.HasTimer + !ListItem.IsRecording</visible>
                    </control>
                    <control type="label">
                        <posx>600</posx>
                        <posy>0</posy>
                        <width>450</width>
                        <height>45</height>
                        <font>engsmall</font>
                        <textcolor>Grey2</textcolor>
                        <selectedcolor>selected</selectedcolor>
                        <align>right</align>
                        <aligny>center</aligny>
                        <label>$INFO[ListItem.Label]</label>
                        <visible>![ListItem.IsRecording | ListItem.HasTimer]</visible>
                    </control>
                    <control type="label">
                        <posx>600</posx>
                        <posy>0</posy>
                        <width>375</width>
                        <height>45</height>
                        <font>engsmall</font>
                        <textcolor>Grey2</textcolor>
                        <selectedcolor>selected</selectedcolor>
                        <align>right</align>
                        <aligny>center</aligny>
                        <label>$INFO[ListItem.Label]</label>
                        <visible>ListItem.IsRecording | ListItem.HasTimer</visible>
                    </control>
                </focusedlayout>
            </control>
            <control type="scrollbar" id="60">
                <posx>660</posx>
                <posy>150</posy>
                <width>38</width>
                <height>735</height>
                <texturesliderbackground border="0,14,0,14">ScrollBarV.png</texturesliderbackground>
                <texturesliderbar border="0,14,0,14">ScrollBarV_bar.png</texturesliderbar>
                <texturesliderbarfocus border="0,14,0,14">ScrollBarV_bar_focus.png</texturesliderbarfocus>
                <textureslidernib>ScrollBarNib.png</textureslidernib>
                <textureslidernibfocus>ScrollBarNib.png</textureslidernibfocus>
                <onleft>11</onleft>
                <onright>11</onright>
                <ondown>61</ondown>
                <onup>61</onup>
                <showonepage>false</showonepage>
                <orientation>vertical</orientation>
            </control>
            <control type="label">
                <description>Page Count Label</description>
                <posx>675</posx>
                <posy>915</posy>
                <width>600</width>
                <height>30</height>
                <font>engsmall</font>
                <textcolor>Grey</textcolor>
                <scroll>false</scroll>
                <align>right</align>
                <aligny>center</aligny>
                <label>([COLOR=Blue]$INFO[Container(11).NumItems][/COLOR]) $LOCALIZE[31025] - $LOCALIZE[31024] ([COLOR=Blue]$INFO[Container(11).CurrentPage]/$INFO[Container(11).NumPages][/COLOR])</label>
                <include>Window_OpenClose_Animation</include>
            </control>
        </control>
    </controls>
</window>