<window>
    <animation effect="fade" start="0" end="100" time="200">WindowOpen</animation>
    <animation effect="fade" start="100" end="0" time="200">WindowClose</animation>
    <coordinates>
        <posx>1290</posx>
        <posy>960</posy>
    </coordinates>
    <controls>
        <control type="group">
            <animation effect="slide" start="0,0" end="-428,0" time="200" condition="Window.IsVisible(BusyDialog)">conditional</animation>
            <control type="image">
                <posx>0</posx>
                <posy>0</posy>
                <width>600</width>
                <height>105</height>
                <colordiffuse>EEFFFFFF</colordiffuse>
                <texture border="12">OverlayDialogBackground.png</texture>
            </control>
            <control type="image" id="400">
                <description>avatar</description>
                <posx>30</posx>
                <posy>15</posy>
                <width>75</width>
                <height>75</height>
                <aspectratio>keep</aspectratio>
                <texture>DefaultFile.png</texture>
            </control>
            <control type="fadelabel" id="401">
                <description>Line 1 Label</description>
                <posx>112</posx>
                <posy>22</posy>
                <width>465</width>
                <height>27</height>
                <font>engsmall</font>
                <textcolor>White</textcolor>
                <align>left</align>
                <aligny>center</aligny>
                <scrollout>false</scrollout>
                <pauseatend>2000</pauseatend>
            </control>
            <control type="fadelabel" id="402">
                <description>Line 2 Label</description>
                <posx>112</posx>
                <posy>52</posy>
                <width>465</width>
                <height>30</height>
                <font>engsmall</font>
                <textcolor>Grey2</textcolor>
                <align>left</align>
                <aligny>center</aligny>
                <scrollout>false</scrollout>
                <pauseatend>2000</pauseatend>
            </control>
            <control type="image" id="403">
                <description>avatar</description>
                <posx>30</posx>
                <posy>15</posy>
                <width>75</width>
                <height>75</height>
                <aspectratio>keep</aspectratio>
                <visible>false</visible>
                <texture>DefaultIconInfo.png</texture>
            </control>
            <control type="image" id="404">
                <description>avatar</description>
                <posx>30</posx>
                <posy>15</posy>
                <width>75</width>
                <height>75</height>
                <aspectratio>keep</aspectratio>
                <visible>false</visible>
                <texture>DefaultIconWarning.png</texture>
            </control>
            <control type="image" id="405">
                <description>avatar</description>
                <posx>30</posx>
                <posy>15</posy>
                <width>75</width>
                <height>75</height>
                <aspectratio>keep</aspectratio>
                <visible>false</visible>
                <texture>DefaultIconError.png</texture>
            </control>
        </control>
    </controls>
</window>