<window>
    <defaultcontrol always="true">3</defaultcontrol>
    <coordinates>
        <system>1</system>
        <posx>360</posx>
        <posy>30</posy>
    </coordinates>
    <include>dialogeffect</include>
    <controls>
        <control type="group">
            <animation effect="fade" start="100" end="0" time="200" condition="Window.IsActive(AddonSettings)">Conditional</animation>
            <control type="image">
                <description>background image</description>
                <posx>0</posx>
                <posy>0</posy>
                <width>1200</width>
                <height>1020</height>
                <texture border="40">DialogBack.png</texture>
            </control>
            <control type="image">
                <description>Dialog Header image</description>
                <posx>60</posx>
                <posy>24</posy>
                <width>1080</width>
                <height>60</height>
                <texture>dialogheader.png</texture>
            </control>
            <control type="label" id="1">
                <description>header label</description>
                <posx>60</posx>
                <posy>30</posy>
                <width>1080</width>
                <height>45</height>
                <font>engsmall</font>
                <label>$LOCALIZE[20333]</label>
                <align>center</align>
                <aligny>center</aligny>
                <textcolor>selected</textcolor>
                <shadowcolor>Black</shadowcolor>
            </control>
            <control type="button">
                <description>Close Window button</description>
                <posx>1065</posx>
                <posy>22</posy>
                <width>96</width>
                <height>48</height>
                <label>-</label>
                <font>-</font>
                <onclick>PreviousMenu</onclick>
                <texturefocus>DialogCloseButton-focus.png</texturefocus>
                <texturenofocus>DialogCloseButton.png</texturenofocus>
                <onleft>10</onleft>
                <onright>10</onright>
                <onup>10</onup>
                <ondown>10</ondown>
                <visible>system.getbool(input.enablemouse)</visible>
            </control>
            <control type="label">
                <description>Content Picker Header</description>
                <posx>45</posx>
                <posy>90</posy>
                <width>480</width>
                <height>60</height>
                <font>engsmall</font>
                <label>$LOCALIZE[20344]</label>
                <align>center</align>
                <aligny>center</aligny>
                <textcolor>Blue</textcolor>
                <shadowcolor>Black</shadowcolor>
            </control>
            <control type="spincontrolex" id="3">
                <description>Content Picker</description>
                <posx>45</posx>
                <posy>150</posy>
                <width>480</width>
                <height>60</height>
                <texturefocus border="5">button-focus.png</texturefocus>
                <texturenofocus border="5">button-nofocus.png</texturenofocus>
                <font>-</font>
                <label>-</label>
                <reverse>yes</reverse>
                <onup>28</onup>
                <ondown>5</ondown>
                <onleft>60</onleft>
                <onright>4</onright>
            </control>
            <control type="label">
                <description>Content Picker label</description>
                <posx>52</posx>
                <posy>150</posy>
                <width>420</width>
                <height>60</height>
                <font>engsmall</font>
                <label>$INFO[Control.GetLabel(3)]</label>
                <align>left</align>
                <aligny>center</aligny>
                <textcolor>White</textcolor>
                <shadowcolor>Black</shadowcolor>
            </control>
            <control type="label">
                <description>Used Scraper Header</description>
                <posx>45</posx>
                <posy>225</posy>
                <width>480</width>
                <height>30</height>
                <font>engsmall</font>
                <label>$LOCALIZE[31312]</label>
                <align>center</align>
                <aligny>center</aligny>
                <textcolor>Blue</textcolor>
                <shadowcolor>Black</shadowcolor>
            </control>
            <control type="image">
                <description>Used Scraper Image</description>
                <posx>45</posx>
                <posy>262</posy>
                <width>480</width>
                <height>195</height>
                <aspectratio>keep</aspectratio>
                <texture>$INFO[ListItem.Icon]</texture>
            </control>
            <control type="label">
                <description>Used Scaper Label</description>
                <posx>45</posx>
                <posy>472</posy>
                <width>480</width>
                <height>45</height>
                <font>engsmall</font>
                <label>[B]$INFO[ListItem.Label][/B]</label>
                <align>center</align>
                <aligny>center</aligny>
                <textcolor>selected</textcolor>
                <shadowcolor>Black</shadowcolor>
            </control>
            <control type="image">
                <posx>555</posx>
                <posy>90</posy>
                <width>8</width>
                <height>420</height>
                <aspectratio>stretch</aspectratio>
                <texture>separator_vertical.png</texture>
            </control>
            <control type="label">
                <description>Scraper List Header</description>
                <posx>600</posx>
                <posy>90</posy>
                <width>540</width>
                <height>60</height>
                <font>engsmall</font>
                <label>$LOCALIZE[31313]</label>
                <align>center</align>
                <aligny>center</aligny>
                <textcolor>Blue</textcolor>
                <shadowcolor>Black</shadowcolor>
            </control>
            <control type="list" id="4">
                <posx>600</posx>
                <posy>150</posy>
                <width>540</width>
                <height>362</height>
                <onup>4</onup>
                <onleft>3</onleft>
                <onright>60</onright>
                <ondown>4</ondown>
                <pagecontrol>60</pagecontrol>
                <scrolltime>200</scrolltime>
                <itemlayout height="68">
                    <control type="image">
                        <posx>0</posx>
                        <posy>0</posy>
                        <width>540</width>
                        <height>60</height>
                        <texture border="5">button-nofocus.png</texture>
                    </control>
                    <control type="image">
                        <posx>8</posx>
                        <posy>8</posy>
                        <width>52</width>
                        <height>45</height>
                        <texture>$INFO[Listitem.Icon]</texture>
                    </control>
                    <control type="label">
                        <posx>75</posx>
                        <posy>0</posy>
                        <width>435</width>
                        <height>60</height>
                        <font>engsmall</font>
                        <align>left</align>
                        <aligny>center</aligny>
                        <textcolor>Grey2</textcolor>
                        <selectedcolor>selected</selectedcolor>
                        <info>ListItem.Label</info>
                    </control>
                </itemlayout>
                <focusedlayout height="68">
                    <control type="image">
                        <posx>0</posx>
                        <posy>0</posy>
                        <width>540</width>
                        <height>60</height>
                        <visible>!Control.HasFocus(4)</visible>
                        <texture border="5">button-nofocus.png</texture>
                    </control>
                    <control type="image">
                        <posx>0</posx>
                        <posy>0</posy>
                        <width>540</width>
                        <height>60</height>
                        <visible>Control.HasFocus(4)</visible>
                        <texture border="5">button-focus2.png</texture>
                    </control>
                    <control type="image">
                        <posx>8</posx>
                        <posy>8</posy>
                        <width>52</width>
                        <height>45</height>
                        <texture>$INFO[Listitem.Icon]</texture>
                    </control>
                    <control type="label">
                        <posx>75</posx>
                        <posy>0</posy>
                        <width>435</width>
                        <height>60</height>
                        <font>engsmall</font>
                        <align>left</align>
                        <aligny>center</aligny>
                        <textcolor>White</textcolor>
                        <selectedcolor>selected</selectedcolor>
                        <info>ListItem.Label</info>
                    </control>
                </focusedlayout>
            </control>
            <control type="scrollbar" id="60">
                <posx>1140</posx>
                <posy>150</posy>
                <width>38</width>
                <height>360</height>
                <texturesliderbackground border="0,14,0,14">ScrollBarV.png</texturesliderbackground>
                <texturesliderbar border="0,14,0,14">ScrollBarV_bar.png</texturesliderbar>
                <texturesliderbarfocus border="0,14,0,14">ScrollBarV_bar_focus.png</texturesliderbarfocus>
                <textureslidernib>ScrollBarNib.png</textureslidernib>
                <textureslidernibfocus>ScrollBarNib.png</textureslidernibfocus>
                <onleft>4</onleft>
                <onright>3</onright>
                <showonepage>true</showonepage>
                <orientation>vertical</orientation>
            </control>
            <control type="label">
                <description>Scanning Options Header</description>
                <posx>45</posx>
                <posy>525</posy>
                <width>1110</width>
                <height>30</height>
                <font>engsmall</font>
                <label>$LOCALIZE[31314]</label>
                <align>center</align>
                <aligny>center</aligny>
                <textcolor>Blue</textcolor>
                <shadowcolor>Black</shadowcolor>
            </control>
            <control type="grouplist" id="5">
                <description>control area</description>
                <posx>45</posx>
                <posy>570</posy>
                <width>1110</width>
                <height>330</height>
                <itemgap>6</itemgap>
                <onup>3</onup>
                <ondown>28</ondown>
                <onleft>5</onleft>
                <onright>5</onright>
            </control>
            <control type="button" id="7">
                <description>Default Button</description>
                <posx>0</posx>
                <posy>0</posy>
                <height>60</height>
                <font>engsmall</font>
                <texturefocus border="5">button-focus2.png</texturefocus>
            </control>
            <control type="radiobutton" id="8">
                <description>Default RadioButton</description>
                <posx>0</posx>
                <posy>0</posy>
                <height>60</height>
                <font>engsmall</font>
                <texturefocus border="5">button-focus2.png</texturefocus>
            </control>
            <control type="group" id="9001">
                <posy>922</posy>
                <control type="button" id="28">
                    <description>OK Button</description>
                    <posx>450</posx>
                    <posy>0</posy>
                    <width>300</width>
                    <height>60</height>
                    <align>center</align>
                    <aligny>center</aligny>
                    <font>engsmall</font>
                    <label>186</label>
                    <onleft>6</onleft>
                    <onright>29</onright>
                    <onup>30</onup>
                    <ondown>3</ondown>
                </control>
                <control type="button" id="29">
                    <description>Cancel Button</description>
                    <posx>765</posx>
                    <posy>0</posy>
                    <width>300</width>
                    <height>60</height>
                    <align>center</align>
                    <aligny>center</aligny>
                    <font>engsmall</font>
                    <label>222</label>
                    <onleft>28</onleft>
                    <onright>6</onright>
                    <onup>30</onup>
                    <ondown>3</ondown>
                </control>
                <control type="button" id="6">
                    <description>Settings Button</description>
                    <posx>135</posx>
                    <posy>0</posy>
                    <width>300</width>
                    <height>60</height>
                    <align>center</align>
                    <aligny>center</aligny>
                    <font>engsmall</font>
                    <label>5</label>
                    <onleft>29</onleft>
                    <onright>28</onright>
                    <onup>30</onup>
                    <ondown>3</ondown>
                </control>
            </control>
        </control>
    </controls>
</window>