<window>
    <defaultcontrol>450</defaultcontrol>
    <include>dialogeffect</include>
    <coordinates>
        <system>1</system>
        <posx>472</posx>
        <posy>390</posy>
    </coordinates>
    <controls>
        <control type="image">
            <posx>0</posx>
            <posy>0</posy>
            <width>975</width>
            <height>300</height>
            <texture border="20">OverlayDialogBackground.png</texture>
        </control>
        <control type="button">
            <description>Close Window button</description>
            <posx>840</posx>
            <posy>8</posy>
            <width>96</width>
            <height>48</height>
            <label>-</label>
            <font>-</font>
            <onclick>PreviousMenu</onclick>
            <texturefocus>DialogCloseButton-focus.png</texturefocus>
            <texturenofocus>DialogCloseButton.png</texturenofocus>
            <onleft>13</onleft>
            <onright>13</onright>
            <onup>13</onup>
            <ondown>13</ondown>
            <visible>system.getbool(input.enablemouse)</visible>
        </control>
        <control type="label">
            <description>heading label</description>
            <posx>60</posx>
            <posy>27</posy>
            <width>855</width>
            <height>45</height>
            <align>center</align>
            <aligny>center</aligny>
            <font>engsmall</font>
            <label>$INFO[ListItem.Label]</label>
            <textcolor>White</textcolor>
        </control>
        <control type="label">
            <posx>60</posx>
            <posy>90</posy>
            <width>855</width>
            <height>45</height>
            <align>center</align>
            <aligny>center</aligny>
            <font>engsmall</font>
            <label>31060</label>
            <textcolor>Grey2</textcolor>
        </control>
        <control type="image">
            <posx>75</posx>
            <posy>165</posy>
            <width>30</width>
            <height>38</height>
            <texture>scroll-left-focus.png</texture>
            <visible>Container(450).HasPrevious</visible>
        </control>
        <control type="image">
            <posx>862</posx>
            <posy>165</posy>
            <width>30</width>
            <height>38</height>
            <texture>scroll-right-focus.png</texture>
            <visible>Container(450).HasNext</visible>
        </control>
        <control type="list" id="450">
            <posx>128</posx>
            <posy>158</posy>
            <width>720</width>
            <height>150</height>
            <onleft>450</onleft>
            <onright>450</onright>
            <onup>450</onup>
            <ondown>450</ondown>
            <orientation>horizontal</orientation>
            <focusposition>2</focusposition>
            <viewtype label="535">list</viewtype>
            <scrolltime>200</scrolltime>
            <itemlayout width="60">
                <control type="image">
                    <posx>0</posx>
                    <posy>0</posy>
                    <width>57</width>
                    <height>48</height>
                    <aspectratio>stretch</aspectratio>
                    <texture>StackNF.png</texture>
                </control>
            </itemlayout>
            <focusedlayout width="60">
                <control type="image">
                    <posx>0</posx>
                    <posy>0</posy>
                    <width>57</width>
                    <height>48</height>
                    <aspectratio>stretch</aspectratio>
                    <texture>StackFO.png</texture>
                </control>
            </focusedlayout>
        </control>
        <control type="label">
            <posx>60</posx>
            <posy>232</posy>
            <width>855</width>
            <height>33</height>
            <font>engsmall</font>
            <align>center</align>
            <info>Container(450).ListItem.Label</info>
        </control>
    </controls>
</window>