<window type="dialog">
    <defaultcontrol always="true">450</defaultcontrol>
    <coordinates>
        <system>1</system>
        <posx>0</posx>
        <posy>0</posy>
    </coordinates>
    <controls>
        <control type="group">
            <animation effect="slide" start="600,0" end="0,0" time="400" tween="quadratic" easing="out">WindowOpen</animation>
            <animation effect="slide" start="0,0" end="900,0" time="400" tween="quadratic" easing="out">WindowClose</animation>
            <control type="image">
                <posx>600r</posx>
                <posy>0</posy>
                <width>600</width>
                <height>1080</height>
                <texture border="15,0,0,0" flipx="true">HomeBladeSub.png</texture>
            </control>
            <control type="button">
                <description>Close Window button</description>
                <posx>570r</posx>
                <posy>0</posy>
                <width>96</width>
                <height>48</height>
                <label>-</label>
                <font>-</font>
                <onclick>PreviousMenu</onclick>
                <texturefocus>DialogCloseButton-focus.png</texturefocus>
                <texturenofocus>DialogCloseButton.png</texturenofocus>
                <onleft>450</onleft>
                <onright>450</onright>
                <onup>450</onup>
                <ondown>450</ondown>
                <visible>system.getbool(input.enablemouse)</visible>
            </control>
            <control type="image">
                <posx>555r</posx>
                <posy>45</posy>
                <width>300</width>
                <height>300</height>
                <aspectratio align="center">keep</aspectratio>
                <fadetime>IconCrossfadeTime</fadetime>
                <texture>$INFO[ListItem.Icon]</texture>
                <bordertexture border="8">ThumbShadow.png</bordertexture>
                <bordersize>8</bordersize>
            </control>
            <control type="list" id="450">
                <posx>585r</posx>
                <posy>375</posy>
                <width>675</width>
                <height>570</height>
                <onup>450</onup>
                <onleft>Dialog.Close(Favourites)</onleft>
                <onright>450</onright>
                <ondown>450</ondown>
                <pagecontrol>-</pagecontrol>
                <scrolltime>200</scrolltime>
                <itemlayout height="60">
                    <control type="image">
                        <posx>0</posx>
                        <posy>0</posy>
                        <width>555</width>
                        <height>60</height>
                        <texture border="5">button-nofocus.png</texture>
                    </control>
                    <control type="label">
                        <posx>15</posx>
                        <posy>0</posy>
                        <width>525</width>
                        <height>60</height>
                        <font>engsmall</font>
                        <align>left</align>
                        <aligny>center</aligny>
                        <selectedcolor>selected</selectedcolor>
                        <info>ListItem.Label</info>
                    </control>
                </itemlayout>
                <focusedlayout height="60">
                    <control type="image">
                        <posx>0</posx>
                        <posy>0</posy>
                        <width>555</width>
                        <height>60</height>
                        <visible>!Control.HasFocus(450)</visible>
                        <texture border="3">button-nofocus.png</texture>
                    </control>
                    <control type="image">
                        <posx>0</posx>
                        <posy>0</posy>
                        <width>555</width>
                        <height>60</height>
                        <visible>Control.HasFocus(450)</visible>
                        <texture border="3">button-focus.png</texture>
                    </control>
                    <control type="label">
                        <posx>15</posx>
                        <posy>0</posy>
                        <width>525</width>
                        <height>60</height>
                        <font>engsmall</font>
                        <align>left</align>
                        <aligny>center</aligny>
                        <selectedcolor>selected</selectedcolor>
                        <info>ListItem.Label</info>
                    </control>
                </focusedlayout>
            </control>
            <control type="label">
                <description>Page label</description>
                <posx>45r</posx>
                <posy>1005</posy>
                <width>525</width>
                <height>45</height>
                <align>right</align>
                <aligny>center</aligny>
                <font>engsmall</font>
                <textcolor>Grey</textcolor>
                <label>([COLOR=Blue]$INFO[Container(450).NumItems][/COLOR]) $LOCALIZE[31025] - $LOCALIZE[31024] ([COLOR=Blue]$INFO[Container(450).CurrentPage]/$INFO[Container(450).NumPages][/COLOR])</label>
            </control>
        </control>
    </controls>
</window>