<window>
    <defaultcontrol always="true">10</defaultcontrol>
    <coordinates>
        <system>1</system>
        <posx>412</posx>
        <posy>45</posy>
    </coordinates>
    <include>dialogeffect</include>
    <controls>
        <control type="image">
            <description>background image</description>
            <posx>0</posx>
            <posy>0</posy>
            <width>1095</width>
            <height>990</height>
            <texture border="40">DialogBack2.png</texture>
            <visible>Window.IsVisible(FullscreenVideo) | Window.IsVisible(Visualisation)</visible>
        </control>
        <control type="image">
            <description>background image</description>
            <posx>0</posx>
            <posy>0</posy>
            <width>1095</width>
            <height>990</height>
            <texture border="40">DialogBack.png</texture>
            <visible>![Window.IsVisible(FullscreenVideo) | Window.IsVisible(Visualisation)]</visible>
        </control>
        <control type="image">
            <description>Dialog Header image</description>
            <posx>60</posx>
            <posy>24</posy>
            <width>975</width>
            <height>60</height>
            <texture>dialogheader.png</texture>
        </control>
        <control type="label">
            <description>header label</description>
            <posx>60</posx>
            <posy>30</posy>
            <width>975</width>
            <height>45</height>
            <font>engsmall</font>
            <label>$LOCALIZE[19053]</label>
            <align>center</align>
            <aligny>center</aligny>
            <textcolor>selected</textcolor>
            <shadowcolor>Black</shadowcolor>
        </control>
        <control type="button">
            <description>Close Window button</description>
            <posx>960</posx>
            <posy>22</posy>
            <width>96</width>
            <height>48</height>
            <label>-</label>
            <font>-</font>
            <onclick>PreviousMenu</onclick>
            <texturefocus>DialogCloseButton-focus.png</texturefocus>
            <texturenofocus>DialogCloseButton.png</texturenofocus>
            <onleft>10</onleft>
            <onright>10</onright>
            <onup>10</onup>
            <ondown>10</ondown>
            <visible>system.getbool(input.enablemouse)</visible>
        </control>
        <control type="label">
            <description>Title label</description>
            <posx>60</posx>
            <posy>105</posy>
            <width>975</width>
            <height>45</height>
            <font>engsmall</font>
            <label>$INFO[ListItem.Title]</label>
            <align>center</align>
            <aligny>center</aligny>
            <textcolor>Blue</textcolor>
            <shadowcolor>Black</shadowcolor>
        </control>
        <control type="group">
            <posx>60</posx>
            <posy>210</posy>
            <control type="label">
                <description>Start Date</description>
                <posx>255</posx>
                <posy>0</posy>
                <width>240</width>
                <height>38</height>
                <align>right</align>
                <aligny>center</aligny>
                <font>engsmall</font>
                <textcolor>Blue</textcolor>
                <label>$LOCALIZE[552]:</label>
            </control>
            <control type="label">
                <description>Start date value</description>
                <posx>270</posx>
                <posy>0</posy>
                <width>705</width>
                <height>38</height>
                <align>left</align>
                <aligny>center</aligny>
                <font>engsmall</font>
                <textcolor>White</textcolor>
                <label>$INFO[ListItem.StartDate]</label>
            </control>
            <control type="label">
                <description>Start time</description>
                <posx>255</posx>
                <posy>52</posy>
                <width>240</width>
                <height>38</height>
                <align>right</align>
                <aligny>center</aligny>
                <font>engsmall</font>
                <textcolor>Blue</textcolor>
                <label>$LOCALIZE[142]</label>
            </control>
            <control type="label">
                <description>Start Time value</description>
                <posx>270</posx>
                <posy>52</posy>
                <width>705</width>
                <height>38</height>
                <align>left</align>
                <aligny>center</aligny>
                <font>engsmall</font>
                <textcolor>White</textcolor>
                <label>$INFO[ListItem.StartTime]</label>
            </control>
            <control type="label">
                <description>Channel Name</description>
                <posx>255</posx>
                <posy>105</posy>
                <width>240</width>
                <height>38</height>
                <align>right</align>
                <aligny>center</aligny>
                <font>engsmall</font>
                <textcolor>Blue</textcolor>
                <label>$LOCALIZE[19148]:</label>
            </control>
            <control type="fadelabel">
                <description>Channel Value</description>
                <posx>270</posx>
                <posy>105</posy>
                <width>705</width>
                <height>38</height>
                <align>left</align>
                <aligny>center</aligny>
                <font>engsmall</font>
                <textcolor>White</textcolor>
                <label>$INFO[ListItem.ChannelName]</label>
            </control>
            <control type="label">
                <description>Duration</description>
                <posx>255</posx>
                <posy>158</posy>
                <width>240</width>
                <height>38</height>
                <align>right</align>
                <aligny>center</aligny>
                <font>engsmall</font>
                <textcolor>Blue</textcolor>
                <label>$LOCALIZE[180]:</label>
            </control>
            <control type="label">
                <description>Duration value</description>
                <posx>270</posx>
                <posy>158</posy>
                <width>705</width>
                <label>$INFO[ListItem.Duration]</label>
                <align>left</align>
                <font>engsmall</font>
                <scroll>true</scroll>
            </control>
            <control type="label">
                <description>Genre</description>
                <posx>255</posx>
                <posy>210</posy>
                <width>240</width>
                <height>38</height>
                <align>right</align>
                <aligny>center</aligny>
                <font>engsmall</font>
                <textcolor>Blue</textcolor>
                <label>$LOCALIZE[135]:</label>
            </control>
            <control type="label">
                <description>Genre value</description>
                <posx>270</posx>
                <posy>210</posy>
                <width>705</width>
                <label fallback="161">$INFO[ListItem.Genre]</label>
                <align>left</align>
                <font>engsmall</font>
                <scroll>true</scroll>
            </control>
            <control type="label">
                <description>Subtitle value</description>
                <posx>60</posx>
                <posy>278</posy>
                <width>975</width>
                <label>$INFO[ListItem.PlotOutline]</label>
                <align>center</align>
                <font>engsmall</font>
                <textcolor>Blue</textcolor>
                <scroll>true</scroll>
                <visible>!IsEmpty(ListItem.PlotOutline)</visible>
            </control>
        </control>
        <control type="label">
            <posx>915</posx>
            <posy>555</posy>
            <width>600</width>
            <height>45</height>
            <font>engsmall</font>
            <textcolor>Grey</textcolor>
            <shadowcolor>Black</shadowcolor>
            <scroll>true</scroll>
            <align>right</align>
            <aligny>center</aligny>
            <label>[COLOR=Blue]$LOCALIZE[207][/COLOR]$INFO[Container(400).CurrentPage, ( $LOCALIZE[31024] ]$INFO[Container(400).NumPages,/, )]</label>
        </control>
        <control type="spincontrol" id="60">
            <description>Next page button</description>
            <posx>930</posx>
            <posy>562</posy>
            <subtype>page</subtype>
            <font>-</font>
            <onleft>60</onleft>
            <onright>60</onright>
            <ondown>9000</ondown>
            <onup>9000</onup>
            <textcolor>-</textcolor>
            <showonepage>true</showonepage>
        </control>
        <control type="textbox" id="400">
            <description>PLOT</description>
            <posx>60</posx>
            <posy>600</posy>
            <width>975</width>
            <height>270</height>
            <font>engsmall</font>
            <align>justify</align>
            <pagecontrol>60</pagecontrol>
            <label fallback="161">$INFO[ListItem.Plot]</label>
        </control>
        <control type="grouplist" id="9000">
            <posx>60</posx>
            <posy>885</posy>
            <width>960</width>
            <height>60</height>
            <itemgap>8</itemgap>
            <align>center</align>
            <orientation>horizontal</orientation>
            <onleft>9000</onleft>
            <onright>9000</onright>
            <onup>60</onup>
            <ondown>60</ondown>
            <control type="button" id="10">
                <description>OK</description>
                <include>ButtonInfoDialogsCommonValues</include>
                <label>186</label>
            </control>
        </control>
    </controls>
</window>