<window>
    <defaultcontrol>29</defaultcontrol>
    <coordinates>
        <system>1</system>
        <posx>412</posx>
        <posy>45</posy>
    </coordinates>
    <include>dialogeffect</include>
    <controls>
        <control type="image">
            <description>background image</description>
            <posx>0</posx>
            <posy>0</posy>
            <width>1095</width>
            <height>990</height>
            <texture border="40">DialogBack.png</texture>
        </control>
        <control type="image">
            <description>Dialog Header image</description>
            <posx>60</posx>
            <posy>24</posy>
            <width>975</width>
            <height>60</height>
            <texture>dialogheader.png</texture>
        </control>
        <control type="label" id="2">
            <description>header label</description>
            <posx>60</posx>
            <posy>30</posy>
            <width>975</width>
            <height>45</height>
            <font>engsmall</font>
            <label>-</label>
            <align>center</align>
            <aligny>center</aligny>
            <textcolor>selected</textcolor>
            <shadowcolor>Black</shadowcolor>
        </control>
        <control type="button">
            <description>Close Window button</description>
            <posx>960</posx>
            <posy>22</posy>
            <width>96</width>
            <height>48</height>
            <label>-</label>
            <font>-</font>
            <onclick>PreviousMenu</onclick>
            <texturefocus>DialogCloseButton-focus.png</texturefocus>
            <texturenofocus>DialogCloseButton.png</texturenofocus>
            <onleft>10</onleft>
            <onright>10</onright>
            <onup>10</onup>
            <ondown>10</ondown>
            <visible>system.getbool(input.enablemouse)</visible>
        </control>
        <control type="grouplist" id="5">
            <description>control area</description>
            <posx>45</posx>
            <posy>105</posy>
            <width>1005</width>
            <height>765</height>
            <itemgap>8</itemgap>
            <onup>9001</onup>
            <ondown>9001</ondown>
            <onleft>9001</onleft>
            <onright>9001</onright>
        </control>
        <control type="group" id="9001">
            <posx>240</posx>
            <posy>885</posy>
            <control type="button" id="28">
                <description>OK Button</description>
                <posx>0</posx>
                <posy>0</posy>
                <width>300</width>
                <height>60</height>
                <align>center</align>
                <aligny>center</aligny>
                <font>engsmall</font>
                <label>186</label>
                <onleft>29</onleft>
                <onright>29</onright>
                <onup>5</onup>
                <ondown>5</ondown>
            </control>
            <control type="button" id="29">
                <description>Cancel Button</description>
                <posx>315</posx>
                <posy>0</posy>
                <width>300</width>
                <height>60</height>
                <align>center</align>
                <aligny>center</aligny>
                <font>engsmall</font>
                <label>222</label>
                <onleft>28</onleft>
                <onright>28</onright>
                <onup>5</onup>
                <ondown>5</ondown>
            </control>
        </control>
        <control type="button" id="7">
            <description>Default Button</description>
            <height>60</height>
            <font>engsmall</font>
            <textcolor>Grey2</textcolor>
            <focusedcolor>White</focusedcolor>
            <texturefocus border="5">button-focus2.png</texturefocus>
            <texturenofocus border="5">button-nofocus.png</texturenofocus>
        </control>
        <control type="radiobutton" id="8">
            <description>Default RadioButton</description>
            <height>60</height>
            <font>engsmall</font>
            <textcolor>Grey2</textcolor>
            <focusedcolor>White</focusedcolor>
            <texturefocus border="5">button-focus2.png</texturefocus>
            <texturenofocus border="5">button-nofocus.png</texturenofocus>
        </control>
        <control type="spincontrolex" id="9">
            <description>Default spincontrolex</description>
            <height>60</height>
            <textcolor>Grey2</textcolor>
            <focusedcolor>White</focusedcolor>
            <texturefocus border="5">button-focus2.png</texturefocus>
            <texturenofocus border="5">button-nofocus.png</texturenofocus>
            <font>engsmall</font>
            <aligny>center</aligny>
            <reverse>yes</reverse>
        </control>
        <control type="sliderex" id="10">
            <description>Default Slider</description>
            <height>60</height>
            <texturefocus border="5">button-focus2.png</texturefocus>
            <texturenofocus border="5">button-nofocus.png</texturenofocus>
            <font>engsmall</font>
            <textcolor>Grey2</textcolor>
            <focusedcolor>White</focusedcolor>
        </control>
        <control type="image" id="11">
            <description>Default Seperator</description>
            <height>3</height>
            <texture>separator2.png</texture>
        </control>
        <control type="edit" id="12">
            <description>Default Edit</description>
            <height>60</height>
            <font>engsmall</font>
            <textcolor>Grey2</textcolor>
            <focusedcolor>White</focusedcolor>
            <texturefocus border="5">button-focus2.png</texturefocus>
            <texturenofocus border="5">button-nofocus.png</texturenofocus>
        </control>
    </controls>
</window>