<window>
    <animation effect="fade" time="100">WindowOpen</animation>
    <animation effect="fade" time="200">WindowClose</animation>
    <coordinates>
        <system>1</system>
        <posx>0</posx>
        <posy>0</posy>
    </coordinates>
    <controls>
        <control type="group">
            <posx>1605</posx>
            <posy>960</posy>
            <control type="image">
                <description>background image</description>
                <posx>0</posx>
                <posy>0</posy>
                <width>300</width>
                <height>105</height>
                <texture border="20">OverlayDialogBackground.png</texture>
            </control>
            <control type="image">
                <description>Busy animation</description>
                <posx>30</posx>
                <posy>30</posy>
                <width>48</width>
                <height>48</height>
                <texture>busy.png</texture>
                <aspectratio>keep</aspectratio>
                <animation effect="rotate" start="0" end="540" center="36,36" time="1200" loop="true" condition="true">conditional</animation>
            </control>
            <control type="label">
                <description>Busy label</description>
                <posx>90</posx>
                <posy>30</posy>
                <width>180</width>
                <height>48</height>
                <align>left</align>
                <aligny>center</aligny>
                <label>$LOCALIZE[31004]</label>
                <font>engsmall</font>
            </control>
            <control type="progress" id="10">
                <description>Progressbar</description>
                <posx>30</posx>
                <posy>80</posy>
                <width>240</width>
                <height>12</height>
            </control>
        </control>
    </controls>
</window>