<window>
    <defaultcontrol always="true">7</defaultcontrol>
    <coordinates>
        <system>1</system>
        <posx>30</posx>
        <posy>45</posy>
        <origin x="275" y="30">![Window.IsVisible(FullscreenVideo) | Window.IsVisible(Visualisation)]</origin>
    </coordinates>
    <include>dialogeffect</include>
    <controls>
        <control type="group">
            <control type="image">
                <description>background image</description>
                <posx>0</posx>
                <posy>0</posy>
                <width>1095</width>
                <height>990</height>
                <texture border="40">DialogBack2.png</texture>
                <visible>Window.IsVisible(FullscreenVideo) | Window.IsVisible(Visualisation)</visible>
            </control>
            <control type="image">
                <description>background image</description>
                <posx>0</posx>
                <posy>0</posy>
                <width>1095</width>
                <height>990</height>
                <texture border="40">DialogBack.png</texture>
                <visible>![Window.IsVisible(FullscreenVideo) | Window.IsVisible(Visualisation)]</visible>
            </control>
            <control type="image">
                <description>Dialog Header image</description>
                <posx>60</posx>
                <posy>24</posy>
                <width>975</width>
                <height>60</height>
                <texture>dialogheader.png</texture>
            </control>
            <control type="label">
                <description>header label</description>
                <posx>60</posx>
                <posy>30</posy>
                <width>975</width>
                <height>45</height>
                <font>engsmall</font>
                <label>$LOCALIZE[19047]</label>
                <align>center</align>
                <aligny>center</aligny>
                <textcolor>selected</textcolor>
                <shadowcolor>Black</shadowcolor>
            </control>
            <control type="button">
                <description>Close Window button</description>
                <posx>960</posx>
                <posy>22</posy>
                <width>96</width>
                <height>48</height>
                <label>-</label>
                <font>-</font>
                <onclick>PreviousMenu</onclick>
                <texturefocus>DialogCloseButton-focus.png</texturefocus>
                <texturenofocus>DialogCloseButton.png</texturenofocus>
                <onleft>10</onleft>
                <onright>10</onright>
                <onup>10</onup>
                <ondown>10</ondown>
                <visible>system.getbool(input.enablemouse)</visible>
            </control>
            <control type="label">
                <description>Title label</description>
                <posx>60</posx>
                <posy>105</posy>
                <width>975</width>
                <height>45</height>
                <font>engsmall</font>
                <label>$INFO[ListItem.Title]</label>
                <align>center</align>
                <aligny>center</aligny>
                <textcolor>Blue</textcolor>
                <shadowcolor>Black</shadowcolor>
            </control>
            <control type="group">
                <control type="group">
                    <posx>60</posx>
                    <posy>180</posy>
                    <control type="label">
                        <description>Time description</description>
                        <posx>255</posx>
                        <posy>0</posy>
                        <width>255</width>
                        <height>38</height>
                        <align>right</align>
                        <aligny>center</aligny>
                        <font>engsmall</font>
                        <textcolor>Blue</textcolor>
                        <label>$LOCALIZE[142]</label>
                    </control>
                    <control type="label">
                        <description>Time value</description>
                        <posx>270</posx>
                        <posy>0</posy>
                        <width>705</width>
                        <height>38</height>
                        <align>left</align>
                        <aligny>center</aligny>
                        <font>engsmall</font>
                        <textcolor>White</textcolor>
                        <label>$INFO[ListItem.StartTime] - $INFO[ListItem.EndTime] ($INFO[ListItem.StartDate])</label>
                    </control>
                    <control type="label">
                        <description>Duration</description>
                        <posx>255</posx>
                        <posy>52</posy>
                        <width>255</width>
                        <height>38</height>
                        <align>right</align>
                        <aligny>center</aligny>
                        <font>engsmall</font>
                        <textcolor>Blue</textcolor>
                        <label>$LOCALIZE[180]:</label>
                    </control>
                    <control type="label">
                        <description>Duration value</description>
                        <posx>270</posx>
                        <posy>52</posy>
                        <width>705</width>
                        <height>38</height>
                        <align>left</align>
                        <aligny>center</aligny>
                        <font>engsmall</font>
                        <textcolor>White</textcolor>
                        <label>$INFO[ListItem.Duration]</label>
                    </control>
                    <control type="label">
                        <description>Channel Name</description>
                        <posx>255</posx>
                        <posy>105</posy>
                        <width>255</width>
                        <height>38</height>
                        <align>right</align>
                        <aligny>center</aligny>
                        <font>engsmall</font>
                        <textcolor>Blue</textcolor>
                        <label>$LOCALIZE[19148]:</label>
                    </control>
                    <control type="fadelabel">
                        <description>Channel Value</description>
                        <posx>270</posx>
                        <posy>105</posy>
                        <width>705</width>
                        <height>38</height>
                        <align>left</align>
                        <aligny>center</aligny>
                        <font>engsmall</font>
                        <textcolor>White</textcolor>
                        <label>$INFO[ListItem.ChannelName]</label>
                    </control>
                    <control type="label">
                        <description>Genre</description>
                        <posx>255</posx>
                        <posy>158</posy>
                        <width>255</width>
                        <height>38</height>
                        <align>right</align>
                        <aligny>center</aligny>
                        <font>engsmall</font>
                        <textcolor>Blue</textcolor>
                        <label>$LOCALIZE[135]:</label>
                    </control>
                    <control type="label">
                        <description>Genre value</description>
                        <posx>270</posx>
                        <posy>158</posy>
                        <width>705</width>
                        <label fallback="161">$INFO[ListItem.Genre]</label>
                        <align>left</align>
                        <font>engsmall</font>
                        <scroll>true</scroll>
                    </control>
                </control>
                <control type="textbox" id="400">
                    <description>Plot value</description>
                    <posx>60</posx>
                    <posy>412</posy>
                    <width>975</width>
                    <height>442</height>
                    <font>engsmall</font>
                    <align>justify</align>
                    <textcolor>White</textcolor>
                    <shadowcolor>Black</shadowcolor>
                    <pagecontrol>-</pagecontrol>
                    <autoscroll time="2000" delay="3000" repeat="5000">true</autoscroll>
                    <label fallback="161">$INFO[ListItem.Plot]</label>
                </control>
                <control type="grouplist" id="9000">
                    <posx>60</posx>
                    <posy>885</posy>
                    <width>960</width>
                    <height>60</height>
                    <itemgap>8</itemgap>
                    <align>center</align>
                    <orientation>horizontal</orientation>
                    <onleft>9000</onleft>
                    <onright>9000</onright>
                    <onup>60</onup>
                    <ondown>60</ondown>
                    <control type="button" id="5">
                        <description>Switch to Channel</description>
                        <include>ButtonInfoDialogsCommonValues</include>
                        <label>19165</label>
                    </control>
                    <control type="button" id="6">
                        <description>Record</description>
                        <include>ButtonInfoDialogsCommonValues</include>
                        <label>-</label>
                    </control>
                    <control type="button" id="7">
                        <description>OK</description>
                        <include>ButtonInfoDialogsCommonValues</include>
                        <label>186</label>
                    </control>
                </control>
            </control>
        </control>
    </controls>
</window>