<window>
    <defaultcontrol></defaultcontrol>
    <animation effect="slide" start="0,-105" end="0,0" time="100">WindowOpen</animation>
    <animation effect="slide" start="0,0" end="0,-158" delay="400" time="100">WindowClose</animation>
    <controls>
        <control type="group">
            <posx>1080</posx>
            <posy>0</posy>
            <animation effect="slide" end="0,-180" time="200" condition="Window.IsVisible(FullscreenVideo) | Window.IsVisible(Visualisation)">conditional</animation>
            <control type="image">
                <posx>0</posx>
                <posy>-15</posy>
                <width>600</width>
                <height>105</height>
                <texture flipy="true" border="20,20,20,2">InfoMessagePanel.png</texture>
            </control>
            <control type="label" id="30">
                <description>Header Label</description>
                <posx>22</posx>
                <posy>6</posy>
                <width>555</width>
                <height>27</height>
                <font>engsmall</font>
                <textcolor>selected</textcolor>
                <align>left</align>
                <aligny>center</aligny>
            </control>
            <control type="label" id="31">
                <description>Title Label</description>
                <posx>22</posx>
                <posy>30</posy>
                <width>555</width>
                <height>30</height>
                <font>engsmall</font>
                <align>left</align>
                <aligny>center</aligny>
            </control>
            <control type="progress" id="32">
                <description>progress control</description>
                <posx>22</posx>
                <posy>63</posy>
                <width>555</width>
                <height>12</height>
            </control>
        </control>
    </controls>
</window>