<window type="dialog">
    <defaultcontrol always="true">3</defaultcontrol>
    <coordinates>
        <system>1</system>
        <posx>502</posx>
        <posy>52</posy>
    </coordinates>
    <include>dialogeffect</include>
    <controls>
        <control type="image">
            <description>background image</description>
            <posx>0</posx>
            <posy>0</posy>
            <width>915</width>
            <height>975</height>
            <texture border="40">DialogBack.png</texture>
            <visible>![Window.IsVisible(FullscreenVideo) | Window.IsVisible(Visualisation)]</visible>
        </control>
        <control type="image">
            <description>background image</description>
            <posx>0</posx>
            <posy>0</posy>
            <width>915</width>
            <height>975</height>
            <texture border="40">DialogBack2.png</texture>
            <visible>Window.IsVisible(FullscreenVideo) | Window.IsVisible(Visualisation)</visible>
        </control>
        <control type="image">
            <description>Dialog Header image</description>
            <posx>60</posx>
            <posy>24</posy>
            <width>795</width>
            <height>60</height>
            <texture>dialogheader.png</texture>
        </control>
        <control type="label" id="1">
            <description>header label</description>
            <posx>60</posx>
            <posy>30</posy>
            <width>795</width>
            <height>45</height>
            <font>engsmall</font>
            <label>$LOCALIZE[13406]</label>
            <align>center</align>
            <aligny>center</aligny>
            <textcolor>selected</textcolor>
            <shadowcolor>Black</shadowcolor>
        </control>
        <control type="button">
            <description>Close Window button</description>
            <posx>780</posx>
            <posy>22</posy>
            <width>96</width>
            <height>48</height>
            <label>-</label>
            <font>-</font>
            <onclick>PreviousMenu</onclick>
            <texturefocus>DialogCloseButton-focus.png</texturefocus>
            <texturenofocus>DialogCloseButton.png</texturenofocus>
            <onleft>10</onleft>
            <onright>10</onright>
            <onup>10</onup>
            <ondown>10</ondown>
            <visible>system.getbool(input.enablemouse)</visible>
        </control>
        <control type="list" id="3">
            <posx>30</posx>
            <posy>100</posy>
            <width>825</width>
            <height>759</height>
            <onup>3</onup>
            <ondown>3</ondown>
            <onleft>5</onleft>
            <onright>61</onright>
            <pagecontrol>61</pagecontrol>
            <scrolltime>200</scrolltime>
            <animation effect="slide" start="0,0" end="22,0" time="0" condition="!Control.IsVisible(61)">Conditional</animation>
            <itemlayout height="69" width="825">
                <control type="image">
                    <posx>0</posx>
                    <posy>0</posy>
                    <width>825</width>
                    <height>60</height>
                    <texture border="5">button-nofocus.png</texture>
                </control>
                <control type="label">
                    <posx>30</posx>
                    <posy>0</posy>
                    <width>765</width>
                    <height>60</height>
                    <font>engsmall</font>
                    <textcolor>Grey2</textcolor>
                    <selectedcolor>selected</selectedcolor>
                    <align>left</align>
                    <aligny>center</aligny>
                    <label>$INFO[ListItem.Label]</label>
                </control>
            </itemlayout>
            <focusedlayout height="69" width="825">
                <control type="image">
                    <posx>0</posx>
                    <posy>0</posy>
                    <width>825</width>
                    <height>60</height>
                    <texture border="5">button-nofocus.png</texture>
                    <visible>!Control.HasFocus(3)</visible>
                    <include>VisibleFadeEffect</include>
                </control>
                <control type="image">
                    <posx>0</posx>
                    <posy>0</posy>
                    <width>825</width>
                    <height>60</height>
                    <texture border="5">button-focus2.png</texture>
                    <visible>Control.HasFocus(3)</visible>
                    <include>VisibleFadeEffect</include>
                </control>
                <control type="label">
                    <posx>30</posx>
                    <posy>0</posy>
                    <width>765</width>
                    <height>60</height>
                    <font>engsmall</font>
                    <textcolor>White</textcolor>
                    <selectedcolor>selected</selectedcolor>
                    <align>left</align>
                    <aligny>center</aligny>
                    <label>$INFO[ListItem.Label]</label>
                </control>
            </focusedlayout>
        </control>
        <control type="list" id="6">
            <posx>30</posx>
            <posy>98</posy>
            <width>825</width>
            <height>765</height>
            <onup>6</onup>
            <ondown>6</ondown>
            <onleft>5</onleft>
            <onright>61</onright>
            <pagecontrol>61</pagecontrol>
            <scrolltime>200</scrolltime>
            <animation effect="slide" start="0,0" end="22,0" time="0" condition="!Control.IsVisible(61)">Conditional</animation>
            <itemlayout height="128" width="825">
                <control type="image">
                    <posx>0</posx>
                    <posy>0</posy>
                    <width>825</width>
                    <height>120</height>
                    <texture border="5">button-nofocus.png</texture>
                </control>
                <control type="image">
                    <posx>3</posx>
                    <posy>3</posy>
                    <width>120</width>
                    <height>114</height>
                    <texture>$INFO[Listitem.Icon]</texture>
                    <bordertexture border="3">Black-back2.png</bordertexture>
                    <bordersize>2</bordersize>
                </control>
                <control type="label">
                    <posx>135</posx>
                    <posy>0</posy>
                    <width>675</width>
                    <height>45</height>
                    <font>engsmall</font>
                    <textcolor>Grey</textcolor>
                    <selectedcolor>selected</selectedcolor>
                    <align>left</align>
                    <aligny>center</aligny>
                    <label>[B]$INFO[ListItem.Label][/B]</label>
                </control>
                <control type="textbox">
                    <posx>135</posx>
                    <posy>45</posy>
                    <width>675</width>
                    <height>75</height>
                    <font>engsmall</font>
                    <textcolor>Grey</textcolor>
                    <selectedcolor>selected</selectedcolor>
                    <align>left</align>
                    <label>$INFO[ListItem.Property(Addon.Summary)]</label>
                </control>
            </itemlayout>
            <focusedlayout height="128" width="825">
                <control type="image">
                    <posx>0</posx>
                    <posy>0</posy>
                    <width>825</width>
                    <height>120</height>
                    <texture border="5">button-nofocus.png</texture>
                    <visible>!Control.HasFocus(6)</visible>
                    <include>VisibleFadeEffect</include>
                </control>
                <control type="image">
                    <posx>0</posx>
                    <posy>0</posy>
                    <width>825</width>
                    <height>120</height>
                    <texture border="5">button-focus2.png</texture>
                    <visible>Control.HasFocus(6)</visible>
                    <include>VisibleFadeEffect</include>
                </control>
                <control type="image">
                    <posx>3</posx>
                    <posy>3</posy>
                    <width>120</width>
                    <height>114</height>
                    <texture>$INFO[Listitem.Icon]</texture>
                    <bordertexture border="3">Black-back2.png</bordertexture>
                    <bordersize>2</bordersize>
                </control>
                <control type="label">
                    <posx>135</posx>
                    <posy>0</posy>
                    <width>675</width>
                    <height>45</height>
                    <font>engsmall</font>
                    <textcolor>White</textcolor>
                    <selectedcolor>selected</selectedcolor>
                    <align>left</align>
                    <aligny>center</aligny>
                    <label>[B]$INFO[ListItem.Label][/B]</label>
                </control>
                <control type="textbox">
                    <posx>135</posx>
                    <posy>45</posy>
                    <width>675</width>
                    <height>75</height>
                    <font>engsmall</font>
                    <textcolor>Grey</textcolor>
                    <selectedcolor>selected</selectedcolor>
                    <align>left</align>
                    <label>$INFO[ListItem.Property(Addon.Summary)]</label>
                </control>
            </focusedlayout>
        </control>
        <control type="scrollbar" id="61">
            <posx>855</posx>
            <posy>98</posy>
            <width>38</width>
            <height>765</height>
            <texturesliderbackground border="0,14,0,14">ScrollBarV.png</texturesliderbackground>
            <texturesliderbar border="0,14,0,14">ScrollBarV_bar.png</texturesliderbar>
            <texturesliderbarfocus border="0,14,0,14">ScrollBarV_bar_focus.png</texturesliderbarfocus>
            <textureslidernib>ScrollBarNib.png</textureslidernib>
            <textureslidernibfocus>ScrollBarNib.png</textureslidernibfocus>
            <onleft>3</onleft>
            <onright>3</onright>
            <ondown>61</ondown>
            <onup>61</onup>
            <showonepage>false</showonepage>
            <orientation>vertical</orientation>
        </control>
        <control type="label">
            <description>number of files/pages in list text label</description>
            <posx>870</posx>
            <posy>878</posy>
            <width>450</width>
            <height>52</height>
            <font>engsmall</font>
            <align>right</align>
            <aligny>center</aligny>
            <scroll>true</scroll>
            <textcolor>Grey</textcolor>
            <label>([COLOR=Blue]$INFO[Container(3).NumItems][/COLOR]) $LOCALIZE[31025] - $LOCALIZE[31024] ([COLOR=Blue]$INFO[Container(3).CurrentPage]/$INFO[Container(3).NumPages][/COLOR])</label>
            <visible>Control.IsVisible(3)</visible>
        </control>
        <control type="label">
            <description>number of files/pages in list text label</description>
            <posx>870</posx>
            <posy>880</posy>
            <width>450</width>
            <height>52</height>
            <font>engsmall</font>
            <align>right</align>
            <aligny>center</aligny>
            <scroll>true</scroll>
            <textcolor>Grey</textcolor>
            <label>([COLOR=Blue]$INFO[Container(6).NumItems][/COLOR]) $LOCALIZE[31025] - $LOCALIZE[31024] ([COLOR=Blue]$INFO[Container(6).CurrentPage]/$INFO[Container(6).NumPages][/COLOR])</label>
            <visible>Control.IsVisible(6)</visible>
        </control>
        <control type="button" id="5">
            <description>Manual button</description>
            <posx>30</posx>
            <posy>878</posy>
            <width>300</width>
            <height>60</height>
            <label>186</label>
            <font>engsmall</font>
            <textcolor>White</textcolor>
            <focusedcolor>White</focusedcolor>
            <align>center</align>
            <onleft>61</onleft>
            <onright>3</onright>
            <onup>3</onup>
            <ondown>3</ondown>
        </control>
    </controls>
</window>