<window>
    <defaultcontrol always="true">5</defaultcontrol>
    <allowoverlay>no</allowoverlay>
    <controls>
        <control type="group">
            <visible>!Window.IsVisible(FileBrowser)</visible>
            <animation effect="slide" start="1650,0" end="0,0" time="400" tween="quadratic" easing="out">WindowOpen</animation>
            <animation effect="slide" start="0,0" end="2475,0" time="400" tween="quadratic" easing="out">WindowClose</animation>
            <control type="image">
                <posx>270</posx>
                <posy>0</posy>
                <width>1650</width>
                <height>1080</height>
                <texture border="15,0,0,0" flipx="true">MediaBladeSub.png</texture>
            </control>
            <control type="button">
                <description>Close Window button</description>
                <posx>345</posx>
                <posy>0</posy>
                <width>96</width>
                <height>48</height>
                <label>-</label>
                <font>-</font>
                <onclick>PreviousMenu</onclick>
                <texturefocus>DialogCloseButton-focus.png</texturefocus>
                <texturenofocus>DialogCloseButton.png</texturenofocus>
                <onleft>9000</onleft>
                <onright>9000</onright>
                <onup>9000</onup>
                <ondown>9000</ondown>
                <visible>system.getbool(input.enablemouse)</visible>
            </control>
            <control type="group">
                <animation effect="fade" delay="400" start="0" end="100" time="200">WindowOpen</animation>
                <animation effect="fade" start="100" end="0" time="200">WindowClose</animation>
                <control type="label">
                    <description>Album header label</description>
                    <posx>315</posx>
                    <posy>75</posy>
                    <width>1545</width>
                    <height>45</height>
                    <font>engsmall</font>
                    <label>$INFO[Listitem.Album]</label>
                    <align>center</align>
                    <aligny>center</aligny>
                    <textcolor>White</textcolor>
                    <shadowcolor>Black</shadowcolor>
                    <visible>container.content(Albums)</visible>
                </control>
                <control type="label">
                    <description>Artist header label</description>
                    <posx>315</posx>
                    <posy>75</posy>
                    <width>1545</width>
                    <height>45</height>
                    <font>engsmall</font>
                    <label>$INFO[Listitem.Artist]</label>
                    <align>center</align>
                    <aligny>center</aligny>
                    <textcolor>White</textcolor>
                    <shadowcolor>Black</shadowcolor>
                    <visible>container.content(Artists)</visible>
                </control>
                <control type="group">
                    <visible>Control.HasFocus(12)</visible>
                    <posy>135</posy>
                    <posx>580</posx>
                    <include>VisibleFadeEffect</include>
                    <control type="image">
                        <description>Current Fanart image</description>
                        <posx>0</posx>
                        <posy>0</posy>
                        <width>1012</width>
                        <height>570</height>
                        <texture background="true">$INFO[ListItem.Art(fanart)]</texture>
                        <bordertexture border="5">button-nofocus.png</bordertexture>
                        <bordersize>4</bordersize>
                        <aspectratio>keep</aspectratio>
                        <visible>!IsEmpty(Listitem.Property(Fanart_Image))</visible>
                    </control>
                    <control type="group">
                        <visible>IsEmpty(Listitem.Property(Fanart_Image))</visible>
                        <control type="image">
                            <description>No Fanart Back</description>
                            <posx>0</posx>
                            <posy>0</posy>
                            <width>1012</width>
                            <height>570</height>
                            <texture>Fanart_Fallback_Music_Small.jpg</texture>
                            <bordertexture border="5">button-nofocus.png</bordertexture>
                            <bordersize>4</bordersize>
                            <aspectratio>stretch</aspectratio>
                            <colordiffuse>88FFFFFF</colordiffuse>
                        </control>
                        <control type="label">
                            <posx>0</posx>
                            <posy>0</posy>
                            <width>1012</width>
                            <height>570</height>
                            <font>engsmall_title</font>
                            <textcolor>White</textcolor>
                            <shadowcolor>Black</shadowcolor>
                            <align>center</align>
                            <aligny>center</aligny>
                            <label>31311</label>
                        </control>
                    </control>
                </control>
                <control type="group">
                    <visible>container.content(Albums) + !Control.HasFocus(12)</visible>
                    <posy>135</posy>
                    <posx>315</posx>
                    <include>VisibleFadeEffect</include>
                    <control type="image">
                        <posx>0</posx>
                        <posy>0</posy>
                        <width>570</width>
                        <height>540</height>
                        <aspectratio>keep</aspectratio>
                        <bordertexture border="5">button-nofocus.png</bordertexture>
                        <bordersize>4</bordersize>
                        <texture background="true">$INFO[ListItem.Icon]</texture>
                    </control>
                    <control type="list" id="49">
                        <posx>585</posx>
                        <posy>30</posy>
                        <width>960</width>
                        <height>495</height>
                        <onleft>49</onleft>
                        <onright>49</onright>
                        <onup>9000</onup>
                        <ondown>61</ondown>
                        <pagecontrol>-</pagecontrol>
                        <scrolltime>200</scrolltime>
                        <itemlayout height="45">
                            <control type="label">
                                <posx>210</posx>
                                <posy>0</posy>
                                <width>240</width>
                                <height>45</height>
                                <font>engsmall</font>
                                <align>right</align>
                                <aligny>center</aligny>
                                <textcolor>Blue</textcolor>
                                <selectedcolor>selected</selectedcolor>
                                <info>ListItem.Label</info>
                            </control>
                            <control type="label">
                                <posx>225</posx>
                                <posy>0</posy>
                                <width>750</width>
                                <height>45</height>
                                <font>engsmall</font>
                                <align>left</align>
                                <aligny>center</aligny>
                                <textcolor>White</textcolor>
                                <selectedcolor>White</selectedcolor>
                                <info>ListItem.Label2</info>
                            </control>
                        </itemlayout>
                        <focusedlayout height="45">
                            <control type="image">
                                <posx>0</posx>
                                <posy>0</posy>
                                <width>960</width>
                                <height>45</height>
                                <visible>Control.HasFocus(49)</visible>
                                <texture>MenuItemFO.png</texture>
                                <include>VisibleFadeEffect</include>
                            </control>
                            <control type="label">
                                <posx>210</posx>
                                <posy>0</posy>
                                <width>240</width>
                                <height>45</height>
                                <font>engsmall</font>
                                <align>right</align>
                                <aligny>center</aligny>
                                <textcolor>Blue</textcolor>
                                <selectedcolor>selected</selectedcolor>
                                <info>ListItem.Label</info>
                            </control>
                            <control type="label">
                                <posx>225</posx>
                                <posy>0</posy>
                                <width>750</width>
                                <height>45</height>
                                <font>engsmall</font>
                                <align>left</align>
                                <aligny>center</aligny>
                                <textcolor>White</textcolor>
                                <selectedcolor>White</selectedcolor>
                                <info>ListItem.Label2</info>
                            </control>
                        </focusedlayout>
                        <content>
                            <item>
                                <label>$LOCALIZE[557]:</label>
                                <label2>$INFO[ListItem.Artist]</label2>
                                <onclick>-</onclick>
                                <visible>!IsEmpty(ListItem.Artist)</visible>
                            </item>
                            <item>
                                <label>$LOCALIZE[515]:</label>
                                <label2>$INFO[ListItem.Genre]</label2>
                                <onclick>-</onclick>
                                <visible>!IsEmpty(ListItem.Genre)</visible>
                            </item>
                            <item>
                                <label>$LOCALIZE[563]:</label>
                                <label2>$INFO[ListItem.Rating]</label2>
                                <onclick>-</onclick>
                                <visible>!IsEmpty(ListItem.Rating)</visible>
                            </item>
                            <item>
                                <label>$LOCALIZE[175]:</label>
                                <label2>$INFO[ListItem.Property(Album_Mood)]</label2>
                                <onclick>-</onclick>
                                <visible>!IsEmpty(ListItem.Property(Album_Mood))</visible>
                            </item>
                            <item>
                                <label>$LOCALIZE[176]:</label>
                                <label2>$INFO[ListItem.Property(Album_Style)]</label2>
                                <onclick>-</onclick>
                                <visible>!IsEmpty(ListItem.Property(Album_Style))</visible>
                            </item>
                            <item>
                                <label>$LOCALIZE[21895]:</label>
                                <label2>$INFO[ListItem.Property(Album_Theme)]</label2>
                                <onclick>-</onclick>
                                <visible>!IsEmpty(ListItem.Property(Album_Theme))</visible>
                            </item>
                            <item>
                                <label>146</label>
                                <label2>$INFO[ListItem.Property(Album_Type)]</label2>
                                <onclick>-</onclick>
                                <visible>!IsEmpty(ListItem.Property(Album_Type))</visible>
                            </item>
                            <item>
                                <label>$LOCALIZE[21899]:</label>
                                <label2>$INFO[ListItem.Property(Album_Label)]</label2>
                                <onclick>-</onclick>
                                <visible>!IsEmpty(ListItem.Property(Album_Label))</visible>
                            </item>
                            <item>
                                <label>$LOCALIZE[562]:</label>
                                <label2>$INFO[ListItem.Year]</label2>
                                <onclick>-</onclick>
                                <visible>!IsEmpty(ListItem.Year)</visible>
                            </item>
                        </content>
                    </control>
                    <control type="image">
                        <posx>585</posx>
                        <posy>555</posy>
                        <width>960</width>
                        <height>6</height>
                        <aspectratio>stretch</aspectratio>
                        <texture>separator.png</texture>
                    </control>
                </control>
                <control type="group">
                    <visible>container.content(Artists) + !Control.HasFocus(12)</visible>
                    <posy>135</posy>
                    <posx>315</posx>
                    <include>VisibleFadeEffect</include>
                    <control type="image">
                        <posx>0</posx>
                        <posy>0</posy>
                        <width>570</width>
                        <height>540</height>
                        <aspectratio>keep</aspectratio>
                        <bordertexture border="5">button-nofocus.png</bordertexture>
                        <bordersize>4</bordersize>
                        <texture background="true">$INFO[ListItem.Icon]</texture>
                    </control>
                    <control type="list" id="49">
                        <posx>585</posx>
                        <posy>30</posy>
                        <width>960</width>
                        <height>495</height>
                        <onleft>49</onleft>
                        <onright>49</onright>
                        <onup>9000</onup>
                        <ondown>61</ondown>
                        <pagecontrol>-</pagecontrol>
                        <scrolltime>200</scrolltime>
                        <itemlayout height="45">
                            <control type="label">
                                <posx>248</posx>
                                <posy>0</posy>
                                <width>240</width>
                                <height>45</height>
                                <font>engsmall</font>
                                <align>right</align>
                                <aligny>center</aligny>
                                <textcolor>Blue</textcolor>
                                <selectedcolor>selected</selectedcolor>
                                <info>ListItem.Label</info>
                            </control>
                            <control type="label">
                                <posx>262</posx>
                                <posy>0</posy>
                                <width>698</width>
                                <height>45</height>
                                <font>engsmall</font>
                                <align>left</align>
                                <aligny>center</aligny>
                                <textcolor>White</textcolor>
                                <selectedcolor>White</selectedcolor>
                                <info>ListItem.Label2</info>
                            </control>
                        </itemlayout>
                        <focusedlayout height="45">
                            <control type="image">
                                <posx>0</posx>
                                <posy>0</posy>
                                <width>960</width>
                                <height>45</height>
                                <visible>Control.HasFocus(49)</visible>
                                <texture>MenuItemFO.png</texture>
                                <include>VisibleFadeEffect</include>
                            </control>
                            <control type="label">
                                <posx>248</posx>
                                <posy>0</posy>
                                <width>240</width>
                                <height>45</height>
                                <font>engsmall</font>
                                <align>right</align>
                                <aligny>center</aligny>
                                <textcolor>Blue</textcolor>
                                <selectedcolor>selected</selectedcolor>
                                <info>ListItem.Label</info>
                            </control>
                            <control type="label">
                                <posx>262</posx>
                                <posy>0</posy>
                                <width>698</width>
                                <height>45</height>
                                <font>engsmall</font>
                                <align>left</align>
                                <aligny>center</aligny>
                                <textcolor>White</textcolor>
                                <selectedcolor>White</selectedcolor>
                                <info>ListItem.Label2</info>
                            </control>
                        </focusedlayout>
                        <content>
                            <item>
                                <label>$LOCALIZE[21893]:</label>
                                <label2>$INFO[ListItem.Property(Artist_Born)]</label2>
                                <onclick>-</onclick>
                                <visible>!IsEmpty(ListItem.Property(Artist_Born))</visible>
                            </item>
                            <item>
                                <label>$LOCALIZE[21894]:</label>
                                <label2>$INFO[ListItem.Property(Artist_Formed)]</label2>
                                <onclick>-</onclick>
                                <visible>!IsEmpty(ListItem.Property(Artist_Formed))</visible>
                            </item>
                            <item>
                                <label>$LOCALIZE[515]:</label>
                                <label2>$INFO[ListItem.Genre]</label2>
                                <onclick>-</onclick>
                                <visible>!IsEmpty(ListItem.Genre)</visible>
                            </item>
                            <item>
                                <label>$LOCALIZE[175]:</label>
                                <label2>$INFO[ListItem.Property(Artist_Mood)]</label2>
                                <onclick>-</onclick>
                                <visible>!IsEmpty(ListItem.Property(Artist_Mood))</visible>
                            </item>
                            <item>
                                <label>$LOCALIZE[176]:</label>
                                <label2>$INFO[ListItem.Property(Artist_Style)]</label2>
                                <onclick>-</onclick>
                                <visible>!IsEmpty(ListItem.Property(Artist_Style))</visible>
                            </item>
                            <item>
                                <label>$LOCALIZE[21892]:</label>
                                <label2>$INFO[ListItem.Property(Artist_Instrument)]</label2>
                                <onclick>-</onclick>
                                <visible>!IsEmpty(ListItem.Property(Artist_Instrument))</visible>
                            </item>
                            <item>
                                <label>$LOCALIZE[21897]:</label>
                                <label2>$INFO[ListItem.Property(Artist_Died)]</label2>
                                <onclick>-</onclick>
                                <visible>!IsEmpty(ListItem.Property(Artist_Died))</visible>
                            </item>
                            <item>
                                <label>$LOCALIZE[21896]:</label>
                                <label2>$INFO[ListItem.Property(Artist_Disbanded)]</label2>
                                <onclick>-</onclick>
                                <visible>!IsEmpty(ListItem.Property(Artist_Disbanded))</visible>
                            </item>
                            <item>
                                <label>$LOCALIZE[21898]:</label>
                                <label2>$INFO[ListItem.Property(Artist_YearsActive)]</label2>
                                <onclick>-</onclick>
                                <visible>!IsEmpty(ListItem.Property(Artist_YearsActive))</visible>
                            </item>
                        </content>
                    </control>
                    <control type="image">
                        <posx>585</posx>
                        <posy>555</posy>
                        <width>960</width>
                        <height>6</height>
                        <aspectratio>stretch</aspectratio>
                        <texture>separator.png</texture>
                    </control>
                </control>
                <control type="label">
                    <posx>195r</posx>
                    <posy>720</posy>
                    <width>600</width>
                    <height>45</height>
                    <font>engsmall</font>
                    <textcolor>Grey2</textcolor>
                    <shadowcolor>Black</shadowcolor>
                    <scroll>true</scroll>
                    <align>right</align>
                    <aligny>center</aligny>
                    <label>[COLOR=Blue]$LOCALIZE[21821][/COLOR]$INFO[Container(4).CurrentPage, ( $LOCALIZE[31024] ]$INFO[Container(4).NumPages,/, )]</label>
                    <visible>Control.IsVisible(4)</visible>
                </control>
                <control type="label">
                    <posx>195r</posx>
                    <posy>720</posy>
                    <width>600</width>
                    <height>45</height>
                    <font>engsmall</font>
                    <textcolor>Grey2</textcolor>
                    <shadowcolor>Black</shadowcolor>
                    <scroll>true</scroll>
                    <align>right</align>
                    <aligny>center</aligny>
                    <label>[COLOR=Blue]$LOCALIZE[182][/COLOR]$INFO[Container(50).CurrentPage, ( $LOCALIZE[31024] ]$INFO[Container(50).NumPages,/, )]</label>
                    <visible>Control.IsVisible(50) + Container.Content(Albums)</visible>
                </control>
                <control type="label">
                    <posx>195r</posx>
                    <posy>720</posy>
                    <width>600</width>
                    <height>45</height>
                    <font>engsmall</font>
                    <textcolor>Grey2</textcolor>
                    <shadowcolor>Black</shadowcolor>
                    <scroll>true</scroll>
                    <align>right</align>
                    <aligny>center</aligny>
                    <label>[COLOR=Blue]$LOCALIZE[132][/COLOR]$INFO[Container(50).CurrentPage, ( $LOCALIZE[31024] ]$INFO[Container(50).NumPages,/, )]</label>
                    <visible>Control.IsVisible(50) + Container.Content(Artists)</visible>
                </control>
                <control type="spincontrol" id="61">
                    <description>Next page button</description>
                    <posx>180r</posx>
                    <posy>728</posy>
                    <subtype>page</subtype>
                    <font>-</font>
                    <onleft>61</onleft>
                    <onright>61</onright>
                    <ondown>9000</ondown>
                    <onup>49</onup>
                    <textcolor>-</textcolor>
                    <showonepage>true</showonepage>
                </control>
                <control type="textbox" id="4">
                    <description>Description</description>
                    <posx>315</posx>
                    <posy>772</posy>
                    <width>1545</width>
                    <height>180</height>
                    <font>engsmall</font>
                    <align>justify</align>
                    <textcolor>White</textcolor>
                    <pagecontrol>61</pagecontrol>
                    <autoscroll time="3000" delay="4000" repeat="5000">!Control.HasFocus(61) + Skin.HasSetting(AutoScroll)</autoscroll>
                    <visible>!Control.IsVisible(50)</visible>
                </control>
                <control type="image">
                    <description>Actor image</description>
                    <posx>315</posx>
                    <posy>720</posy>
                    <width>240</width>
                    <height>240</height>
                    <texture fallback="DefaultAlbumCover.png">$INFO[Container(50).Listitem.Icon]</texture>
                    <aspectratio>keep</aspectratio>
                    <visible>Control.IsVisible(50)</visible>
                </control>
                <control type="panel" id="50">
                    <posx>570</posx>
                    <posy>780</posy>
                    <width>1290</width>
                    <height>180</height>
                    <onleft>9000</onleft>
                    <onright>61</onright>
                    <onup>61</onup>
                    <ondown>9000</ondown>
                    <viewtype label="">list</viewtype>
                    <pagecontrol>61</pagecontrol>
                    <scrolltime>200</scrolltime>
                    <orientation>vertical</orientation>
                    <itemlayout condition="Container.Content(Albums)" height="60" width="645">
                        <control type="image">
                            <posx>0</posx>
                            <posy>0</posy>
                            <width>645</width>
                            <height>60</height>
                            <texture border="5">button-nofocus.png</texture>
                        </control>
                        <control type="label">
                            <posx>15</posx>
                            <posy>0</posy>
                            <width>615</width>
                            <height>60</height>
                            <font>engsmall</font>
                            <align>left</align>
                            <aligny>center</aligny>
                            <selectedcolor>selected</selectedcolor>
                            <label>([COLOR=selected][B]$INFO[ListItem.TrackNumber][/B][/COLOR]) - $INFO[ListItem.Label]</label>
                        </control>
                        <control type="label">
                            <posx>630</posx>
                            <posy>0</posy>
                            <width>300</width>
                            <height>60</height>
                            <font>engsmall</font>
                            <align>right</align>
                            <aligny>center</aligny>
                            <selectedcolor>selected</selectedcolor>
                            <label>$INFO[ListItem.Duration]</label>
                        </control>
                    </itemlayout>
                    <focusedlayout condition="Container.Content(Albums)" height="60" width="645">
                        <control type="image">
                            <posx>0</posx>
                            <posy>0</posy>
                            <width>645</width>
                            <height>60</height>
                            <visible>!Control.HasFocus(50)</visible>
                            <texture border="5">button-nofocus.png</texture>
                        </control>
                        <control type="image">
                            <posx>0</posx>
                            <posy>0</posy>
                            <width>645</width>
                            <height>60</height>
                            <visible>Control.HasFocus(50)</visible>
                            <texture border="5">button-focus2.png</texture>
                        </control>
                        <control type="label">
                            <posx>15</posx>
                            <posy>0</posy>
                            <width>615</width>
                            <height>60</height>
                            <font>engsmall</font>
                            <align>left</align>
                            <aligny>center</aligny>
                            <selectedcolor>selected</selectedcolor>
                            <label>([COLOR=selected][B]$INFO[ListItem.TrackNumber][/B][/COLOR]) - $INFO[ListItem.Label]</label>
                        </control>
                        <control type="label">
                            <posx>630</posx>
                            <posy>0</posy>
                            <width>300</width>
                            <height>60</height>
                            <font>engsmall</font>
                            <align>right</align>
                            <aligny>center</aligny>
                            <selectedcolor>selected</selectedcolor>
                            <label>$INFO[ListItem.Duration]</label>
                        </control>
                    </focusedlayout>
                    <itemlayout condition="Container.Content(Artists)" height="60" width="645">
                        <control type="image">
                            <posx>0</posx>
                            <posy>0</posy>
                            <width>645</width>
                            <height>60</height>
                            <texture border="5">button-nofocus.png</texture>
                        </control>
                        <control type="label">
                            <posx>15</posx>
                            <posy>0</posy>
                            <width>615</width>
                            <height>60</height>
                            <font>engsmall</font>
                            <align>left</align>
                            <aligny>center</aligny>
                            <selectedcolor>selected</selectedcolor>
                            <label>$INFO[ListItem.Label]</label>
                        </control>
                    </itemlayout>
                    <focusedlayout condition="Container.Content(Artists)" height="60" width="645">
                        <control type="image">
                            <posx>0</posx>
                            <posy>0</posy>
                            <width>645</width>
                            <height>60</height>
                            <visible>!Control.HasFocus(50)</visible>
                            <texture border="5">button-nofocus.png</texture>
                        </control>
                        <control type="image">
                            <posx>0</posx>
                            <posy>0</posy>
                            <width>645</width>
                            <height>60</height>
                            <visible>Control.HasFocus(50)</visible>
                            <texture border="5">button-focus2.png</texture>
                        </control>
                        <control type="label">
                            <posx>15</posx>
                            <posy>0</posy>
                            <width>615</width>
                            <height>60</height>
                            <font>engsmall</font>
                            <align>left</align>
                            <aligny>center</aligny>
                            <selectedcolor>selected</selectedcolor>
                            <label>$INFO[ListItem.Label]</label>
                        </control>
                    </focusedlayout>
                </control>
                <control type="grouplist" id="9000">
                    <posx>315</posx>
                    <posy>990</posy>
                    <width>1545</width>
                    <height>60</height>
                    <itemgap>3</itemgap>
                    <align>center</align>
                    <orientation>horizontal</orientation>
                    <onleft>9000</onleft>
                    <onright>9000</onright>
                    <onup>50</onup>
                    <ondown>49</ondown>
                    <control type="button" id="5">
                        <description>Cast/Review</description>
                        <include>ButtonInfoDialogsCommonValues</include>
                        <label>206</label>
                    </control>
                    <control type="button" id="6">
                        <description>Refresh</description>
                        <include>ButtonInfoDialogsCommonValues</include>
                        <label>184</label>
                    </control>
                    <control type="button" id="10">
                        <description>Get Thumb</description>
                        <include>ButtonInfoDialogsCommonValues</include>
                        <label>13405</label>
                    </control>
                    <control type="button" id="12">
                        <description>Get Fanart</description>
                        <include>ButtonInfoDialogsCommonValues</include>
                        <label>20413</label>
                    </control>
                </control>
            </control>
        </control>
        <include>Clock</include>
    </controls>
</window>