<window type="dialog">
    <animation effect="slide" start="0,-60" end="0,0" time="100">WindowOpen</animation>
    <animation effect="slide" start="0,0" end="0,-90" delay="400" time="100">WindowClose</animation>
    <controls>
        <control type="group">
            <posx>150</posx>
            <posy>0</posy>
            <control type="image">
                <posx>0</posx>
                <posy>-15</posy>
                <width>555</width>
                <height>105</height>
                <texture flipy="true" border="20,20,20,2">InfoMessagePanel.png</texture>
            </control>
            <control type="label" id="401">
                <description>Song Number Label</description>
                <posx>22</posx>
                <posy>3</posy>
                <width>510</width>
                <height>38</height>
                <font>engsmall</font>
                <textcolor>selected</textcolor>
                <align>left</align>
                <aligny>center</aligny>
            </control>
            <control type="label" id="402">
                <description>Song Name Label</description>
                <posx>22</posx>
                <posy>40</posy>
                <width>510</width>
                <height>30</height>
                <font>engsmall</font>
                <textcolor>Blue</textcolor>
                <align>left</align>
                <aligny>center</aligny>
            </control>
        </control>
    </controls>
</window>