<window id="2003">
	<defaultcontrol always="true">9000</defaultcontrol>
	<allowoverlay>no</allowoverlay>
	<controls>
		<control type="image"> <!-- Backgroundimage -->
			<include>Dimensions_Fullscreen</include>
			<fadetime>200</fadetime>
			<texture background="true">special://skin/backgrounds/film1.jpg</texture>
		</control>
		<include>MovieDatabasePanels</include>
		<control type="image">
				<description>Info Icon</description>
				<posx>1529</posx>
				<posy>52</posy>
				<height>87</height>
				<width>87</width>
				<texture>Movies/IconInfo.png</texture>
			</control>
		<control type="group">
			<posx>-320</posx>
			<posy>160</posy>
			
			<control type="image" id="3">
				<description>Cover Image</description>
				<posx>1720</posx>
				<posy>100</posy>
				<width>570</width>
				<height>570</height>
				<texture>-</texture>
				<aspectratio align="left" aligny="center">keep</aspectratio>
				<bordertexture border="5">ThumbBorder.png</bordertexture>
				<bordersize>4</bordersize>
			</control>

			<control type="image">
				<description>Actor Image</description>
				<posx>1055</posx>
				<posy>230</posy>
				<width>410</width>
				<height>410</height>
				<texture>$INFO[Container(50).ListItem.Icon]</texture>
				<aspectratio align="center" aligny="top">keep</aspectratio>
				<bordertexture border="5">other_textures/ButtonFO.png</bordertexture>
				<bordersize>8</bordersize>
				<visible>Control.HasFocus(50)</visible>
			</control>

			<control type="label" id="20">
				<description>Title</description>
				<posx>480</posx>
				<posy>94</posy>
				<width>1050</width>
				<font>Large</font>
				<label>$INFO[ListItem.Title]$INFO[ListItem.Year, (,)]</label>
				<scroll>true</scroll>
			</control>

			<control type="label">
				<description>Genre</description>
				<posx>480</posx>
				<posy>139</posy>
				<width>870</width>
				<label>$INFO[ListItem.Genre]</label>
				<scroll>true</scroll>
			</control>

			<control type="grouplist">
				<posx>460</posx>
				<posy>20  </posy>
				<width>870</width>
				<height>66</height>
				<itemgap>0</itemgap>
				<orientation>horizontal</orientation>

				<control type="image">
					<description>Video rez Image</description>
					<width>135</width>
					<height>60</height>
					<aspectratio>keep</aspectratio>
					<texture>$INFO[ListItem.VideoResolution,flagging/video/,.png]</texture>
				</control>

				<control type="image">
					<description>Common Codec Image</description>
					<width>135</width>
					<height>60</height>
					<aspectratio>keep</aspectratio>
					<texture>$INFO[ListItem.VideoCodec,flagging/video/,.png]</texture>
					<!-- Don't show if its one of the 500 divx codecs -->
					<visible>![substring(ListItem.VideoCodec,div,left) | stringcompare(ListItem.VideoCodec,dx50)]</visible>
				</control>

				<control type="image">
					<description>Divx Codec Image</description>
					<width>135</width>
					<height>60</height>
					<aspectratio>keep</aspectratio>
					<texture>flagging/video/divx.png</texture>
					<visible>[substring(ListItem.VideoCodec,div,left) | stringcompare(ListItem.VideoCodec,dx50)]</visible>
				</control>

				<control type="image">
					<description>Bluray Image</description>
					<width>135</width>
					<height>60</height>
					<aspectratio>keep</aspectratio>
					<texture>flagging/video/bluray.png</texture>
					<visible>[substring(ListItem.FilenameAndPath,bluray) | substring(ListItem.FilenameAndPath,bdrip)] + !Skin.HasSetting(HideFilenameflagging)</visible>
				</control>

				<control type="image">
					<description>HDDVD Image</description>
					<width>135</width>
					<height>60</height>
					<aspectratio>keep</aspectratio>
					<texture>flagging/video/hddvd.png</texture>
					<visible>substring(ListItem.FilenameAndPath,hddvd) + !Skin.HasSetting(HideFilenameflagging)</visible>
				</control>

				<control type="image">
					<description>DVD Image</description>
					<width>135</width>
					<height>60</height>
					<aspectratio>keep</aspectratio>
					<texture>flagging/video/dvd.png</texture>
					<visible>[substring(ListItem.FilenameAndPath,dvd) + ![substring(ListItem.FilenameAndPath,hddvd) | substring(ListItem.FilenameAndPath,bluray) | substring(ListItem.FilenameAndPath,bdrip)]] + !Skin.HasSetting(HideFilenameflagging)</visible>
				</control>

				<control type="image">
					<description>TV Types Image</description>
					<width>135</width>
					<height>60</height>
					<aspectratio>keep</aspectratio>
					<texture>flagging/video/TV.png</texture>
					<visible>[substring(ListItem.FilenameAndPath,pdtv) | substring(ListItem.FilenameAndPath,hdtv) | substring(ListItem.FilenameAndPath,dsr)] + !Skin.HasSetting(HideFilenameflagging)</visible>
				</control>

				<control type="image">
					<description>VHS Image</description>
					<width>135</width>
					<height>60</height>
					<aspectratio>keep</aspectratio>
					<texture>flagging/video/vhs.png</texture>
					<visible>substring(ListItem.FilenameAndPath,vhs) + !Skin.HasSetting(HideFilenameflagging)</visible>
				</control>

				<control type="image">
					<description>Rated G</description>
					<width>135</width>
					<height>60</height>
					<aspectratio>keep</aspectratio>
					<texture>flagging/ratings/mpaa_general.png</texture>
					<visible>substring(listitem.mpaa,Rated G)</visible>
				</control>

				<control type="image">
					<description>Rated PG</description>
					<width>135</width>
					<height>60</height>
					<aspectratio>keep</aspectratio>
					<texture>flagging/ratings/mpaa_pg.png</texture>
					<visible>substring(listitem.mpaa,Rated PG) + !substring(listitem.mpaa,Rated PG-13)</visible>
				</control>

				<control type="image">
					<description>Rated PG-13</description>
					<width>135</width>
					<height>60</height>
					<aspectratio>keep</aspectratio>
					<texture>flagging/ratings/mpaa_pg13.png</texture>
					<visible>substring(listitem.mpaa,Rated PG-13)</visible>
				</control>

				<control type="image">
					<description>Rated R</description>
					<width>135</width>
					<height>60</height>
					<aspectratio>keep</aspectratio>
					<texture>flagging/ratings/mpaa_restricted.png</texture>
					<visible>substring(Listitem.mpaa,Rated R)</visible>
				</control>

				<control type="image">
					<description>Rated NC-17</description>
					<width>135</width>
					<height>60</height>
					<aspectratio>keep</aspectratio>
					<texture>flagging/ratings/mpaa_nc17.png</texture>
					<visible>substring(Listitem.mpaa,Rated NC)</visible>
				</control>

				<control type="image">
					<description>Audio Codec Image</description>
					<width>135</width>
					<height>60</height>
					<aspectratio>keep</aspectratio>
					<texture>$INFO[ListItem.AudioCodec,flagging/audio/,.png]</texture>
				</control>

				<control type="image">
					<description>Aspectratio Image</description>
					<width>90</width>
					<height>60</height>
					<aspectratio>keep</aspectratio>
					<texture>$INFO[ListItem.VideoAspect,flagging/aspectratio/,.png]</texture>
				</control>

			</control>
			
			<control type="image">
					<posx>860</posx>
					<posy>705</posy>
					<width>40</width>
					<height>40</height>
					<texture>other_Textures/arrowleft.png</texture>
				</control>
				
				<control type="image">
					<posx>1162</posx>
					<posy>705</posy>
					<width>40</width>
					<height>40</height>
					<texture>other_Textures/Arrowright.png</texture>
				</control>
				
				

			<control type="grouplist" id="9000">
				<posx>905</posx>
				<posy>700</posy>
				<width>250</width>
				<height>60</height>
				<itemgap>3</itemgap>
				<onup>9000</onup>
				<ondown>9000</ondown>
				<onright>50</onright>
				<onleft>50</onleft>
				<orientation>horizontal</orientation>
				
				
				<control type="button" id ="5">
					<description>Plot/Cast</description>
					<label>206</label>
					<width>250</width>
				</control>

				<control type="button" id ="8">
					<description>Play</description>
					<label>208</label>
					<width>250</width>
				</control>

				<control type="button" id ="9">
					<description>Resume</description>
					<label>13404</label>
					<width>250</width>
				</control>

				<control type="button" id ="6">
					<description>Refresh</description>
					<label>184</label>
					<width>250</width>
				</control>

				<control type="button" id="11">
					<description>Trailer button</description>
					<label>20410</label>
					<width>250</width>
				</control>

				<control type="button" id ="10">
					<description>Get Thumb</description>
					<label>13405</label>
					<width>250</width>
				</control>

				<control type="button" id="12">
					<description>Fanart button</description>
					<label>20413</label>
					<width>250</width>
				</control>
				
				
			</control>

			<control type="list" id="50">
				<description>Cast</description>
				<posx>480</posx>
				<posy>230</posy>
				<width>870</width>
				<height>396</height>
				<onup>50</onup>
				<ondown>50</ondown>
				<onleft>9000</onleft>
				<onright>9000</onright>
				<orientation>vertical</orientation>
				<scrolltime>200</scrolltime>

				<itemlayout height="69">

					<control type="image">
						<width>500</width>
						<height>66</height>
						<texture border="2">other_textures/ButtonNF.png</texture>
					</control>

					<control type="label">
						<posx>30</posx>
						<width>510</width>
						<info>ListItem.Label</info>
					</control>

				</itemlayout>

				<focusedlayout height="69">

					<control type="image">
						<width>500</width>
						<height>66</height>
						<texture border="5">other_textures/ButtonFO.png</texture>
						<animation effect="fade" start="100" end="50" condition="!Control.HasFocus(50)">Conditional</animation>
					</control>

					<control type="label">
						<posx>30</posx>
						<width>510</width>
						<info>ListItem.Label</info>
					</control>

				</focusedlayout>

			</control>

			<control type="textbox" id="4">
				<description>Plot</description>
				<posx>480</posx>
				<posy>221</posy>
				<width>1050</width>
				<height>450</height>
				<align>justify</align>
			</control>

		</control>

	</controls>

</window>