<window>
    <defaultcontrol>-</defaultcontrol>
    <include>dialogeffect</include>
    <coordinates>
        <system>0</system>
        <posx>0</posx>
        <posy>0</posy>
    </coordinates>
    <controls>
        <control type="image">
            <posx>75r</posx>
            <posy>3</posy>
            <width>68</width>
            <height>68</height>
            <aspectratio>keep</aspectratio>
            <texture>icon-mute.png</texture>
        </control>
    </controls>
</window>