<window type="dialog">
    <include>dialogeffect</include>
    <coordinates>
        <system>1</system>
        <posx>622</posx>
        <posy>412</posy>
    </coordinates>
    <controls>
        <control type="group">
            <control type="image">
                <posx>0</posx>
                <posy>0</posy>
                <width>675</width>
                <height>255</height>
                <texture border="40">DialogBack.png</texture>
            </control>
            <control type="image">
                <description>Dialog Header image</description>
                <posx>60</posx>
                <posy>24</posy>
                <width>555</width>
                <height>60</height>
                <texture>dialogheader.png</texture>
            </control>
            <control type="label" id="1">
                <description>header label</description>
                <posx>60</posx>
                <posy>30</posy>
                <width>555</width>
                <height>45</height>
                <font>engsmall</font>
                <label>$LOCALIZE[31321]</label>
                <align>center</align>
                <aligny>center</aligny>
                <textcolor>selected</textcolor>
                <shadowcolor>Black</shadowcolor>
            </control>
            <control type="button">
                <description>Close Window button</description>
                <posx>540</posx>
                <posy>22</posy>
                <width>96</width>
                <height>48</height>
                <label>-</label>
                <font>-</font>
                <onclick>PreviousMenu</onclick>
                <texturefocus>DialogCloseButton-focus.png</texturefocus>
                <texturenofocus>DialogCloseButton.png</texturenofocus>
                <onleft>10</onleft>
                <onright>10</onright>
                <onup>10</onup>
                <ondown>10</ondown>
                <visible>system.getbool(input.enablemouse)</visible>
            </control>
            <control type="label" id="401">
                <description>Song Number Label</description>
                <posx>45</posx>
                <posy>105</posy>
                <width>585</width>
                <height>45</height>
                <font>font28_title</font>
                <textcolor>White</textcolor>
                <align>center</align>
                <aligny>center</aligny>
            </control>
            <control type="label" id="402">
                <description>Song Name Label</description>
                <posx>45</posx>
                <posy>180</posy>
                <width>585</width>
                <height>30</height>
                <font>font24</font>
                <align>center</align>
                <aligny>center</aligny>
                <textcolor>Blue</textcolor>
                <scroll>true</scroll>
            </control>
        </control>
    </controls>
</window>