<window>
    <defaultcontrol>1000</defaultcontrol>
    <include>dialogeffect</include>
    <coordinates>
        <system>1</system>
        <posx>0</posx>
        <posy>0</posy>
    </coordinates>
    <controls>
        <control type="image" id="999">
            <description>background image</description>
            <posx>0</posx>
            <posy>0</posy>
            <width>510</width>
            <height>1080</height>
            <texture border="20">DialogBack.png</texture>
        </control>
        <control type="grouplist" id="996">
            <description>grouplist for context buttons</description>
            <posx>30</posx>
            <posy>45</posy>
            <width>450</width>
            <height max="1005">auto</height>
            <itemgap>3</itemgap>
        </control>
        <control type="button">
            <description>Close Window button</description>
            <posx>390</posx>
            <posy>8</posy>
            <width>96</width>
            <height>48</height>
            <label>-</label>
            <font>-</font>
            <onclick>PreviousMenu</onclick>
            <texturefocus>DialogCloseButton-focus.png</texturefocus>
            <texturenofocus>DialogCloseButton.png</texturenofocus>
            <onleft>2</onleft>
            <onright>2</onright>
            <onup>2</onup>
            <ondown>2</ondown>
            <visible>system.getbool(input.enablemouse)</visible>
        </control>
        <control type="button" id="1000">
            <description>button template</description>
            <posx>-</posx>
            <posy>-</posy>
            <width>450</width>
            <height>57</height>
            <font>fontContextMenu</font>
            <align>center</align>
            <textcolor>Grey2</textcolor>
            <focusedcolor>White</focusedcolor>
            <texturefocus border="5">button-focus.png</texturefocus>
        </control>
    </controls>
</window>