<window>
    <defaultcontrol always="true">450</defaultcontrol>
    <allowoverlay>no</allowoverlay>
    <coordinates>
        <system>1</system>
        <posx>0</posx>
        <posy>0</posy>
    </coordinates>
    <controls>
        <control type="group">
            <posx>870</posx>
            <animation effect="slide" start="1050,0" end="0,0" time="400" tween="quadratic" easing="out" condition="![Window.IsVisible(MovieInformation) | Window.IsVisible(MusicInformation)]">WindowOpen</animation>
            <animation effect="slide" start="-600,0" end="0,0" time="400" tween="quadratic" easing="out" condition="[Window.IsVisible(MovieInformation) | Window.IsVisible(MusicInformation)]">WindowOpen</animation>
            <animation effect="slide" start="0,0" end="1575,0" time="400" tween="quadratic" easing="out" condition="![Window.IsVisible(MovieInformation) | Window.IsVisible(MusicInformation)]">WindowClose</animation>
            <animation effect="slide" start="0,0" end="-900,0" time="400" tween="quadratic" easing="out" condition="[Window.IsVisible(MovieInformation) | Window.IsVisible(MusicInformation)]">WindowClose</animation>
            <control type="image">
                <posx>0</posx>
                <posy>0</posy>
                <width>1650</width>
                <height>1080</height>
                <texture border="15,0,0,0" flipx="true">MediaBladeSub.png</texture>
            </control>
            <control type="button">
                <description>Close Window button</description>
                <posx>30</posx>
                <posy>0</posy>
                <width>96</width>
                <height>48</height>
                <label>-</label>
                <font>-</font>
                <onclick>PreviousMenu</onclick>
                <texturefocus>DialogCloseButton-focus.png</texturefocus>
                <texturenofocus>DialogCloseButton.png</texturenofocus>
                <onleft>450</onleft>
                <onright>450</onright>
                <onup>450</onup>
                <ondown>450</ondown>
                <visible>system.getbool(input.enablemouse)</visible>
            </control>
            <control type="group">
                <animation effect="fade" delay="400" start="0" end="100" time="200">WindowOpen</animation>
                <animation effect="fade" start="100" end="0" time="200">WindowClose</animation>
                <control type="label" id="411">
                    <description>header label</description>
                    <posx>990</posx>
                    <posy>60</posy>
                    <width>945</width>
                    <height>45</height>
                    <font>engsmall</font>
                    <label>1023</label>
                    <align>right</align>
                    <aligny>center</aligny>
                    <textcolor>selected</textcolor>
                    <shadowcolor>Black</shadowcolor>
                </control>
                <control type="label" id="412">
                    <description>Path label</description>
                    <posx>990</posx>
                    <posy>105</posy>
                    <width>945</width>
                    <height>45</height>
                    <font>engsmall</font>
                    <haspath>true</haspath>
                    <align>right</align>
                    <aligny>center</aligny>
                    <textcolor>White</textcolor>
                    <shadowcolor>Black</shadowcolor>
                </control>
                <control type="grouplist" id="9000">
                    <posx>30</posx>
                    <posy>690</posy>
                    <width>332</width>
                    <height>338</height>
                    <itemgap>8</itemgap>
                    <orientation>vertical</orientation>
                    <onleft>450</onleft>
                    <onright>450</onright>
                    <onup>9000</onup>
                    <ondown>9000</ondown>
                    <control type="button" id="413">
                        <description>OK button</description>
                        <height>72</height>
                        <align>center</align>
                        <include>ButtonMediaSubCommonValues</include>
                        <label>186</label>
                    </control>
                    <control type="button" id="414">
                        <description>Cancel button</description>
                        <height>72</height>
                        <align>center</align>
                        <include>ButtonMediaSubCommonValues</include>
                        <label>222</label>
                    </control>
                    <control type="button" id="415">
                        <description>Create folder button</description>
                        <height>72</height>
                        <align>center</align>
                        <include>ButtonMediaSubCommonValues</include>
                        <label>119</label>
                    </control>
                    <control type="radiobutton" id="416">
                        <description>Flip Image button</description>
                        <height>72</height>
                        <align>center</align>
                        <include>ButtonMediaSubCommonValues</include>
                        <label>749</label>
                    </control>
                </control>
                <control type="image">
                    <posx>368</posx>
                    <posy>690</posy>
                    <width>630</width>
                    <height>315</height>
                    <texture border="5">button-nofocus.png</texture>
                </control>
                <control type="image">
                    <posx>375</posx>
                    <posy>698</posy>
                    <width>615</width>
                    <height>300</height>
                    <aspectratio>keep</aspectratio>
                    <texture background="true">$INFO[ListItem.Icon]</texture>
                    <visible>!SubString(Control.GetLabel(416),*)</visible>
                </control>
                <control type="image">
                    <posx>375</posx>
                    <posy>698</posy>
                    <width>615</width>
                    <height>300</height>
                    <aspectratio>keep</aspectratio>
                    <texture background="true" flipx="true">$INFO[ListItem.Icon]</texture>
                    <visible>SubString(Control.GetLabel(416),*)</visible>
                </control>
                <control type="panel" id="450">
                    <posx>30</posx>
                    <posy>180</posy>
                    <width>960</width>
                    <height>482</height>
                    <onleft>9000</onleft>
                    <onright>60</onright>
                    <onup>450</onup>
                    <ondown>450</ondown>
                    <pagecontrol>60</pagecontrol>
                    <scrolltime>200</scrolltime>
                    <itemlayout height="60" width="960">
                        <control type="image">
                            <posx>0</posx>
                            <posy>0</posy>
                            <width>960</width>
                            <height>62</height>
                            <texture border="5">MenuItemNF.png</texture>
                        </control>
                        <control type="image">
                            <posx>15</posx>
                            <posy>3</posy>
                            <width>57</width>
                            <height>57</height>
                            <texture>$INFO[ListItem.Icon]</texture>
                        </control>
                        <control type="label">
                            <posx>82</posx>
                            <posy>0</posy>
                            <width>870</width>
                            <height>60</height>
                            <font>engsmall</font>
                            <align>left</align>
                            <aligny>center</aligny>
                            <selectedcolor>Green</selectedcolor>
                            <info>ListItem.Label</info>
                        </control>
                    </itemlayout>
                    <focusedlayout height="60" width="960">
                        <control type="image">
                            <posx>0</posx>
                            <posy>0</posy>
                            <width>960</width>
                            <height>62</height>
                            <visible>!Control.HasFocus(450)</visible>
                            <texture border="5">MenuItemNF.png</texture>
                        </control>
                        <control type="image">
                            <posx>0</posx>
                            <posy>0</posy>
                            <width>960</width>
                            <height>62</height>
                            <visible>Control.HasFocus(450)</visible>
                            <texture border="5">MenuItemFO.png</texture>
                        </control>
                        <control type="image">
                            <posx>15</posx>
                            <posy>3</posy>
                            <width>57</width>
                            <height>57</height>
                            <texture>$INFO[ListItem.Icon]</texture>
                        </control>
                        <control type="label">
                            <posx>82</posx>
                            <posy>0</posy>
                            <width>870</width>
                            <height>60</height>
                            <font>engsmall</font>
                            <align>left</align>
                            <aligny>center</aligny>
                            <selectedcolor>Green</selectedcolor>
                            <info>ListItem.Label</info>
                        </control>
                    </focusedlayout>
                </control>
                <control type="panel" id="451">
                    <posx>30</posx>
                    <posy>180</posy>
                    <width>960</width>
                    <height>482</height>
                    <onleft>9000</onleft>
                    <onright>60</onright>
                    <onup>451</onup>
                    <ondown>451</ondown>
                    <pagecontrol>60</pagecontrol>
                    <scrolltime>200</scrolltime>
                    <itemlayout height="60" width="960">
                        <control type="image">
                            <posx>0</posx>
                            <posy>0</posy>
                            <width>960</width>
                            <height>62</height>
                            <texture border="5">MenuItemNF.png</texture>
                        </control>
                        <control type="image">
                            <posx>15</posx>
                            <posy>3</posy>
                            <width>57</width>
                            <height>57</height>
                            <texture>$INFO[ListItem.Icon]</texture>
                        </control>
                        <control type="label">
                            <posx>82</posx>
                            <posy>0</posy>
                            <width>870</width>
                            <height>60</height>
                            <font>engsmall</font>
                            <align>left</align>
                            <aligny>center</aligny>
                            <selectedcolor>Green</selectedcolor>
                            <info>ListItem.Label</info>
                        </control>
                    </itemlayout>
                    <focusedlayout height="60" width="960">
                        <control type="image">
                            <posx>0</posx>
                            <posy>0</posy>
                            <width>960</width>
                            <height>62</height>
                            <visible>!Control.HasFocus(451)</visible>
                            <texture border="5">MenuItemNF.png</texture>
                        </control>
                        <control type="image">
                            <posx>0</posx>
                            <posy>0</posy>
                            <width>960</width>
                            <height>62</height>
                            <visible>Control.HasFocus(451)</visible>
                            <texture border="5">MenuItemFO.png</texture>
                        </control>
                        <control type="image">
                            <posx>15</posx>
                            <posy>3</posy>
                            <width>57</width>
                            <height>57</height>
                            <texture>$INFO[ListItem.Icon]</texture>
                        </control>
                        <control type="label">
                            <posx>82</posx>
                            <posy>0</posy>
                            <width>870</width>
                            <height>60</height>
                            <font>engsmall</font>
                            <align>left</align>
                            <aligny>center</aligny>
                            <selectedcolor>Green</selectedcolor>
                            <info>ListItem.Label</info>
                        </control>
                    </focusedlayout>
                </control>
                <control type="scrollbar" id="60">
                    <posx>975</posx>
                    <posy>180</posy>
                    <width>38</width>
                    <height>480</height>
                    <texturesliderbackground border="0,14,0,14">ScrollBarV.png</texturesliderbackground>
                    <texturesliderbar border="0,14,0,14">ScrollBarV_bar.png</texturesliderbar>
                    <texturesliderbarfocus border="0,14,0,14">ScrollBarV_bar_focus.png</texturesliderbarfocus>
                    <textureslidernib>ScrollBarNib.png</textureslidernib>
                    <textureslidernibfocus>ScrollBarNib.png</textureslidernibfocus>
                    <onleft>450</onleft>
                    <onright>450</onright>
                    <showonepage>false</showonepage>
                    <orientation>vertical</orientation>
                </control>
                <control type="label">
                    <description>Page label</description>
                    <posx>990</posx>
                    <posy>1020</posy>
                    <width>840</width>
                    <height>45</height>
                    <align>right</align>
                    <aligny>center</aligny>
                    <textcolor>Grey</textcolor>
                    <font>engsmall</font>
                    <label>([COLOR=Blue]$INFO[Container(450).NumItems][/COLOR]) $LOCALIZE[31025] - $LOCALIZE[31024] ([COLOR=Blue]$INFO[Container(450).CurrentPage]/$INFO[Container(450).NumPages][/COLOR])</label>
                    <visible>!Control.IsVisible(451)</visible>
                </control>
                <control type="label">
                    <description>Page label</description>
                    <posx>990</posx>
                    <posy>1020</posy>
                    <width>840</width>
                    <height>45</height>
                    <align>right</align>
                    <aligny>center</aligny>
                    <textcolor>Grey</textcolor>
                    <font>engsmall</font>
                    <label>([COLOR=Blue]$INFO[Container(451).NumItems][/COLOR]) $LOCALIZE[31025] - $LOCALIZE[31024] ([COLOR=Blue]$INFO[Container(451).CurrentPage]/$INFO[Container(451).NumPages][/COLOR])</label>
                    <visible>Control.IsVisible(451)</visible>
                </control>
            </control>
        </control>
        <include>Clock</include>
    </controls>
</window>