<fonts>
	<fontset id="default" unicode="true">
		<font>
			<name>Home</name>
			<filename>Arial.ttf</filename>
			<size>80</size>
		</font>
		
		<font>
			<name>Large</name>
			<filename>Arial.ttf</filename>
			<size>48</size>
		</font>
		
		<font>
			<name>Medium</name>
			<filename>Arial.ttf</filename>
			<size>39</size>
		</font>
		
		<font>
			<name>Small</name>
			<filename>Arial.ttf</filename>
			<size>30</size>
		</font>
		
		<!-- DirtySteel -->
		<font>
			<name>homemenunf</name>
			<filename>goodluck.ttf</filename>
			<size>60</size>
		</font>
		<font>
			<name>homemenu</name>
			<filename>goodluck.ttf</filename>
			<size>95</size>
		</font>
		<font>
			<name>goodluck40</name>
			<filename>goodluck.ttf</filename>
			<size>40</size>
		</font>
		<font>
			<name>engsmall</name>
			<filename>condens.ttf</filename>
			<size>26</size>
		</font>
		<font>
			<name>engsmallbold</name>
			<filename>condens.ttf</filename>
			<size>26</size>
			<style>bold</style>
		</font>
		<font>
			<name>engmedium</name>
			<filename>condens.ttf</filename>
			<size>32</size>
		</font>
		<font>
			<name>engmediumbold</name>
			<filename>condens.ttf</filename>
			<size>32</size>
			<style>bold</style>
		</font>
		<font>
			<name>englarge</name>
			<filename>condens.ttf</filename>
			<size>50</size>
		</font>
		<font>
			<name>englargebold</name>
			<filename>condens.ttf</filename>
			<size>50</size>
			<style>bold</style>
		</font>
		
		<!-- RequiRed for system -->
		<font>
			<name>engsmall</name>
			<filename>Arial.ttf</filename>
			<size>30</size>
		</font>

	</fontset>
</fonts>