<window id="0">
	<defaultcontrol always="true">300</defaultcontrol>
	<allowoverlay>yes</allowoverlay>
	<controls>
	
		<control type="image"> <!-- Backgroundimage -->
			<include>Dimensions_Fullscreen</include>
			<fadetime>800</fadetime>
			<texture background="true">special://skin/backgrounds/default.jpg</texture>
		</control>
		
		<control type="group"> <!-- Panel & Icons -->
			<control type="group">
				<control type="image">
					<include>opencloseslideright</include>
					<posx>30</posx>
					<posy>40</posy>
					<width>671</width>
					<height>1001</height>
					<texture background="true">home/HomeSidePanel.png</texture>
				</control>
				<control type="image">
					<include>opencloseslideup</include>
					<posx>682</posx>
					<posy>55</posy>
					<width>555</width>
					<height>975</height>
					<texture background="true">home/homemiddle.png</texture>
				</control>
				<control type="image">
					<include>opencloseslideleft</include>
					<posx>1219</posx>
					<posy>40</posy>
					<width>671</width>
					<height>1001</height>
					<texture background="true">home/HomeSidePanel.png</texture>
				</control>
				<control type="image">
					<include>opencloseslideright</include>
					<posx>65</posx>
					<posy>875</posy>
					<width>600</width>
					<height>120</height>
					<colordiffuse>Orange</colordiffuse>
					<texture border="5" background="true">other_textures/WhiteGlow.png</texture>
					<visible>Control.HasFocus(301)</visible>
				</control>
				<control type="image">
					<include>opencloseslideright</include>
					<posx>1255</posx>
					<posy>875</posy>
					<width>600</width>
					<height>120</height>
					<colordiffuse>Orange</colordiffuse>
					<texture border="5" background="true">other_textures/WhiteGlow.png</texture>
					<visible>Control.HasFocus(302)</visible>
				</control>
			</control>
			<control type="group">
				<posx>276</posx>
				<posy>14</posy>
				<control type="image">
					<include>opencloseslideright</include>
					<posx>11</posx>
					<posy>3</posy>
					<width>143</width>
					<height>143</height>
					<texture background="true">$VAR[HomeIconLeft]</texture>
				</control>
				<control type="image">
					<include>opencloseslideup</include>
					<posx>608</posx>
					<posy>21</posy>
					<width>155</width>
					<height>155</height>
					<texture background="true">home/HomeIconHouse.png</texture>
				</control>
				<control type="image">
					<include>opencloseslideleft</include>
					<posx>1200</posx>
					<posy>3</posy>
					<width>143</width>
					<height>143</height>
					<texture background="true">$VAR[HomeIconRight]</texture>
				</control>
			</control>
		</control>
		
		<control type="wraplist" id="300"> <!-- Homemenu -->
			<include>opencloseslideup</include>
			<description>Home Wraplist</description>
			<posx>0</posx>
			<posy>290</posy>
			<width>1920</width>
			<height>550</height>
			<onup>300</onup>
			<ondown>300</ondown>
			<onleft>301</onleft>
			<onright>302</onright>
			<focusposition>2</focusposition>
			<scrolltime>200</scrolltime>
			<itemlayout width="440" height="100">
				<control type="label">
					<posx>960</posx>
					<height>100</height>
					<width>440</width>
					<font>homemenunf</font>
					<info>ListItem.Label</info>
					<align>center</align>
				</control>
			</itemlayout>
			<focusedlayout width="450" height="150">
				<control type="image">
					<posx>740</posx>
					<posy>20</posy>
					<width>450</width>
					<height>100</height>
					<colordiffuse>50000000</colordiffuse>
					<texture>buttons/MenuItemFO.png</texture>
					<visible>Control.HasFocus(300)</visible>
				</control>
				<control type="image">
					<posx>740</posx>
					<posy>20</posy>
					<width>450</width>
					<height>100</height>
					<colordiffuse>50000000</colordiffuse>
					<texture>buttons/MenuItemFO.png</texture>
					<visible>!Control.HasFocus(300)</visible>
				</control>
				<control type="label">
					<posx>956</posx>
					<posy>30</posy>
					<width>478</width>
					<height>100</height>
					<info>ListItem.Label</info>
					<font>homemenu</font>
					<textcolor>Black</textcolor>
					<align>center</align>
				</control>
				<control type="label">
					<posx>961</posx>
					<posy>25</posy>
					<width>478</width>
					<height>100</height>
					<info>ListItem.Label</info>
					<font>homemenu</font>
					<textcolor>FanartDiffuse</textcolor>
					<align>center</align>
					<visible>!Control.HasFocus(300)</visible>
				</control>
				<control type="label">
					<posx>961</posx>
					<posy>25</posy>
					<width>478</width>
					<height>100</height>
					<info>ListItem.Label</info>
					<font>homemenu</font>
					<textcolor>Orange</textcolor>
					<align>center</align>
					<visible>Control.HasFocus(300)</visible>
				</control>
			</focusedlayout>
			<content>
				<item id="1">
					<description>Videos</description>
					<label>3</label>
					<onclick>ActivateWindow(1150)</onclick>
				</item>
				<item id="2">
					<description>Music</description>
					<label>1211</label>
					<onclick>ActivateWindow(Music)</onclick>
				</item>
				<item id="3">
					<description>Pictures</description>
					<label>1</label>
					<onclick>ActivateWindow(Pictures)</onclick>
				</item>
				<item id="4">
					<description>PVR</description>
					<label>19020</label>
					<onclick>ActivateWindow(MyPVR)</onclick>
					<visible>!Skin.HasSetting(HomeMenueNoTVButton)</visible>
				</item>
				<item id="5">
					<description>Settings</description>
					<label>10004</label>
					<onclick>ActivateWindow(settings)</onclick>
				</item>
				<item id="6">
					<description>Shutdown</description>
					<label>13012</label>
					<onclick>ActivateWindow(shutdownmenu)</onclick>
				</item>
				<item id="7">
					<description>Play Disc</description>
					<label>427</label>
					<onclick>PlayDVD</onclick>
					<visible>System.HasMediadvd</visible>
				</item>
			</content>
		</control>
		
		<control type="rss">
			<include>opencloseslideup</include>
			<description>RSS Feed</description>
			<posx>662</posx>
			<posy>1020</posy>
			<width>600</width>
			<height>40</height>
			<font>Small</font>
			<urlset>1</urlset>
			<titlecolor>Red</titlecolor>
			<headlinecolor>White</headlinecolor>
			<textcolor>White</textcolor>
		</control>
		
		<control type="group">
			<include>opencloseslideright</include>
			<posx>120</posx>
			<posy>170</posy>
			<include>LeftWidget</include>
		</control>
		<control type="group">
			<include>opencloseslideleft</include>
			<posx>1350</posx>
			<posy>200</posy>
			<include>RightWidget</include>
		</control>
	</controls>

</window>