<includes>

	<include file="Defaults.xml" />
	<include file="CommonViews.xml" />
	<include file="View_50_List.xml" />
	<include file="Includes_Widget.xml" />

	<include name="HiddenButton">
		<posx>-20</posx>
		<posy>-20</posy>
		<width>1</width>
		<height>1</height>
		<label>-</label>
		<texturenofocus>-</texturenofocus>
		<texturefocus>-</texturefocus>
	</include>

	<include name="Dimensions_Fullscreen">
		<posx>0</posx>
		<posy>0</posy>
		<width>1920</width>
		<height>1080</height>
	</include>

	<include name="WindowID">
		<width>780</width>
		<height>21</height>
		<textcolor>Blue</textcolor>
		<shadowcolor>Black</shadowcolor>
		<align>left</align>
	</include>

	<include name="DialogID">
		<width>780</width>
		<height>21</height>
		<textcolor>Green</textcolor>
		<shadowcolor>Black</shadowcolor>
		<align>left</align>
	</include>

	<include name="PathID">
		<posx>15r</posx>
		<posy>15</posy>
		<width>780</width>
		<height>21</height>
		<textcolor>Blue</textcolor>
		<shadowcolor>Black</shadowcolor>
		<align>right</align>
	</include>

	<include name="ControlID">
		<posx>15r</posx>
		<posy>48</posy>
		<width>780</width>
		<height>21</height>
		<textcolor>Red</textcolor>
		<shadowcolor>Black</shadowcolor>
		<align>right</align>
	</include>

	<include name="GlobalOverlay">

		<control type="image">
			<include>Dimensions_Fullscreen</include>
			<texture border="2">other_textures/Black-back.png</texture>
		</control>

	</include>

	<include name="GlobalBackground">

		<control type="group">
			<visible>!Player.HasMedia | [Player.HasAudio + Skin.HasSetting(NoBackgroundVisualiser)] | [Player.HasVideo + Skin.HasSetting(NoBackgroundVideo)]</visible>

			<control type="image">
				<include>Dimensions_Fullscreen</include>
				<fadetime>800</fadetime>
				<texture background="true">$INFO[ListItem.Property(Fanart_Image)]</texture>
				<colordiffuse>FanartDiffuse</colordiffuse>
				<visible>[!IsEmpty(ListItem.foldername) + Container.Content(Movies)] | !Window.IsVisible(videolibrary)</visible>
			</control>

			<control type="image">
				<include>Dimensions_Fullscreen</include>
				<fadetime>800</fadetime>
				<texture background="true">$INFO[ListItem.Property(Fanart_Image)]</texture>
				<colordiffuse>FanartDiffuse</colordiffuse>
				<visible>!IsEmpty(ListItem.foldername) + [Container.Content(TVShows) | [Container.Content(Episodes) + stringcompare(Container.FolderPath,videodb://5/)]]</visible>
			</control>

			<control type="image">
				<include>Dimensions_Fullscreen</include>
				<fadetime>800</fadetime>
				<texture background="true">$INFO[Fanart.Image]</texture>
				<colordiffuse>FanartDiffuse</colordiffuse>
				<visible>!IsEmpty(ListItem.foldername) + [Container.Content(Seasons) | [Container.Content(Episodes) + !stringcompare(Container.FolderPath,videodb://5/)]]</visible>
			</control>

		</control>

		<control type="group">
			<visible>[Player.HasAudio + !Skin.HasSetting(NoBackgroundVisualiser)] | [Player.HasVideo + !Skin.HasSetting(NoBackgroundVideo)]</visible>

			<control type="visualisation">
				<include>Dimensions_Fullscreen</include>
				<visible>Player.HasAudio + !Skin.HasSetting(NoBackgroundVisualiser)</visible>
			</control>

			<control type="videowindow">
				<include>Dimensions_Fullscreen</include>
				<visible>Player.HasVideo + !Skin.HasSetting(NoBackgroundVideo)</visible>
			</control>

			<control type="image">
				<include>Dimensions_Fullscreen</include>
				<texture border="2">other_textures/Black-back.png</texture>
			</control>

		</control>

	</include>

	<include name="CommonPageCount">
		<control type="group">
			<posx>40r</posx>
			<posy>183r</posy>
			<control type="label">
				<description>Page Count Label</description>
				<posx></posx>
				<posy>30</posy>
				<width>500</width>
				<height>20</height>
				<scroll>false</scroll>
				<align>right</align>
				<aligny>center</aligny>
				<label>$INFO[Container.NumItems,([COLOR=Orange],[/COLOR]) $LOCALIZE[31025]]$INFO[Container.CurrentPage, - $LOCALIZE[31024] ([COLOR=Orange]]$INFO[Container.NumPages,/,[/COLOR])]</label>
			</control>
			<control type="label">
				<description>Container Duration Label</description>
				<posx></posx>
				<posy></posy>
				<width>500</width>
				<height>20</height>
				<scroll>false</scroll>
				<align>right</align>
				<aligny>center</aligny>
				<label>$INFO[Container.TotalTime,$LOCALIZE[31009] ([COLOR=Orange],[/COLOR])]</label>
			</control>
		</control>
	</include>
	<include name="openclosevisible">
		<animation effect="fade" start="0" end="100" time="500" delay="600">Visible</animation>
		<animation effect="fade" start="100" end="0" time="0">Hidden</animation>
		<animation effect="fade" start="0" end="100" time="500" delay="600">WindowOpen</animation>
		<animation effect="fade" start="100" end="0" time="0">WindowClose</animation>
	</include>
	<include name="opencloseslideup">
		<animation effect="slide" start="0,1000" end="0,0" time="500" delay="400" tween="cubic" easing="out">WindowOpen</animation>
		<animation effect="slide" start="0,0" end="0,1000" time="500" tween="cubic" easing="out">WindowClose</animation>
	</include>
	<include name="opencloseslidedown">
		<animation effect="slide" start="0,-1000" end="0,0" time="500" delay="400" tween="cubic" easing="out">WindowOpen</animation>
		<animation effect="slide" start="0,0" end="0,-1000" time="500" tween="cubic" easing="out">WindowClose</animation>
	</include>
	<include name="opencloseslideleft">
		<animation effect="slide" start="1500" end="0,0" time="500" delay="400" tween="cubic" easing="out">WindowOpen</animation>
		<animation effect="slide" start="0,0" end="1500" time="500" tween="cubic" easing="out">WindowClose</animation>
	</include>
	<include name="opencloseslideright">
		<animation effect="slide" start="-1500" end="0,0" time="500" delay="400" tween="cubic" easing="out">WindowOpen</animation>
		<animation effect="slide" start="0,0" end="-1500" time="500" tween="cubic" easing="out">WindowClose</animation>
	</include>
	<!-- variables for HomeIcons -->
	<variable name="HomeIconLeft">
		<value condition="Container(301).HasFocus(21)">home/HomeIconWeather.png</value>
		<value condition="Container(301).HasFocus(22)">home/HomeIconWeatherPreview.png</value>
		<value condition="Container(301).HasFocus(23)">home/HomeIconAddon.png</value>
	</variable>
	<variable name="HomeIconMiddle">
		<value condition="Container(300).HasFocus(444)">home/HomeIconWeather.png</value>
		<value condition="Container(300).HasFocus()">home/HomeIconHouse.png</value>
		<value condition="Container(300).HasFocus(444)">home/HomeIconAddon.png</value>
	</variable>
	<variable name="HomeIconRight">
		<value condition="Container(302).HasFocus(21)">home/HomeIconAddon.png</value>
		<value condition="Container(302).HasFocus(22)">home/HomeIconAddon.png</value>
		<value condition="Container(302).HasFocus(23)">home/HomeIconAddon.png</value>
	</variable>
</includes>