<includes>
	<include name="LeftWidget">
		<control type="list" id="301"> <!-- HomeLeftPanelList -->
			<description>HomeLeftPanelList</description>
			<posx>0</posx>
			<posy>0</posy>
			<width>500</width>
			<height>520</height>
			<onup>301</onup>
			<ondown>301</ondown>
			<onleft>-</onleft>
			<onright>300</onright>
			<focusposition>2</focusposition>
			<scrolltime>200</scrolltime>
			<orientation>vertical</orientation>
			<itemlayout>
			</itemlayout>
			<focusedlayout>
				<control type="label">
					<posx>225</posx>
					<posy>10</posy>
					<width>450</width>
					<height>96</height>
					<info>ListItem.Label</info>
					<font>homemenu</font>
					<textcolor>White</textcolor>
					<align>center</align>
				</control>
			</focusedlayout>
			<content>
				<item id="21">
					<description>Weather</description>
					<label>-</label>
					<onclick>ActivateWindow(weather)</onclick>
				</item>
				<item id="22">
					<description>Settings</description>
					<label>-</label>
					<onclick>ActivateWindow(settings)</onclick>
				</item>
				<item id="23">
					<description>Pictures</description>
					<label>Widget 3</label>
					<onclick>-</onclick>
				</item>
			</content>
		</control>
		
		<control type="group"> <!-- Weather Today -->
			<visible>Container(301).HasFocus(21)</visible>
			<control type="image">
				<description>Weather Icon</description>
				<posx>-10</posx>
				<posy>270</posy>
				<width>220</width>
				<height>220</height>
				<texture>$INFO[Window(Weather).Property(Current.ConditionIcon)]</texture>
			</control>
			<control type="label">
				<description>Weather Location</description>
				<posx>-20</posx>
				<posy>80</posy>
				<width>500</width>
				<height>30</height>
				<font>englargebold</font>
				<label>$INFO[Weather.Location]</label>
				<align>center</align>
				<aligny>center</aligny>
				<textcolor>White</textcolor>
				<shadowcolor>Black</shadowcolor>
			</control>
			
			<control type="label">
				<description>current Wind label</description>
				<posx>95</posx>
				<posy>420</posy>
				<width>550</width>
				<height>35</height>
				<align>center</align>
				<aligny>center</aligny>
				<label>$INFO[Window(Weather).Property(Day0.HighTemp)]° /  $INFO[Window(Weather).Property(Day0.LowTemp)]° </label>
				<textcolor>White</textcolor>
				<shadowcolor>Black</shadowcolor>
			</control>	
			
			<control type="label">
				<description>Weather Temperature</description>
				<posx>265</posx>
				<posy>320</posy>
				<width>200</width>
				<height>70</height>
				<font>Home</font>
				<label>$INFO[Weather.Temperature]</label>
				<align>center</align>
				<aligny>center</aligny>
				<textcolor>White</textcolor>
				<shadowcolor>Black</shadowcolor>
			</control>
			
			<control type="label">
				<description>header label von mir eingefügt</description>
				<posx>140</posx>
				<posy>150</posy>
				<width>170</width>
				<height>35</height>
				<label>$INFO[Weather.Conditions]</label>
				<align>center</align>
				<aligny>center</aligny>
				<textcolor>White</textcolor>
				<shadowcolor>Black</shadowcolor>
			</control>
			
			<control type="image">
				<description>separator</description>
				<posx>-20</posx>
				<posy>270</posy>
				<width>530</width>
				<height>5</height>
				<colordiffuse>99ffffff</colordiffuse>
				<texture>other_textures/separator.png</texture>
			</control>

			<control type="grouplist" id="200"> <!-- kann hier als grouplist gemacht werden -->
				<description>Info Area</description>
				<posx>-55</posx>
				<posy>525</posy>
				<width>550</width>
				<height>720</height>
				<itemgap>3</itemgap> <!-- abstand zwischen den labels -->
				<onup>200</onup>
				<ondown>200</ondown>
				<onleft>100</onleft>
				<onright>-</onright>
				<orientation>vertical</orientation>
				<control type="label">
					<description>current Wind label</description>
					<width>550</width>
					<height>35</height>
					<align>center</align>
					<aligny>center</aligny>
					<label>$LOCALIZE[404]</label>
					<textcolor>White</textcolor>
					<shadowcolor>Black</shadowcolor>
				</control>
				
				<control type="label">
					<description>current Wind label</description>
					<width>550</width>
					<height>35</height>
					<align>center</align>
					<aligny>center</aligny>
					<label>$INFO[Window(Weather).Property(Current.Wind)]</label>
					<textcolor>White</textcolor>
					<shadowcolor>Black</shadowcolor>
				</control>
				
			</control>
			
			<control type="image">
				<description>separator</description>
				<posx>-20</posx>
				<posy>490</posy>
				<width>530</width>
				<height>5</height>
				<colordiffuse>99ffffff</colordiffuse>
				<texture>other_textures/separator.png</texture>
			</control>
			
			<control type="grouplist" id="201">	
				<description>Info Area</description>
				<posx>-55</posx>
				<posy>650</posy>
				<width>550</width>
				<height>720</height>
				<itemgap>3</itemgap> <!-- abstand zwischen den labels -->
				<onup>200</onup>
				<ondown>200</ondown>
				<onleft>100</onleft>
				<onright>-</onright>
				<orientation>vertical</orientation>
				<control type="label">
					<description>Sunrise Label</description>
					<width>550</width>
					<height>35</height>
					<align>center</align>
					<aligny>center</aligny>
					<label>$LOCALIZE[33027] :  [COLOR=White]$INFO[Window(Weather).Property(Today.Sunrise)][/COLOR]</label>
					<textcolor>White</textcolor>
					<shadowcolor>Black</shadowcolor>
				</control>
				<control type="label">
					<description>Sunset label</description>
					<width>550</width>
					<height>35</height>
					<align>center</align>
					<aligny>center</aligny>
					<label>$LOCALIZE[33028] : [COLOR=White]$INFO[Window(Weather).Property(Today.Sunset)][/COLOR]</label>
					<textcolor>White</textcolor>
					<shadowcolor>Black</shadowcolor>
				</control>
			</control>
		</control>
		
		<control type="group"> <!-- Weather 5 Days -->
			<visible>Container(301).HasFocus(22)</visible>
			<control type="grouplist" id="202">	
				<description>Info Area</description>
				<posx>-20</posx>
				<posy>165</posy>
				<width>530</width>
				<height>720</height>
				<itemgap>150</itemgap>
				<onup>200</onup>
				<ondown>200</ondown>
				<onleft>100</onleft>
				<onright>-</onright>
				<orientation>vertical</orientation>
				<control type="image">
					<description>separator</description>
					<width>530</width>
					<height>5</height>
					<colordiffuse>99ffffff</colordiffuse>
					<texture>other_textures/separator.png</texture>
				</control>
				<control type="image">
					<description>separator</description>
					<width>530</width>
					<height>5</height>
					<colordiffuse>99ffffff</colordiffuse>
					<texture>other_textures/separator.png</texture>
				</control>
				<control type="image">
					<description>separator</description>
					<width>530</width>
					<height>5</height>
					<colordiffuse>99ffffff</colordiffuse>
					<texture>other_textures/separator.png</texture>
				</control>
				<control type="image">
					<description>separator</description>
					<width>530</width>
					<height>5</height>
					<colordiffuse>99ffffff</colordiffuse>
					<texture>other_textures/separator.png</texture>
				</control>
			</control>
			
			<control type="group"> <!-- Day1 -->
				<control type="image">
				  <description>1hour weather icon</description>
				  <posx>0</posx>
				  <posy>30</posy>
				  <width>130</width>
				  <height>130</height>
				  <info>Window(weather).Property(Daily.1.OutlookIcon)</info>
				  <align>center</align>
				  <aligny>center</aligny>
				  <aspectratio>keep</aspectratio>
				</control>
				<control type="label">
				  <description>Day</description>
				  <posx>145</posx>
				  <posy>40</posy>
				  <width>200</width>
				  <height>52</height>
				  <align>left</align>
				  <aligny>center</aligny>
				  <label>$INFO[Window(weather).Property(Daily.1.LongDay)]</label>
				 </control>
				 <control type="label">
				  <description>Day</description>
				  <posx>145</posx>
				  <posy>80</posy>
				  <width>200</width>
				  <height>52</height>
				  <align>left</align>
				  <aligny>center</aligny>
				  <label>$INFO[Window(weather).Property(Daily.1.Outlook)]</label>
				 </control>
				 <control type="label">
				  <description>Day</description>
				  <posx>350</posx>
				  <posy>40</posy>
				  <width>200</width>
				  <height>52</height>
				  <align>left</align>
				  <aligny>center</aligny>
				  <label>H: $INFO[Window(weather).Property(Daily.1.HighTemperature)]</label>
				 </control>
				<control type="label">
				  <description>Day</description>
				  <posx>350</posx>
				  <posy>80</posy>
				  <width>200</width>
				  <height>52</height>
				  <align>left</align>
				  <aligny>center</aligny>
				  <label>T: $INFO[Window(weather).Property(Daily.1.LowTemperature)]</label>
				 </control>
			 </control>
			
			<control type="group"> <!-- Day2 -->
				<control type="image">
				  <description>1hour weather icon</description>
				  <posx>0</posx>
				  <posy>180</posy>
				  <width>130</width>
				  <height>130</height>
				  <info>Window(weather).Property(Daily.2.OutlookIcon)</info>
				  <align>center</align>
				  <aligny>center</aligny>
				  <aspectratio>keep</aspectratio>
				</control>
				<control type="label">
				  <description>Day</description>
				  <posx>145</posx>
				  <posy>190</posy>
				  <width>200</width>
				  <height>52</height>
				  <align>left</align>
				  <aligny>center</aligny>
				  <label>$INFO[Window(weather).Property(Daily.2.LongDay)]</label>
				 </control>
				 <control type="label">
				  <description>Day</description>
				  <posx>145</posx>
				  <posy>230</posy>
				  <width>200</width>
				  <height>52</height>
				  <align>left</align>
				  <aligny>center</aligny>
				  <label>$INFO[Window(weather).Property(Daily.2.Outlook)]</label>
				 </control>
				 <control type="label">
				  <description>Day</description>
				  <posx>350</posx>
				  <posy>190</posy>
				  <width>200</width>
				  <height>52</height>
				  <align>left</align>
				  <aligny>center</aligny>
				  <label>H: $INFO[Window(weather).Property(Daily.2.HighTemperature)]</label>
				 </control>
				<control type="label">
				  <description>Day</description>
				  <posx>350</posx>
				  <posy>230</posy>
				  <width>200</width>
				  <height>52</height>
				  <align>left</align>
				  <aligny>center</aligny>
				  <label>T: $INFO[Window(weather).Property(Daily.2.LowTemperature)]</label>
				 </control>
			 </control>
			
			<control type="group"> <!-- Day3 -->
				<control type="image">
				  <description>1hour weather icon</description>
				  <posx>0</posx>
				  <posy>330</posy>
				  <width>130</width>
				  <height>130</height>
				  <info>Window(weather).Property(Daily.3.OutlookIcon)</info>
				  <align>center</align>
				  <aligny>center</aligny>
				  <aspectratio>keep</aspectratio>
				</control>
				<control type="label">
				  <description>Day</description>
				  <posx>145</posx>
				  <posy>340</posy>
				  <width>200</width>
				  <height>52</height>
				  <align>left</align>
				  <aligny>center</aligny>
				  <label>$INFO[Window(weather).Property(Daily.3.LongDay)]</label>
				 </control>
				 <control type="label">
				  <description>Day</description>
				  <posx>145</posx>
				  <posy>380</posy>
				  <width>200</width>
				  <height>52</height>
				  <align>left</align>
				  <aligny>center</aligny>
				  <label>$INFO[Window(weather).Property(Daily.3.Outlook)]</label>
				 </control>
				 <control type="label">
				  <description>Day</description>
				  <posx>350</posx>
				  <posy>340</posy>
				  <width>200</width>
				  <height>52</height>
				  <align>left</align>
				  <aligny>center</aligny>
				  <label>H: $INFO[Window(weather).Property(Daily.3.HighTemperature)]</label>
				 </control>
				<control type="label">
				  <description>Day</description>
				  <posx>350</posx>
				  <posy>380</posy>
				  <width>200</width>
				  <height>52</height>
				  <align>left</align>
				  <aligny>center</aligny>
				  <label>T: $INFO[Window(weather).Property(Daily.3.LowTemperature)]</label>
				 </control>
			 </control>
			
			<control type="group"> <!-- Day4 -->
				<control type="image">
				  <description>1hour weather icon</description>
				  <posx>0</posx>
				  <posy>480</posy>
				  <width>130</width>
				  <height>130</height>
				  <info>Window(weather).Property(Daily.4.OutlookIcon)</info>
				  <align>center</align>
				  <aligny>center</aligny>
				  <aspectratio>keep</aspectratio>
				</control>
				<control type="label">
				  <description>Day</description>
				  <posx>145</posx>
				  <posy>490</posy>
				  <width>200</width>
				  <height>52</height>
				  <align>left</align>
				  <aligny>center</aligny>
				  <label>$INFO[Window(weather).Property(Daily.4.LongDay)]</label>
				 </control>
				 <control type="label">
				  <description>Day</description>
				  <posx>145</posx>
				  <posy>530</posy>
				  <width>200</width>
				  <height>52</height>
				  <align>left</align>
				  <aligny>center</aligny>
				  <label>$INFO[Window(weather).Property(Daily.4.Outlook)]</label>
				 </control>
				 <control type="label">
				  <description>Day</description>
				  <posx>350</posx>
				  <posy>490</posy>
				  <width>200</width>
				  <height>52</height>
				  <align>left</align>
				  <aligny>center</aligny>
				  <label>H: $INFO[Window(weather).Property(Daily.4.HighTemperature)]</label>
				 </control>
				<control type="label">
				  <description>Day</description>
				  <posx>350</posx>
				  <posy>530</posy>
				  <width>200</width>
				  <height>52</height>
				  <align>left</align>
				  <aligny>center</aligny>
				  <label>T: $INFO[Window(weather).Property(Daily.4.LowTemperature)]</label>
				 </control>
			 </control>
			
			<control type="group"> <!-- Day5 -->
				<control type="image">
				  <description>1hour weather icon</description>
				  <posx>0</posx>
				  <posy>630</posy>
				  <width>130</width>
				  <height>130</height>
				  <info>Window(weather).Property(Daily.5.OutlookIcon)</info>
				  <align>center</align>
				  <aligny>center</aligny>
				  <aspectratio>keep</aspectratio>
				</control>
				<control type="label">
				  <description>Day</description>
				  <posx>145</posx>
				  <posy>640</posy>
				  <width>200</width>
				  <height>52</height>
				  <align>left</align>
				  <aligny>center</aligny>
				  <label>$INFO[Window(weather).Property(Daily.5.LongDay)]</label>
				 </control>
				 <control type="label">
				  <description>Day</description>
				  <posx>145</posx>
				  <posy>680</posy>
				  <width>200</width>
				  <height>52</height>
				  <align>left</align>
				  <aligny>center</aligny>
				  <label>$INFO[Window(weather).Property(Daily.5.Outlook)]</label>
				 </control>
				 <control type="label">
				  <description>Day</description>
				  <posx>350</posx>
				  <posy>640</posy>
				  <width>200</width>
				  <height>52</height>
				  <align>left</align>
				  <aligny>center</aligny>
				  <label>H: $INFO[Window(weather).Property(Daily.5.HighTemperature)]</label>
				 </control>
				<control type="label">
				  <description>Day</description>
				  <posx>350</posx>
				  <posy>680</posy>
				  <width>200</width>
				  <height>52</height>
				  <align>left</align>
				  <aligny>center</aligny>
				  <label>T: $INFO[Window(weather).Property(Daily.5.LowTemperature)]</label>
				 </control>
			 </control>
			
		</control>
		
		<control type="group"> <!-- Clock -->
			<control type="image">
				<posx>0</posx>
				<posy>120</posy>
				<width>140</width>
				<height>140</height>
				<texture>home/HomeIconAddon.png</texture>
				<visible>Container(301).HasFocus(23)</visible>
			</control>
			<control type="image">
				<posx>0</posx>
				<posy>280</posy>
				<width>140</width>
				<height>140</height>
				<texture>home/HomeIconAddon.png</texture>
				<visible>Container(301).HasFocus(23)</visible>
			</control>
			<control type="image">
				<posx>0</posx>
				<posy>420</posy>
				<width>140</width>
				<height>140</height>
				<texture>home/HomeIconAddon.png</texture>
				<visible>Container(301).HasFocus(23)</visible>
			</control>
		</control>
		
		<control type="group"> <!-- RadioButtons -->
			<posx>184</posx>
			<posy>850</posy>
			<control type="image">
				<posx>0</posx>
				<posy>0</posy>
				<width>30</width>
				<height>30</height>
				<texture>other_textures/RadioButtonNF.png</texture>
				<visible>!Container(301).HasFocus(21)</visible>
			</control>
			<control type="image">
				<posx>40</posx>
				<posy>0</posy>
				<width>30</width>
				<height>30</height>
				<texture>other_textures/radiobuttonnf.png</texture>
				<visible>!Container(301).HasFocus(22)</visible>
			</control>
			<control type="image">
				<posx>80</posx>
				<posy>0</posy>
				<width>30</width>
				<height>30</height>
				<texture>other_textures/radiobuttonnf.png</texture>
				<visible>!Container(301).HasFocus(23)</visible>
			</control>
			<control type="image">
				<posx>0</posx>
				<posy>0</posy>
				<width>30</width>
				<height>30</height>
				<texture>other_textures/RadioButtonFO.png</texture>
				<visible>Container(301).HasFocus(21)</visible>
			</control>
			<control type="image">
				<posx>40</posx>
				<posy>0</posy>
				<width>30</width>
				<height>30</height>
				<texture>other_textures/RadioButtonFO.png</texture>
				<visible>Container(301).HasFocus(22)</visible>
			</control>
			<control type="image">
				<posx>80</posx>
				<posy>0</posy>
				<width>30</width>
				<height>30</height>
				<texture>other_textures/RadioButtonFO.png</texture>
				<visible>Container(301).HasFocus(23)</visible>
			</control>
		</control>
	</include>
	
	<include name="RightWidget">
		<control type="list" id="302">
			<description>HomeLeftPanelList</description>
			<posx>0</posx>
			<posy>0</posy>
			<width>500</width>
			<height>520</height>
			<onup>302</onup>
			<ondown>302</ondown>
			<onleft>300</onleft>
			<onright>-</onright>
			<focusposition>2</focusposition>
			<scrolltime>200</scrolltime>
			<orientation>vertical</orientation>
			<itemlayout>
			</itemlayout>
			<focusedlayout>
				<control type="label">
					<posx>225</posx>
					<posy>10</posy>
					<width>450</width>
					<height>96</height>
					<info>ListItem.Label</info>
					<font>homemenu</font>
					<textcolor>White</textcolor>
					<align>center</align>
				</control>
			</focusedlayout>
			<content>
				<item id="21">
					<description>Weather</description>
					<label>-</label>
					<onclick>ActivateWindow(weather)</onclick>
				</item>
				<item id="22">
					<description>Settings</description>
					<label>-</label>
					<onclick>ActivateWindow(settings)</onclick>
				</item>
				<item id="23">
					<description>Pictures</description>
					<label>-</label>
					<onclick>-</onclick>
				</item>
			</content>
		</control>
		
		<control type="group"> <!-- time and date -->
			<posx>80</posx>
			<posy>-40</posy>
			<control type="image">
				<description>separator</description>
				<posx>-140</posx>
				<posy>290</posy>
				<width>530</width>
				<height>5</height>
				<colordiffuse>99ffffff</colordiffuse>
				<texture>other_textures/separator.png</texture>
				<aligny>center</aligny>
			</control>
			<control type="label">
				<description>time label</description>
				<posx>10</posx>
				<posy>315</posy>
				<width>250</width>
				<height>70</height>
				<align>left</align>
				<aligny>top</aligny>
				<font>Home</font>
				<textcolor>White</textcolor>
				<label>$INFO[System.Time]</label>
			</control> 
			<control type="label">
				<description>time label</description>
				<posx>-70</posx>
				<posy>425</posy>
				<width>400</width>
				<height>70</height>
				<align>center</align>
				<aligny>top</aligny>
				<textcolor>White</textcolor>
				<label>$INFO[System.Date(DDD)], $INFO[System.Date(d)]. $INFO[System.Date(mmm)] $INFO[System.Date(yyyy)] </label>
			</control>
			<control type="image">
				<description>separator</description>
				<posx>-140</posx>
				<posy>515</posy>
				<width>530</width>
				<height>5</height>
				<colordiffuse>99ffffff</colordiffuse>
				<texture>other_textures/separator.png</texture>
				<aligny>center</aligny>
			</control>
		</control>
		
		<control type="group"> <!-- addon favourites -->
			<posx>80</posx>
			<posy>0</posy>
			<control type="image">
				<posx>-4</posx>
				<posy>-4</posy>
				<width>238</width>
				<height>238</height>
				<texture>Black.png</texture>
				<bordertexture flipx="true">ThumbBorder.png</bordertexture>
				<bordersize>4</bordersize>
				<visible>Container(302).HasFocus(21)|Container(302).HasFocus(22)|Container(302).HasFocus(23)</visible>
			</control>
			<control type="image">
				<posx>0</posx>
				<posy>0</posy>
				<width>230</width>
				<height>230</height>
				<texture>IconAddons/ntv.png</texture>
				<visible>Container(302).HasFocus(21)</visible>
			</control>
			<control type="image">
				<posx>0</posx>
				<posy>0</posy>
				<width>230</width>
				<height>230</height>
				<texture>IconAddons/radio.png</texture>
				<visible>Container(302).HasFocus(22)</visible>
			</control>
			<control type="image">
				<posx>0</posx>
				<posy>0</posy>
				<width>230</width>
				<height>230</height>
				<texture>IconAddons/filmstarts.png</texture>
				<visible>Container(302).HasFocus(23)</visible>
			</control>	
		</control>
		
		<control type="group"> <!-- radiobuttons -->
			<posx>145</posx>
			<posy>820</posy>
			<control type="image">
				<posx>0</posx>
				<posy>0</posy>
				<width>30</width>
				<height>30</height>
				<texture>other_textures/RadioButtonNF.png</texture>
				<visible>!Container(302).HasFocus(21)</visible>
			</control>
			<control type="image">
				<posx>40</posx>
				<posy>0</posy>
				<width>30</width>
				<height>30</height>
				<texture>other_textures/radiobuttonnf.png</texture>
				<visible>!Container(302).HasFocus(22)</visible>
			</control>
			<control type="image">
				<posx>80</posx>
				<posy>0</posy>
				<width>30</width>
				<height>30</height>
				<texture>other_textures/radiobuttonnf.png</texture>
				<visible>!Container(302).HasFocus(23)</visible>
			</control>
			<control type="image">
				<posx>0</posx>
				<posy>0</posy>
				<width>30</width>
				<height>30</height>
				<texture>other_textures/RadioButtonFO.png</texture>
				<visible>Container(302).HasFocus(21)</visible>
			</control>
			<control type="image">
				<posx>40</posx>
				<posy>0</posy>
				<width>30</width>
				<height>30</height>
				<texture>other_textures/RadioButtonFO.png</texture>
				<visible>Container(302).HasFocus(22)</visible>
			</control>
			<control type="image">
				<posx>80</posx>
				<posy>0</posy>
				<width>30</width>
				<height>30</height>
				<texture>other_textures/RadioButtonFO.png</texture>
				<visible>Container(302).HasFocus(23)</visible>
			</control>
		</control>
		
		<control type="group"> <!-- now playing audio -->
			<posx>-55</posx>
			<posy>500</posy>
			<visible>Player.HasAudio</visible>
			<control type="group">
				<!-- <visible>Skin.HasSetting(cdart)+Player.HasAudio+!SubString(Player.Filenameandpath,://)</visible> -->
				<posx>44</posx>
				<posy>-1</posy>
				<fadetime>200</fadetime>
				<control type="image" id="70">
					<description>Cd Disc</description>
					<animation effect="rotate" end="-360" center="auto" time="5000" loop="true" reversible="true" condition="!Player.Paused">Conditional</animation>
					<width>220</width>
					<height>220</height>
					<posx>-5</posx>
					<posy>5</posy>
					<texture fallback="cdart/default.png" background="true">$INFO[Player.FolderPath]cdart.png</texture>
					<aspectratio align="bottom">keep</aspectratio>
				</control>
				<control type="textbox">
					<posx>18</posx>
					<posy>28</posy>
					<animation effect="rotate" end="-360" center="auto" time="5000" loop="true" reversible="true" condition="!Player.Paused">Conditional</animation>
					<width>174</width>
					<height>174</height>
					<font>engsmall</font>
					<textcolor>red</textcolor>
					<shadowcolor>-</shadowcolor>
					<align>center</align>
					<label>$INFO[MusicPlayer.Artist]</label>
					<visible>SubString(Control.GetLabel(70),default)</visible>
				</control>
			</control>
			<control type="group">
				<posx>0</posx>
				<posy>150</posy>
				<control type="label">
					<description>Now Playing Info</description>
					<posx>0</posx>
					<posy>30</posy>
					<width>1830</width>
					<angle>90</angle>
					<font>engsmall</font>
					<textcolor>Orange</textcolor>
					<label>$LOCALIZE[14086]</label>
					<scroll>true</scroll>
				</control>
				<control type="label">
					<description>Now Playing Info</description>
					<posx>0</posx>
					<posy>75</posy>
					<width>520</width>
					<align>center</align>------
					<textcolor>Orange</textcolor>
					<label>$INFO[MusicPlayer.Title]$INFO[MusicPlayer.Artist, - ,]</label>
					<scroll>true</scroll>
				</control>
				<control type="image">
					<description>cover image background</description>
					<posx>28</posx>
					<posy>-154</posy>
					<width>346</width>
					<height>236</height>
					<texture background="true">ThumbBorderDisc.png</texture>
				</control>
				<control type="image">
					<description></description>
					<posx>132</posx>
					<posy>-145</posy>
					<width>15</width>
					<height>222</height>
					<texture background="true" flipx="true">SideFade.png</texture>
				</control>
				<control type="image">
					<description>cover image</description>
					<posx>144</posx>
					<posy>-148</posy>
					<width>225</width>
					<height>225</height>
					<texture fallback="DefaultAlbumCover.png">$INFO[Player.Art(thumb)]</texture>
					<!-- <aspectratio align="center" aligny="center">scale</aspectratio> -->
				</control>
            </control>
		</control>
		
		
	</include>
</includes>