<includes>
    <include name="CommonBackground">
        <control type="image">
            <description>Normal Default Background Image</description>
            <posx>0</posx>
            <posy>0</posy>
            <width>1920</width>
            <height>1080</height>
            <aspectratio>scale</aspectratio>
            <texture>$INFO[Skin.CurrentTheme,special://skin/backgrounds/,.jpg]</texture>
            <visible>![Skin.HasSetting(UseCustomBackground) + !IsEmpty(Skin.String(CustomBackgroundPath))]</visible>
            <include>VisibleFadeEffect</include>
        </control>
        <control type="image">
            <description>User Set Background Image</description>
            <posx>0</posx>
            <posy>0</posy>
            <width>1920</width>
            <height>1080</height>
            <aspectratio>scale</aspectratio>
            <texture>$INFO[Skin.String(CustomBackgroundPath)]</texture>
            <visible>Skin.HasSetting(UseCustomBackground) + !IsEmpty(Skin.String(CustomBackgroundPath))</visible>
            <include>VisibleFadeEffect</include>
        </control>
        <control type="image">
            <posx>0</posx>
            <posy>0</posy>
            <width>1920</width>
            <height>1080</height>
            <aspectratio>scale</aspectratio>
            <texture background="true">$INFO[ListItem.Art(fanart)]</texture>
            <include>backgroundfade</include>
            <fadetime>FanartCrossfadeTime</fadetime>
            <visible>!Skin.HasSetting(HideBackGroundFanart) + !IsEmpty(ListItem.Property(Fanart_Image))</visible>
            <include>Window_OpenClose_Animation</include>
            <visible>![Player.HasVideo + !Skin.HasSetting(ShowBackgroundVideo)]</visible>
        </control>
        <control type="image">
            <posx>0</posx>
            <posy>0</posy>
            <width>1920</width>
            <height>1080</height>
            <texture>special://skin/backgrounds/media-overlay.jpg</texture>
            <visible>[Player.HasVideo + !Skin.HasSetting(ShowBackgroundVideo)] + ![Window.IsVisible(PVR) + [Control.IsVisible(11) | Control.IsVisible(12)]]</visible>
            <include>VisibleFadeEffect</include>
        </control>
        <control type="visualisation">
            <posx>0</posx>
            <posy>0</posy>
            <width>1920</width>
            <height>1080</height>
            <visible>Player.HasAudio + !Skin.HasSetting(ShowBackgroundVis) + ![Window.IsVisible(PVR) + [Control.IsVisible(11) | Control.IsVisible(12)]]</visible>
            <visible>!SubString(Window(videolibrary).Property(TvTunesIsAlive),True)</visible>
        </control>
        <control type="videowindow">
            <posx>0</posx>
            <posy>0</posy>
            <width>1920</width>
            <height>1080</height>
            <visible>Player.HasVideo + !Skin.HasSetting(ShowBackgroundVideo) + ![Window.IsVisible(PVR) + [Control.IsVisible(11) | Control.IsVisible(12)]]</visible>
        </control>
        <control type="image">
            <posx>0</posx>
            <posy>-60</posy>
            <width>1920</width>
            <height>180</height>
            <texture flipy="true">HomeNowPlayingBack.png</texture>
            <visible>[Player.HasVideo + !Skin.HasSetting(ShowBackgroundVideo)] | [Player.HasAudio + ![Skin.HasSetting(ShowBackgroundVis) | SubString(Window(videolibrary).Property(TvTunesIsAlive),True)]] | [!Skin.HasSetting(HideBackGroundFanart) + !IsEmpty(ListItem.Property(Fanart_Image))]</visible>
            <include>VisibleFadeEffect</include>
        </control>
    </include>
    <include name="ContentPanelBackgrounds">
        <control type="image">
            <posx>0</posx>
            <posy>150r</posy>
            <width>1920</width>
            <height>150</height>
            <texture>floor.png</texture>
            <animation effect="slide" start="0,15" end="0,0" time="200" condition="Window.Previous(Home)">WindowOpen</animation>
            <animation effect="slide" start="0,0" end="0,22" time="200" condition="Window.Next(Home)">WindowClose</animation>
        </control>
        <control type="group">
            <include>Window_OpenClose_Animation</include>
            <control type="group">
                <include>VisibleFadeEffect</include>
                <visible>Control.IsVisible(50)</visible>
                <control type="image">
                    <posx>75</posx>
                    <posy>90</posy>
                    <width>1125</width>
                    <height>900</height>
                    <texture border="15">ContentPanel.png</texture>
                </control>
                <control type="image">
                    <posx>75</posx>
                    <posy>978</posy>
                    <width>1125</width>
                    <height>96</height>
                    <texture border="15">ContentPanelMirror.png</texture>
                </control>
            </control>
            <control type="group">
                <include>VisibleFadeEffect</include>
                <visible>Control.IsVisible(504) | Control.IsVisible(550) | Control.IsVisible(512)</visible>
                <control type="image">
                    <posx>75</posx>
                    <posy>90</posy>
                    <width>960</width>
                    <height>900</height>
                    <texture border="15">ContentPanel.png</texture>
                </control>
                <control type="image">
                    <posx>75</posx>
                    <posy>978</posy>
                    <width>960</width>
                    <height>96</height>
                    <texture border="15">ContentPanelMirror.png</texture>
                </control>
                <control type="image">
                    <posx>1050</posx>
                    <posy>90</posy>
                    <width>795</width>
                    <height>900</height>
                    <texture border="15">ContentPanel.png</texture>
                </control>
                <control type="image">
                    <posx>1050</posx>
                    <posy>978</posy>
                    <width>795</width>
                    <height>96</height>
                    <texture border="15">ContentPanelMirror.png</texture>
                </control>
            </control>
            <control type="group">
                <include>VisibleFadeEffect</include>
                <visible>Control.IsVisible(551) | Control.IsVisible(560) | Control.IsVisible(511) | Control.IsVisible(506) | Control.IsVisible(513)</visible>
                <control type="image">
                    <posx>75</posx>
                    <posy>90</posy>
                    <width>1260</width>
                    <height>900</height>
                    <texture border="15">ContentPanel.png</texture>
                </control>
                <control type="image">
                    <posx>75</posx>
                    <posy>978</posy>
                    <width>1260</width>
                    <height>96</height>
                    <texture border="15">ContentPanelMirror.png</texture>
                </control>
                <control type="image">
                    <posx>1350</posx>
                    <posy>90</posy>
                    <width>495</width>
                    <height>900</height>
                    <texture border="15">ContentPanel.png</texture>
                </control>
                <control type="image">
                    <posx>1350</posx>
                    <posy>978</posy>
                    <width>495</width>
                    <height>96</height>
                    <texture border="15">ContentPanelMirror.png</texture>
                </control>
            </control>
            <control type="group">
                <include>VisibleFadeEffect</include>
                <visible>Control.IsVisible(501)</visible>
                <control type="image">
                    <posx>75</posx>
                    <posy>75</posy>
                    <width>1770</width>
                    <height>915</height>
                    <texture border="15">ContentPanel.png</texture>
                </control>
                <control type="image">
                    <posx>75</posx>
                    <posy>978</posy>
                    <width>1770</width>
                    <height>96</height>
                    <texture border="15">ContentPanelMirror.png</texture>
                </control>
            </control>
            <control type="group">
                <include>VisibleFadeEffect</include>
                <visible>Control.IsVisible(503)</visible>
                <control type="image">
                    <posx>75</posx>
                    <posy>345</posy>
                    <width>960</width>
                    <height>645</height>
                    <texture border="15">ContentPanel.png</texture>
                </control>
                <control type="image">
                    <posx>75</posx>
                    <posy>978</posy>
                    <width>960</width>
                    <height>96</height>
                    <texture border="15">ContentPanelMirror.png</texture>
                </control>
                <control type="image">
                    <posx>1050</posx>
                    <posy>345</posy>
                    <width>825</width>
                    <height>645</height>
                    <texture border="15">ContentPanel.png</texture>
                </control>
                <control type="image">
                    <posx>1050</posx>
                    <posy>978</posy>
                    <width>825</width>
                    <height>96</height>
                    <texture border="15">ContentPanelMirror.png</texture>
                </control>
            </control>
            <control type="group">
                <include>VisibleFadeEffect</include>
                <visible>Control.IsVisible(51) | Control.IsVisible(500) | Control.IsVisible(505)</visible>
                <control type="image">
                    <posx>112</posx>
                    <posy>90</posy>
                    <width>1695</width>
                    <height>900</height>
                    <texture border="15">ContentPanel.png</texture>
                </control>
                <control type="image">
                    <posx>112</posx>
                    <posy>978</posy>
                    <width>1695</width>
                    <height>96</height>
                    <texture border="15">ContentPanelMirror.png</texture>
                </control>
            </control>
            <control type="group">
                <include>VisibleFadeEffect</include>
                <visible>Control.IsVisible(514)</visible>
                <control type="image">
                    <posx>75</posx>
                    <posy>90</posy>
                    <width>735</width>
                    <height>900</height>
                    <texture border="15">ContentPanel.png</texture>
                </control>
                <control type="image">
                    <posx>75</posx>
                    <posy>978</posy>
                    <width>735</width>
                    <height>96</height>
                    <texture border="15">ContentPanelMirror.png</texture>
                </control>
                <control type="image">
                    <posx>825</posx>
                    <posy>90</posy>
                    <width>1020</width>
                    <height>900</height>
                    <texture border="15">ContentPanel.png</texture>
                </control>
                <control type="image">
                    <posx>825</posx>
                    <posy>978</posy>
                    <width>1020</width>
                    <height>96</height>
                    <texture border="15">ContentPanelMirror.png</texture>
                </control>
            </control>
            <control type="group">
                <include>VisibleFadeEffect</include>
                <visible>Control.IsVisible(515)</visible>
                <control type="image">
                    <posx>75</posx>
                    <posy>90</posy>
                    <width>600</width>
                    <height>900</height>
                    <texture border="15">ContentPanel.png</texture>
                </control>
                <control type="image">
                    <posx>75</posx>
                    <posy>978</posy>
                    <width>600</width>
                    <height>96</height>
                    <texture border="15">ContentPanelMirror.png</texture>
                </control>
                <control type="image">
                    <posx>690</posx>
                    <posy>90</posy>
                    <width>1155</width>
                    <height>900</height>
                    <texture border="15">ContentPanel.png</texture>
                </control>
                <control type="image">
                    <posx>690</posx>
                    <posy>978</posy>
                    <width>1155</width>
                    <height>96</height>
                    <texture border="15">ContentPanelMirror.png</texture>
                </control>
            </control>
        </control>
    </include>
    <include name="ContentPanelBackgroundsPVR">
        <control type="image">
            <posx>0</posx>
            <posy>150r</posy>
            <width>1920</width>
            <height>150</height>
            <texture>floor.png</texture>
            <animation effect="fade" time="250" condition="Window.Previous(Home)">WindowOpen</animation>
            <animation effect="fade" time="250" condition="Window.Next(Home)">WindowClose</animation>
        </control>
        <control type="group">
            <include>Window_OpenClose_Animation</include>
            <control type="group">
                <include>VisibleFadeEffect</include>
                <visible>Control.IsVisible(10) | Control.IsVisible(14) | Control.IsVisible(15) | Control.IsVisible(16) | Control.IsVisible(17)</visible>
                <control type="image">
                    <posx>82</posx>
                    <posy>90</posy>
                    <width>1755</width>
                    <height>900</height>
                    <texture border="15">ContentPanel.png</texture>
                </control>
                <control type="image">
                    <posx>82</posx>
                    <posy>978</posy>
                    <width>1755</width>
                    <height>96</height>
                    <texture border="15">ContentPanelMirror.png</texture>
                </control>
            </control>
            <control type="group">
                <include>VisibleFadeEffect</include>
                <visible>Control.IsVisible(11) | Control.IsVisible(12)</visible>
                <control type="image">
                    <posx>75</posx>
                    <posy>90</posy>
                    <width>675</width>
                    <height>900</height>
                    <texture border="15">ContentPanel.png</texture>
                </control>
                <control type="image">
                    <posx>75</posx>
                    <posy>978</posy>
                    <width>675</width>
                    <height>96</height>
                    <texture border="15">ContentPanelMirror.png</texture>
                </control>
                <control type="image">
                    <posx>765</posx>
                    <posy>90</posy>
                    <width>1095</width>
                    <height>900</height>
                    <texture border="15">ContentPanel.png</texture>
                </control>
                <control type="image">
                    <posx>765</posx>
                    <posy>978</posy>
                    <width>1095</width>
                    <height>96</height>
                    <texture border="15">ContentPanelMirror.png</texture>
                </control>
            </control>
            <control type="group">
                <include>VisibleFadeEffect</include>
                <visible>Control.IsVisible(13)</visible>
                <control type="image">
                    <posx>75</posx>
                    <posy>90</posy>
                    <width>1260</width>
                    <height>900</height>
                    <texture border="15">ContentPanel.png</texture>
                </control>
                <control type="image">
                    <posx>75</posx>
                    <posy>978</posy>
                    <width>1260</width>
                    <height>96</height>
                    <texture border="15">ContentPanelMirror.png</texture>
                </control>
                <control type="image">
                    <posx>1350</posx>
                    <posy>90</posy>
                    <width>495</width>
                    <height>900</height>
                    <texture border="15">ContentPanel.png</texture>
                </control>
                <control type="image">
                    <posx>1350</posx>
                    <posy>978</posy>
                    <width>495</width>
                    <height>96</height>
                    <texture border="15">ContentPanelMirror.png</texture>
                </control>
            </control>
        </control>
    </include>
</includes>