<window>
    <defaultcontrol always="true">52</defaultcontrol>
    <allowoverlay>no</allowoverlay>
    <coordinates>
        <system>1</system>
        <posx>0</posx>
        <posy>0</posy>
    </coordinates>
    <controls>
        <include>CommonBackground</include>
        <control type="group">
            <include>Window_OpenClose_Animation</include>
            <control type="image">
                <posx>0</posx>
                <posy>150r</posy>
                <width>1920</width>
                <height>150</height>
                <texture>floor.png</texture>
                <animation effect="slide" start="0,15" end="0,0" time="200" condition="Window.Previous(Home)">WindowOpen</animation>
                <animation effect="slide" start="0,0" end="0,22" time="200" condition="Window.Next(Home)">WindowClose</animation>
            </control>
            <control type="image">
                <description>LOGO</description>
                <posx>0</posx>
                <posy>8</posy>
                <width>255</width>
                <height>150</height>
                <aspectratio aligny="top" align="left">keep</aspectratio>
                <texture>xbmc-logo.png</texture>
                <include>Window_OpenClose_Animation</include>
            </control>
            <control type="image">
                <posx>398</posx>
                <posy>90</posy>
                <width>1125</width>
                <height>900</height>
                <texture border="10">ContentPanel.png</texture>
            </control>
            <control type="image">
                <posx>398</posx>
                <posy>978</posy>
                <width>1125</width>
                <height>96</height>
                <texture border="10">ContentPanelMirror.png</texture>
            </control>
            <control type="label">
                <posx>442</posx>
                <posy>150</posy>
                <width>1035</width>
                <height>60</height>
                <font>engsmall</font>
                <textcolor>Grey2</textcolor>
                <align>center</align>
                <aligny>center</aligny>
                <label>$LOCALIZE[31421]</label>
            </control>
            <control type="list" id="52">
                <posx>442</posx>
                <posy>255</posy>
                <width>1035</width>
                <height>602</height>
                <onleft>20</onleft>
                <onright>20</onright>
                <onup>52</onup>
                <ondown>52</ondown>
                <viewtype label="535">list</viewtype>
                <pagecontrol>60</pagecontrol>
                <scrolltime>200</scrolltime>
                <itemlayout height="150" width="1035">
                    <control type="image">
                        <posx>0</posx>
                        <posy>0</posy>
                        <width>1035</width>
                        <height>142</height>
                        <texture border="5">button-nofocus.png</texture>
                    </control>
                    <control type="image">
                        <posx>15</posx>
                        <posy>15</posy>
                        <width>120</width>
                        <height>112</height>
                        <texture>$INFO[ListItem.Icon]</texture>
                    </control>
                    <control type="label">
                        <posx>165</posx>
                        <posy>15</posy>
                        <width>870</width>
                        <height>60</height>
                        <font>engsmall</font>
                        <textcolor>Grey2</textcolor>
                        <selectedcolor>selected</selectedcolor>
                        <align>left</align>
                        <aligny>center</aligny>
                        <label>$INFO[ListItem.Label]</label>
                    </control>
                    <control type="label">
                        <posx>165</posx>
                        <posy>75</posy>
                        <width>870</width>
                        <height>38</height>
                        <font>engsmall</font>
                        <textcolor>Grey2</textcolor>
                        <selectedcolor>selected</selectedcolor>
                        <align>left</align>
                        <aligny>center</aligny>
                        <label>$INFO[ListItem.Label2]</label>
                    </control>
                </itemlayout>
                <focusedlayout height="150" width="870">
                    <control type="image">
                        <posx>0</posx>
                        <posy>0</posy>
                        <width>1035</width>
                        <height>142</height>
                        <texture border="5">button-nofocus.png</texture>
                        <visible>!Control.HasFocus(52)</visible>
                        <include>VisibleFadeEffect</include>
                    </control>
                    <control type="image">
                        <posx>0</posx>
                        <posy>0</posy>
                        <width>1035</width>
                        <height>142</height>
                        <texture border="5">button-focus2.png</texture>
                        <visible>Control.HasFocus(52)</visible>
                        <include>VisibleFadeEffect</include>
                    </control>
                    <control type="image">
                        <posx>15</posx>
                        <posy>15</posy>
                        <width>120</width>
                        <height>112</height>
                        <texture>$INFO[ListItem.Icon]</texture>
                    </control>
                    <control type="label">
                        <posx>165</posx>
                        <posy>15</posy>
                        <width>870</width>
                        <height>60</height>
                        <font>engsmall</font>
                        <textcolor>White</textcolor>
                        <selectedcolor>selected</selectedcolor>
                        <align>left</align>
                        <aligny>center</aligny>
                        <label>$INFO[ListItem.Label]</label>
                    </control>
                    <control type="label">
                        <posx>165</posx>
                        <posy>75</posy>
                        <width>870</width>
                        <height>38</height>
                        <font>engsmall</font>
                        <textcolor>Grey2</textcolor>
                        <selectedcolor>selected</selectedcolor>
                        <align>left</align>
                        <aligny>center</aligny>
                        <label>$INFO[ListItem.Label2]</label>
                    </control>
                </focusedlayout>
            </control>
            <control type="image">
                <description>LOGO</description>
                <posx>398</posx>
                <posy>870</posy>
                <width>330</width>
                <height>120</height>
                <aspectratio>keep</aspectratio>
                <texture>Confluence_Logo.png</texture>
            </control>
            <control type="group">
                <posx>1410</posx>
                <posy>900</posy>
                <control type="label">
                    <posx>0</posx>
                    <posy>0</posy>
                    <width>870</width>
                    <height>68</height>
                    <font>engsmall</font>
                    <textcolor>Grey2</textcolor>
                    <align>right</align>
                    <aligny>center</aligny>
                    <label>$LOCALIZE[31003]</label>
                </control>
                <control type="button" id="20">
                    <description>Power push button</description>
                    <posx>15</posx>
                    <posy>0</posy>
                    <width>68</width>
                    <height>68</height>
                    <label>-</label>
                    <font>-</font>
                    <aligny>-</aligny>
                    <onclick>ActivateWindow(ShutdownMenu)</onclick>
                    <texturefocus border="5">floor_buttonFO.png</texturefocus>
                    <texturenofocus border="5">floor_button.png</texturenofocus>
                    <onleft>52</onleft>
                    <onright>52</onright>
                    <onup>52</onup>
                    <ondown>52</ondown>
                    <colordiffuse>CCFFFFFF</colordiffuse>
                </control>
                <control type="image">
                    <description>Power Icon</description>
                    <posx>22</posx>
                    <posy>8</posy>
                    <width>52</width>
                    <height>52</height>
                    <aspectratio>keep</aspectratio>
                    <texture>icon_power.png</texture>
                </control>
                <control type="image">
                    <posx>20</posx>
                    <posy>4</posy>
                    <width>45</width>
                    <height>44</height>
                    <texture>home-power-focus.gif</texture>
                    <visible>Control.HasFocus(20)</visible>
                </control>
            </control>
        </control>
        <include>Clock</include>
        <control type="label">
            <description>Date label</description>
            <posx>30r</posx>
            <posy>52</posy>
            <width>300</width>
            <height>22</height>
            <align>right</align>
            <aligny>center</aligny>
            <font>engsmall</font>
            <textcolor>White</textcolor>
            <shadowcolor>Black</shadowcolor>
            <label>$INFO[System.Date]</label>
            <include>Window_OpenClose_Animation</include>
            <animation effect="slide" start="0,0" end="-90,0" time="100" condition="Window.IsVisible(Mutebug)">conditional</animation>
        </control>
    </controls>
</window>