<window>
    <controls>
        <control type="karvisualisation" id="1">
            <description>visualisation</description>
            <posx>0</posx>
            <posy>0</posy>
            <width>1920</width>
            <height>1080</height>
            <visibility>false</visibility>
        </control>
        <control type="image" id="2">
            <description>fullscreen image</description>
            <posx>0</posx>
            <posy>0</posy>
            <width>1920</width>
            <height>1080</height>
            <visibility>false</visibility>
        </control>
        <control type="group">
            <visible>MusicPlayer.Offset(number).Exists + !IntegerGreaterThan(Player.TimeRemaining,20)</visible>
            <animation effect="slide" start="0,-60" end="0,0" time="100">Visible</animation>
            <posx>630</posx>
            <posy>0</posy>
            <control type="image">
                <posx>0</posx>
                <posy>-15</posy>
                <width>705</width>
                <height>82</height>
                <texture flipy="true" border="20,20,20,2">InfoMessagePanel.png</texture>
            </control>
            <control type="label" id="402">
                <description>Next Song Name</description>
                <posx>8</posx>
                <posy>8</posy>
                <width>705</width>
                <height>38</height>
                <font>engsmall</font>
                <textcolor>Blue</textcolor>
                <label>[COLOR=Blue]$LOCALIZE[209] :[/COLOR] [COLOR=selected]$INFO[MusicPlayer.offset(1).Title][/COLOR]</label>
                <align>center</align>
                <aligny>center</aligny>
            </control>
        </control>
    </controls>
</window>