<?xml version="1.0" encoding="UTF-8"?>
<!-- Foundation -->
<window id="2903">
	<defaultcontrol always="true">2</defaultcontrol>
	<allowoverlay>yes</allowoverlay>

	<controls>

		<!-- <control type="group">
			<posx>1295</posx>
			<posy>850</posy>

			<control type="group">

				<visible>!Window.IsActive(visualisation) + !Window.IsActive(karaoke)</visible>
				
				<control type="label">
					<description>Now Playing Info</description>
					<posx>0</posx>
					<posy>30</posy>
					<width>1830</width>
					<angle>90</angle>
					<font>engsmall</font>
					<textcolor>Orange</textcolor>
					<label>$LOCALIZE[14086]</label>
					<scroll>true</scroll>
				</control>
				
				<control type="label">
					<description>Now Playing Info</description>
					<posx>0</posx>
					<posy>75</posy>
					<width>520</width>
					<align>center</align>------
					<textcolor>Orange</textcolor>
					<label>$INFO[MusicPlayer.Title]$INFO[MusicPlayer.Artist, - ,]</label>
					<scroll>true</scroll>
				</control>
				
				<control type="image">
                <description>cover image</description>
                <posx>120</posx>
                <posy>-150</posy>
                <width>250</width>
                <height>230</height>
                <texture fallback="DefaultAlbumCover.png">$INFO[Player.Art(thumb)]</texture>
                <aspectratio aligny="bottom">keep</aspectratio>
                <bordertexture border="8">ThumbShadow.png</bordertexture>
                <bordersize>8</bordersize>
            </control>

			</control>

		</control> -->

	</controls>

</window>