<?xml version="1.0" encoding="UTF-8"?>
<!-- Foundation -->
<window id="2903">
	<defaultcontrol always="true">2</defaultcontrol>
	<allowoverlay>yes</allowoverlay>

	<controls>

		<control type="group">
			<posx>1330</posx>
			<posy>900</posy>

			<control type="group">

				<visible>!Window.IsActive(visualisation) + !Window.IsActive(karaoke)</visible>

				

				<control type="label">
					<description>Now Playing Info</description>
					<posx>0</posx>
					<posy>0</posy>
					<width>1830</width>
					<label>$INFO[MusicPlayer.Title,[COLOR=Green]$LOCALIZE[13350] [/COLOR],]$INFO[MusicPlayer.Artist, - ,]</label>
					<scroll>true</scroll>
				</control>
				
				<control type="label">
					<description>Now Playing Info</description>
					<posx>0</posx>
					<posy>30</posy>
					<width>1830</width>
					<label>$INFO[MusicPlayer.Title,[COLOR=Green]$LOCALIZE[13350] [/COLOR],]$INFO[MusicPlayer.Artist, - ,]</label>
					<scroll>true</scroll>
				</control>

			</control>

		</control>

	</controls>

</window>