<?xml version="1.0" encoding="UTF-8"?>
<!-- Foundation -->
<window id="502">
	<defaultcontrol always="true">50</defaultcontrol>
	<allowoverlay>no</allowoverlay>
	<views>50</views>

	<controls>

	
	<control type="image"> <!-- Backgroundimage -->
			<include>Dimensions_Fullscreen</include>
			<fadetime>800</fadetime>
			<texture background="true">special://skin/backgrounds/musik1.jpg</texture>
		</control>
		
		<control type="image">
			<posx>180</posx>
			<posy>43</posy>
			<width>721</width>
			<height>1000</height>
			<texture background="true">music/menueblock.png</texture>
		</control>

		<control type="image">
			<posx>449</posx>
			<posy>32</posy>
			<width>180</width>
			<height>163</height>
			<texture background="true">music/musicicon.png</texture>
		</control>
				

		<include>View_50_List</include>
		<control type="grouplist" id="9000">
			<posx>-15</posx>
			<posy>210</posy>
			<width>330</width>
			<height>900</height>
			<itemgap>3</itemgap>
			<onleft>50</onleft>
			<onright>50</onright>
			<onup>9000</onup>
			<ondown>9000</ondown>
			<orientation>vertical</orientation>
			
			<animation effect="slide" start="0" end="-350" time="200" delay="0" tween="cubic" easing="out" condition="!ControlGroup(9000).HasFocus()">Conditional</animation>
			
			<!-- <animation type="Conditional" condition="!ControlGroup(9000).HasFocus()">
				<effect type="fade" start="100" end="50" time="200" />
				<effect type="zoom" center="0,450" start="100" end="80" time="200" />
			</animation> -->

			<control type="button" id="2">
				<description>View</description>
				<width>330</width>
				<align>left</align>
			</control>

			<control type="button" id="3">
				<description>Sort</description>
				<width>330</width>
				<align>left</align>
			</control>

			<control type="togglebutton" id="4">
				<description>Ascending</description>
				<width>330</width>
				<align>left</align>
				<label>584</label>
				<altlabel>585</altlabel>
			</control>

			<control type="button" id="5">
				<description>Files</description>
				<width>330</width>
				<align>left</align>
				<label>31001</label>
				<onclick>SetFocus(50)</onclick>
			</control>

			<control type="button" id="8">
				<description>Search</description>
				<width>330</width>
				<align>left</align>
				<label>137</label>
			</control>

			<control type="radiobutton" id="16">
				<description>PartyMode</description>
				<width>330</width>
				<align>left</align>
				<label>589</label>
			</control>

			<control type="button" id="21">
				<description>Activate Filter</description>
				<width>330</width>
				<align>left</align>
				<label>587</label>
				<onclick>SendClick(musiclibrary,19)</onclick>
				<onclick>SetFocus(22)</onclick>
				<visible>IsEmpty(Window.Property(filter))</visible>
			</control>

			<control type="button" id="22">
				<description>Show Filter Label</description>
				<width>330</width>
				<align>left</align>
				<label>$LOCALIZE[587] - $INFO[Window.Property(filter)]</label>
				<onclick>SendClick(musiclibrary,19)</onclick>
				<onclick>SetFocus(21)</onclick>
				<visible>!IsEmpty(Window.Property(filter))</visible>
			</control>

			<control type="button" id="98">
				<description>Open Player Controls</description>
				<width>330</width>
				<align>left</align>
				<label>31015</label>
				<onclick>ActivateWindow(playercontrols)</onclick>
				<visible>Player.HasMedia</visible>
			</control>

		</control>

	</controls>

</window>