<window>
    <defaultcontrol allways="true">6</defaultcontrol>
    <allowoverlay>no</allowoverlay>
    <controls>
        <include>CommonBackground</include>
        <control type="group">
            <posy>15</posy>
            <include>Window_OpenClose_Animation</include>
            <control type="image">
                <posx>668</posx>
                <posy>60</posy>
                <width>585</width>
                <height>960</height>
                <texture>Black-back.png</texture>
            </control>
            <control type="label">
                <posx>712</posx>
                <posy>68</posy>
                <width>495</width>
                <height>45</height>
                <font>engsmall</font>
                <textcolor>Blue</textcolor>
                <scroll>true</scroll>
                <align>center</align>
                <aligny>center</aligny>
                <label>$LOCALIZE[31061]</label>
            </control>
            <control type="group" id="9000">
                <posx>712</posx>
                <posy>825</posy>
                <control type="button" id="6">
                    <description>Open Button</description>
                    <posx>0</posx>
                    <posy>0</posy>
                    <width>495</width>
                    <label>31055</label>
                    <align>center</align>
                    <include>ButtonHomeSubCommonValues</include>
                    <onleft>50</onleft>
                    <onright>100</onright>
                    <onup>8</onup>
                    <ondown>7</ondown>
                </control>
                <control type="button" id="7">
                    <description>Save Button</description>
                    <posx>0</posx>
                    <posy>60</posy>
                    <width>495</width>
                    <label>31056</label>
                    <align>center</align>
                    <include>ButtonHomeSubCommonValues</include>
                    <onleft>50</onleft>
                    <onright>100</onright>
                    <onup>6</onup>
                    <ondown>8</ondown>
                </control>
                <control type="button" id="8">
                    <description>Clear button</description>
                    <posx>0</posx>
                    <posy>120</posy>
                    <width>495</width>
                    <label>31057</label>
                    <align>center</align>
                    <include>ButtonHomeSubCommonValues</include>
                    <onleft>50</onleft>
                    <onright>100</onright>
                    <onup>7</onup>
                    <ondown>6</ondown>
                </control>
            </control>
            <control type="group">
                <visible>Control.HasFocus(50)</visible>
                <include>VisibleFadeEffect</include>
                <control type="image">
                    <posx>720</posx>
                    <posy>135</posy>
                    <width>480</width>
                    <height>300</height>
                    <aspectratio>keep</aspectratio>
                    <texture>$INFO[Container(50).ListItem.Icon]</texture>
                </control>
                <control type="textbox">
                    <posx>720</posx>
                    <posy>450</posy>
                    <width>480</width>
                    <height>330</height>
                    <font>font11</font>
                    <align>center</align>
                    <textcolor>White</textcolor>
                    <shadowcolor>Black</shadowcolor>
                    <pagecontrol>-</pagecontrol>
                    <label>$INFO[Container(50).ListItem.Title,[COLOR=Blue]$LOCALIZE[556]:[/COLOR] ,[CR]]$INFO[Container(50).ListItem.Artist,[COLOR=Blue]$LOCALIZE[557]:[/COLOR] ,[CR]]$INFO[Container(50).ListItem.Album,[COLOR=Blue]$LOCALIZE[558]:[/COLOR] ,[CR]]$INFO[Container(50).ListItem.Duration,[COLOR=Blue]$LOCALIZE[555]:[/COLOR] ,[CR]]$INFO[Container(50).ListItem.TrackNumber,[COLOR=Blue]$LOCALIZE[554]:[/COLOR] ,[CR]]$INFO[Container(50).ListItem.Genre,[COLOR=Blue]$LOCALIZE[515]:[/COLOR] ,[CR]]</label>
                </control>
            </control>
            <control type="group">
                <visible>Control.HasFocus(100)</visible>
                <include>VisibleFadeEffect</include>
                <control type="image">
                    <posx>698</posx>
                    <posy>135</posy>
                    <width>525</width>
                    <height>300</height>
                    <aspectratio>keep</aspectratio>
                    <texture>$INFO[Container(100).ListItem.Icon]</texture>
                </control>
                <control type="textbox">
                    <posx>698</posx>
                    <posy>450</posy>
                    <width>525</width>
                    <height>330</height>
                    <font>font11</font>
                    <align>center</align>
                    <textcolor>White</textcolor>
                    <shadowcolor>Black</shadowcolor>
                    <pagecontrol>-</pagecontrol>
                    <label>$INFO[Container(100).ListItem.Title,[COLOR=Blue]$LOCALIZE[556]:[/COLOR] ,[CR]]$INFO[Container(100).ListItem.Artist,[COLOR=Blue]$LOCALIZE[557]:[/COLOR] ,[CR]]$INFO[Container(100).ListItem.Album,[COLOR=Blue]$LOCALIZE[558]:[/COLOR] ,[CR]]$INFO[Container(100).ListItem.Duration,[COLOR=Blue]$LOCALIZE[555]:[/COLOR] ,[CR]]$INFO[Container(100).ListItem.TrackNumber,[COLOR=Blue]$LOCALIZE[554]:[/COLOR] ,[CR]]$INFO[Container(100).ListItem.Genre,[COLOR=Blue]$LOCALIZE[515]:[/COLOR] ,[CR]]</label>
                </control>
            </control>
        </control>
        <control type="group">
            <animation effect="slide" start="-720,0" end="0,0" time="500" tween="quadratic" easing="out">WindowOpen</animation>
            <animation effect="slide" end="-1080,0" start="0,0" time="500" tween="quadratic" easing="out">WindowClose</animation>
            <control type="image">
                <posx>0</posx>
                <posy>0</posy>
                <width>720</width>
                <height>1080</height>
                <texture border="0,0,15,0">MediaBladeSub.png</texture>
            </control>
            <control type="label">
                <posx>45</posx>
                <posy>60</posy>
                <width>615</width>
                <height>45</height>
                <font>engsmall</font>
                <textcolor>White</textcolor>
                <scroll>true</scroll>
                <align>left</align>
                <aligny>center</aligny>
                <label>31058</label>
            </control>
            <control type="image">
                <posx>15</posx>
                <posy>120</posy>
                <width>690</width>
                <height>6</height>
                <texture>separator.png</texture>
            </control>
            <control type="image">
                <posx>15</posx>
                <posy>75r</posy>
                <width>690</width>
                <height>6</height>
                <texture>separator.png</texture>
            </control>
            <control type="label">
                <description>number of files/pages in left list text label</description>
                <posx>45</posx>
                <posy>57r</posy>
                <width>615</width>
                <font>engsmall</font>
                <align>left</align>
                <scroll>true</scroll>
                <textcolor>Blue</textcolor>
                <shadowcolor>Black</shadowcolor>
                <label>($INFO[Container(50).NumItems]) $LOCALIZE[31025] - $LOCALIZE[31024] ($INFO[Container(50).CurrentPage]/$INFO[Container(50).NumPages])</label>
            </control>
            <control type="scrollbar" id="30">
                <posx>30</posx>
                <posy>150</posy>
                <width>38</width>
                <height>810</height>
                <texturesliderbackground border="0,14,0,14">ScrollBarV.png</texturesliderbackground>
                <texturesliderbar border="0,14,0,14">ScrollBarV_bar.png</texturesliderbar>
                <texturesliderbarfocus border="0,14,0,14">ScrollBarV_bar_focus.png</texturesliderbarfocus>
                <textureslidernib>ScrollBarNib.png</textureslidernib>
                <textureslidernibfocus>ScrollBarNib.png</textureslidernibfocus>
                <onleft>31</onleft>
                <onright>50</onright>
                <showonepage>false</showonepage>
                <orientation>vertical</orientation>
            </control>
            <control type="list" id="50">
                <posx>75</posx>
                <posy>150</posy>
                <width>600</width>
                <height>810</height>
                <onleft>30</onleft>
                <onright>9000</onright>
                <onup>50</onup>
                <ondown>50</ondown>
                <viewtype label="">list</viewtype>
                <pagecontrol>30</pagecontrol>
                <scrolltime>200</scrolltime>
                <itemlayout height="45" width="600">
                    <control type="label">
                        <posx>8</posx>
                        <posy>0</posy>
                        <width>570</width>
                        <height>45</height>
                        <font>engsmall</font>
                        <textcolor>Grey2</textcolor>
                        <selectedcolor>selected</selectedcolor>
                        <align>left</align>
                        <aligny>center</aligny>
                        <info>ListItem.Label</info>
                    </control>
                    <control type="label">
                        <posx>592</posx>
                        <posy>0</posy>
                        <width>540</width>
                        <height>45</height>
                        <font>engsmall</font>
                        <textcolor>Grey2</textcolor>
                        <selectedcolor>selected</selectedcolor>
                        <align>right</align>
                        <aligny>center</aligny>
                        <info>ListItem.Label2</info>
                    </control>
                </itemlayout>
                <focusedlayout height="45" width="600">
                    <control type="image">
                        <posx>0</posx>
                        <posy>0</posy>
                        <width>600</width>
                        <height>45</height>
                        <texture border="7">MenuItemFO.png</texture>
                        <visible>Control.HasFocus(50)</visible>
                        <include>VisibleFadeEffect</include>
                    </control>
                    <control type="label">
                        <posx>8</posx>
                        <posy>0</posy>
                        <width>570</width>
                        <height>45</height>
                        <font>engsmall</font>
                        <textcolor>White</textcolor>
                        <selectedcolor>selected</selectedcolor>
                        <align>left</align>
                        <aligny>center</aligny>
                        <info>ListItem.Label</info>
                    </control>
                    <control type="label">
                        <posx>592</posx>
                        <posy>0</posy>
                        <width>540</width>
                        <height>45</height>
                        <font>engsmall</font>
                        <textcolor>White</textcolor>
                        <selectedcolor>selected</selectedcolor>
                        <align>right</align>
                        <aligny>center</aligny>
                        <info>ListItem.Label2</info>
                    </control>
                </focusedlayout>
            </control>
        </control>
        <control type="group">
            <animation effect="slide" start="720,0" end="0,0" time="500" tween="quadratic" easing="out">WindowOpen</animation>
            <animation effect="slide" end="1080,0" start="0,0" time="500" tween="quadratic" easing="out">WindowClose</animation>
            <posx>1200</posx>
            <control type="image">
                <posx>0</posx>
                <posy>0</posy>
                <width>720</width>
                <height>1080</height>
                <texture border="15,0,0,0" flipx="true">MediaBladeSub.png</texture>
            </control>
            <control type="label">
                <posx>660</posx>
                <posy>60</posy>
                <width>615</width>
                <height>45</height>
                <font>engsmall</font>
                <textcolor>White</textcolor>
                <scroll>true</scroll>
                <align>right</align>
                <aligny>center</aligny>
                <label>31059</label>
            </control>
            <control type="image">
                <posx>15</posx>
                <posy>120</posy>
                <width>690</width>
                <height>6</height>
                <texture>separator.png</texture>
            </control>
            <control type="image">
                <posx>15</posx>
                <posy>75r</posy>
                <width>690</width>
                <height>6</height>
                <texture>separator.png</texture>
            </control>
            <control type="label">
                <description>Page Count Label</description>
                <posx>660</posx>
                <posy>57r</posy>
                <width>450</width>
                <height>30</height>
                <font>engsmall</font>
                <textcolor>Blue</textcolor>
                <scroll>false</scroll>
                <align>right</align>
                <aligny>center</aligny>
                <label>($INFO[Container(100).NumItems]) $LOCALIZE[31025] - $LOCALIZE[31024] ($INFO[Container(100).CurrentPage]/$INFO[Container(100).NumPages])</label>
            </control>
            <control type="scrollbar" id="31">
                <posx>645</posx>
                <posy>150</posy>
                <width>38</width>
                <height>825</height>
                <texturesliderbackground border="0,14,0,14">ScrollBarV.png</texturesliderbackground>
                <texturesliderbar border="0,14,0,14">ScrollBarV_bar.png</texturesliderbar>
                <texturesliderbarfocus border="0,14,0,14">ScrollBarV_bar_focus.png</texturesliderbarfocus>
                <textureslidernib>ScrollBarNib.png</textureslidernib>
                <textureslidernibfocus>ScrollBarNib.png</textureslidernibfocus>
                <onleft>100</onleft>
                <onright>30</onright>
                <showonepage>false</showonepage>
                <orientation>vertical</orientation>
            </control>
            <control type="list" id="100">
                <posx>30</posx>
                <posy>150</posy>
                <width>600</width>
                <height>825</height>
                <onleft>9000</onleft>
                <onright>31</onright>
                <onup>100</onup>
                <ondown>100</ondown>
                <viewtype label="">list</viewtype>
                <pagecontrol>31</pagecontrol>
                <scrolltime>200</scrolltime>
                <itemlayout height="45" width="600">
                    <control type="label">
                        <posx>8</posx>
                        <posy>0</posy>
                        <width>570</width>
                        <height>45</height>
                        <font>engsmall</font>
                        <textcolor>Grey2</textcolor>
                        <selectedcolor>selected</selectedcolor>
                        <align>left</align>
                        <aligny>center</aligny>
                        <info>ListItem.Label</info>
                    </control>
                    <control type="label">
                        <posx>592</posx>
                        <posy>0</posy>
                        <width>540</width>
                        <height>45</height>
                        <font>engsmall</font>
                        <textcolor>Grey2</textcolor>
                        <selectedcolor>selected</selectedcolor>
                        <align>right</align>
                        <aligny>center</aligny>
                        <info>ListItem.Label2</info>
                    </control>
                </itemlayout>
                <focusedlayout height="45" width="600">
                    <control type="image">
                        <posx>0</posx>
                        <posy>0</posy>
                        <width>600</width>
                        <height>45</height>
                        <texture border="7">MenuItemFO.png</texture>
                        <visible>Control.HasFocus(100)</visible>
                        <include>VisibleFadeEffect</include>
                    </control>
                    <control type="label">
                        <posx>8</posx>
                        <posy>0</posy>
                        <width>570</width>
                        <height>45</height>
                        <font>engsmall</font>
                        <textcolor>White</textcolor>
                        <selectedcolor>selected</selectedcolor>
                        <align>left</align>
                        <aligny>center</aligny>
                        <info>ListItem.Label</info>
                    </control>
                    <control type="label">
                        <posx>592</posx>
                        <posy>0</posy>
                        <width>540</width>
                        <height>45</height>
                        <font>engsmall</font>
                        <textcolor>White</textcolor>
                        <selectedcolor>selected</selectedcolor>
                        <align>right</align>
                        <aligny>center</aligny>
                        <info>ListItem.Label2</info>
                    </control>
                </focusedlayout>
            </control>
        </control>
        <control type="image">
            <description>Section header image</description>
            <posx>30</posx>
            <posy>4</posy>
            <width>52</width>
            <height>52</height>
            <aspectratio>keep</aspectratio>
            <texture>icon_music.png</texture>
        </control>
        <control type="grouplist">
            <posx>98</posx>
            <posy>8</posy>
            <width>1500</width>
            <height>45</height>
            <orientation>horizontal</orientation>
            <align>left</align>
            <itemgap>8</itemgap>
            <control type="label">
                <include>WindowTitleCommons</include>
                <label>$LOCALIZE[10503]</label>
            </control>
            <control type="label">
                <include>WindowTitleCommons</include>
                <label>[COLOR=Blue] - [/COLOR]$INFO[Container.FolderName]</label>
                <visible>!IsEmpty(Container.FolderName)</visible>
            </control>
        </control>
        <include>Clock</include>
    </controls>
</window>