<?xml version="1.0" encoding="UTF-8"?>
<!-- Foundation -->
<window id="501">
	<defaultcontrol always="true">50</defaultcontrol>
	<allowoverlay>no</allowoverlay>
	<views>50</views>

	<controls>
	
	<control type="image"> <!-- Backgroundimage -->
			<include>Dimensions_Fullscreen</include>
			<fadetime>200</fadetime>
			<texture background="true">special://skin/backgrounds/musikback.jpg</texture>
		</control>
		
		<control type="image">
				<posx>30</posx>
				<posy>36</posy>
				<texture background="true">music/Side.jpg</texture>
			</control>
		<control type="image">
				<posx>1780</posx>
				<posy>36</posy>
				<texture background="true">music/Sideright.jpg</texture>
			</control>
		<control type="image">
                <description>Audio Codec Image</description>
				<posx>1790</posx>
				<posy>80</posy>
                  <width>93</width>
                 <height>52</height>
                 <aspectratio align="right">keep</aspectratio>
                 <texture>$INFO[MusicPlayer.Codec,flagging/audio/,.png]</texture>
         </control>
		<control type="image">
                <description>Channels Image</description>
				<posx>1790</posx>
				<posy>150</posy>
                  <width>93</width>
                 <height>52</height>
                 <aspectratio align="right">keep</aspectratio>
                 <texture>$INFO[MusicPlayer.Channels,flagging/audio/,.png]</texture>
         </control>		 

		<!--include>GlobalBackground</include-->
		
		<control type="group">
			<control type="image">
				<posx>1050</posx>
				<posy>37</posy>
				<texture background="true">music/Panelmusik.png</texture>
			</control>
			<control type="label">
                    <posx>1175</posx>
                    <posy>570</posy>
                    <width>500</width>
                    <height>60</height>
                    <font>engsmall</font>
					<textcolor>Orange</textcolor>
					<align>center</align>
                    <aligny>center</aligny>
                    <label>$INFO[Player.Time(mm:ss)] / $INFO[Player.Duration(mm:ss)]</label>
                </control>
			<control type="image">
				<posx>1117</posx>
				<posy>560</posy>
				<texture background="true">music/cdcorona.png</texture>
			</control>
			<control type="image" id="70">
					<description>Cd Disc</description>
					<animation effect="rotate" end="-360" center="auto" time="5000" loop="true" reversible="true" condition="!Player.Paused">Conditional</animation>
					<posx>1179</posx>
					<posy>635</posy>
					<width>510</width>
					<height>510</height>
					<texture fallback="cdart/default.png" background="true">$INFO[Player.FolderPath]cdart.png</texture>
					<aspectratio align="bottom">keep</aspectratio>
				</control>
			<control type="image">
				<posx>1100</posx>
				<posy>810</posy>
				<texture background="true">music/cdcase2.png</texture>
			</control>	
			
			<control type="image">
                <description>cover image</description>
                <posx>1200</posx>
                <posy>70</posy>
                <width>450</width>
                <height>400</height>
                <texture fallback="DefaultAlbumCover.png">$INFO[Player.Art(thumb)]</texture>
                <aspectratio aligny="bottom">keep</aspectratio>
                <bordertexture border="8">ThumbShadow.png</bordertexture>
                <bordersize>8</bordersize>
            </control>	
			<control type="label">
				<description>Now Playing Info</description>
				<posx>1175</posx>
				<posy>465</posy>
				<width>500</width>
				<align>center</align>------
				<font>engmediumbold</font>
				<textcolor>Orange</textcolor>
				<label>$INFO[MusicPlayer.Artist]</label>
				<scroll>true</scroll>
			</control>
			<control type="label">
				<description>Now Playing Info</description>
				<posx>1175</posx>
				<posy>508</posy>
				<width>500</width>
				<align>center</align>------
				<font>engmediumbold</font>
				<textcolor>Orange</textcolor>
				<label>$INFO[MusicPlayer.Title]</label>
				<scroll>true</scroll>
			</control>
			
			
		</control>		

		<include>View_50_List</include>

		<!--control type="grouplist" id="9000">
			<posx>-215</posx>
			<posy>160</posy>
			<width>330</width>
			<height>800</height>
			<itemgap>3</itemgap>
			<onleft>50</onleft>
			<onright>50</onright>
			<onup>9000</onup>
			<ondown>9000</ondown>
			<orientation>vertical</orientation>
			<animation type="Conditional" condition="!ControlGroup(9000).HasFocus()">
				<effect type="fade" start="100" end="50" time="200" />
				<effect type="zoom" center="0,450" start="100" end="80" time="200" />
			</animation>

			<control type="button" id="2">
				<description>View</description>
				<width>330</width>
				<align>left</align>
			</control>

			<control type="button" id="3">
				<description>Sort</description>
				<width>330</width>
				<align>left</align>
			</control>

			<control type="togglebutton" id="4">
				<description>Ascending</description>
				<width>330</width>
				<align>left</align>
				<label>584</label>
				<altlabel>585</altlabel>
			</control>

			<control type="button" id="99">
				<description>Library</description>
				<width>330</width>
				<align>left</align>
				<label>29800</label>
				<onclick>ReplaceWindow(MusicLibrary)</onclick>
				<onclick>SetFocus(50)</onclick>
				<enable>Library.HasContent(Music)</enable>
			</control>

			<control type="button" id="7">
				<description>Playlists</description>
				<width>330</width>
				<align>left</align>
				<label>136</label>
			</control>

			<control type="button" id="11">
				<description>Search</description>
				<width>330</width>
				<align>left</align>
				<label>600</label>
			</control>

			<control type="button" id="98">
				<description>Open Player Controls</description>
				<width>330</width>
				<align>left</align>
				<label>31015</label>
				<onclick>ActivateWindow(playercontrols)</onclick>
				<visible>Player.HasMedia</visible>
			</control>

		</control-->

	</controls>

</window>