<window id="6">
	<defaultcontrol always="true">50</defaultcontrol>
	<allowoverlay>no</allowoverlay>
	<views>50,51,52,53</views>
	<controls>
		<control type="image"> <!-- Backgroundimage -->
			<include>openclosevisible</include>
			<include>Dimensions_Fullscreen</include>
			<fadetime>200</fadetime>
			<texture background="true">special://skin/backgrounds/film1.jpg</texture>
		</control>	
		
		<control type="group">
			<include>opencloseslideright</include>
			<visible>!Container.Content(movies)</visible>
			<control type="image">
				<posx>21</posx>
				<posy>43</posy>
				<width>675</width>
				<height>1000</height>
				<texture background="true">movies/MoviePanelLeft.png</texture>
			</control>
			<control type="image">
				<posx>421</posx>
				<posy>36</posy>
				<width>205</width>
				<height>205</height>
				<texture background="true">movies/MovieIconCamera.png</texture>
			</control>
			<control type="image">
					<posx>180</posx>
					<posy>175r</posy>
					<width>240</width>
					<height>150</height>
					<texture background="true">movies/StatusIconFiles.png</texture>
			</control>
		</control>
		
		<include>View_50_List</include> <!-- View 50,51 -->
		<include>View_52_List</include>
		<include>View_53_List</include>
		
	</controls>
</window>