<window>
    <defaultcontrol always="true">50</defaultcontrol>
    <allowoverlay>no</allowoverlay>
    <onload condition="!Skin.HasSetting(FirstTimeRun)">ActivateWindow(1112)</onload>
    <views>50,51</views>
    <controls>
        <include>CommonBackground</include>
        <include>ContentPanelBackgrounds</include>
        <control type="group">
            <include>Window_OpenClose_Animation</include>
            <include>CommonRootView</include>
            <!-- view id = 50 -->
            <include>FullWidthList</include>
            <!-- view id = 51 -->
        </control>
        <include>CommonPageCount</include>
        <include>CommonNowPlaying</include>
        <include>MainWindowMouseButtons</include>
        <include>BehindDialogFadeOut</include>
        <include>ScrollOffsetLabel</include>
        <control type="image">
            <description>Section header image</description>
            <posx>30</posx>
            <posy>4</posy>
            <width>52</width>
            <height>52</height>
            <aspectratio>keep</aspectratio>
            <texture>icon_video.png</texture>
        </control>
        <control type="grouplist">
            <posx>98</posx>
            <posy>8</posy>
            <width>1500</width>
            <height>45</height>
            <orientation>horizontal</orientation>
            <align>left</align>
            <itemgap>8</itemgap>
            <control type="label">
                <include>WindowTitleCommons</include>
                <label>$LOCALIZE[10522]</label>
            </control>
            <control type="label">
                <include>WindowTitleCommons</include>
                <label>[COLOR=Blue] - [/COLOR]$INFO[Container.FolderName]</label>
                <visible>!IsEmpty(Container.FolderName)</visible>
            </control>
        </control>
        <control type="group">
            <posx>-375</posx>
            <include>SideBladeLeft</include>
            <control type="grouplist" id="9000">
                <posx>0</posx>
                <posy>165</posy>
                <width>375</width>
                <height>900</height>
                <onleft>9000</onleft>
                <onright>50</onright>
                <onback>50</onback>
                <onup>9000</onup>
                <ondown>9000</ondown>
                <itemgap>0</itemgap>
                <control type="label" id="200">
                    <width>375</width>
                    <height>52</height>
                    <font>engsmall</font>
                    <label>31006</label>
                    <textcolor>Blue</textcolor>
                    <align>center</align>
                    <aligny>center</aligny>
                </control>
                <control type="button" id="2">
                    <description>View As button</description>
                    <textwidth>352</textwidth>
                    <include>ButtonCommonValues</include>
                    <label>-</label>
                </control>
                <control type="label" id="201">
                    <width>375</width>
                    <height>52</height>
                    <font>engsmall</font>
                    <label>31026</label>
                    <textcolor>Blue</textcolor>
                    <align>center</align>
                    <aligny>center</aligny>
                </control>
                <control type="radiobutton" id="20">
                    <description>Shuffle button</description>
                    <include>ButtonCommonValues</include>
                    <label>191</label>
                </control>
                <control type="button" id="26">
                    <description>Repeat button</description>
                    <textwidth>352</textwidth>
                    <include>ButtonCommonValues</include>
                    <label>-</label>
                </control>
                <control type="button" id="21">
                    <description>Save button</description>
                    <label>190</label>
                    <textwidth>352</textwidth>
                    <include>ButtonCommonValues</include>
                </control>
                <control type="button" id="22">
                    <description>Clear button</description>
                    <label>192</label>
                    <onclick>ReplaceWindow(Videos)</onclick>
                    <textwidth>352</textwidth>
                    <include>ButtonCommonValues</include>
                </control>
                <include>CommonNowPlaying_Controls</include>
            </control>
        </control>
        <include>Clock</include>
    </controls>
</window>