<window>
    <defaultcontrol>1</defaultcontrol>
    <coordinates>
        <system>1</system>
        <posx>435</posx>
        <posy>112</posy>
    </coordinates>
    <include>dialogeffect</include>
    <controls>
        <control type="image">
            <description>background image</description>
            <posx>0</posx>
            <posy>0</posy>
            <width>1050</width>
            <height>855</height>
            <texture border="40">DialogBack.png</texture>
        </control>
        <control type="image">
            <description>Dialog Header image</description>
            <posx>60</posx>
            <posy>24</posy>
            <width>930</width>
            <height>60</height>
            <texture>dialogheader.png</texture>
        </control>
        <control type="label">
            <description>header label</description>
            <posx>60</posx>
            <posy>30</posy>
            <width>930</width>
            <height>45</height>
            <font>engsmall</font>
            <label>$INFO[Window.Property(heading)]</label>
            <align>center</align>
            <aligny>center</aligny>
            <textcolor>selected</textcolor>
            <shadowcolor>Black</shadowcolor>
        </control>
        <control type="button">
            <description>Close Window button</description>
            <posx>915</posx>
            <posy>22</posy>
            <width>96</width>
            <height>48</height>
            <label>-</label>
            <font>-</font>
            <onclick>PreviousMenu</onclick>
            <texturefocus>DialogCloseButton-focus.png</texturefocus>
            <texturenofocus>DialogCloseButton.png</texturenofocus>
            <onleft>1</onleft>
            <onright>1</onright>
            <onup>1</onup>
            <ondown>1</ondown>
            <visible>system.getbool(input.enablemouse)</visible>
        </control>
        <control type="image" id="2">
            <description>profile image</description>
            <posx>45</posx>
            <posy>105</posy>
            <width>225</width>
            <height>225</height>
            <align>left</align>
            <aspectratio>stretch</aspectratio>
            <texture>unknown-user.png</texture>
            <bordertexture border="8">ThumbBorder.png</bordertexture>
            <bordersize>8</bordersize>
        </control>
        <control type="label">
            <description>profile name label</description>
            <posx>300</posx>
            <posy>105</posy>
            <width>690</width>
            <align>left</align>
            <font>engsmall</font>
            <textcolor>Blue</textcolor>
            <label>$LOCALIZE[20093]</label>
        </control>
        <control type="label" id="1000">
            <description>profile name Value</description>
            <posx>300</posx>
            <posy>142</posy>
            <width>690</width>
            <align>left</align>
            <font>font16</font>
            <textcolor>White</textcolor>
        </control>
        <control type="label">
            <description>profile directory label</description>
            <posx>300</posx>
            <posy>232</posy>
            <width>690</width>
            <align>left</align>
            <font>engsmall</font>
            <textcolor>Blue</textcolor>
            <label>$LOCALIZE[20070]</label>
        </control>
        <control type="label" id="1001">
            <description>profile directory Value</description>
            <posx>300</posx>
            <posy>270</posy>
            <width>690</width>
            <align>left</align>
            <font>engsmall</font>
            <textcolor>White</textcolor>
        </control>
        <control type="grouplist" id="5">
            <description>control area</description>
            <posx>45</posx>
            <posy>345</posy>
            <width>960</width>
            <height>398</height>
            <itemgap>8</itemgap>
            <pagecontrol>60</pagecontrol>
            <onleft>28</onleft>
            <onright>60</onright>
            <onup>28</onup>
            <ondown>28</ondown>
        </control>
        <control type="button" id="7">
            <description>Default Button</description>
            <posx>0</posx>
            <posy>0</posy>
            <height>60</height>
            <font>engsmall</font>
            <textcolor>Grey2</textcolor>
            <focusedcolor>White</focusedcolor>
            <texturefocus border="5">button-focus2.png</texturefocus>
        </control>
        <control type="radiobutton" id="8">
            <description>Default RadioButton</description>
            <posx>0</posx>
            <posy>0</posy>
            <height>60</height>
            <font>engsmall</font>
            <textcolor>Grey2</textcolor>
            <focusedcolor>White</focusedcolor>
            <texturefocus border="5">button-focus2.png</texturefocus>
        </control>
        <control type="spincontrolex" id="9">
            <description>Default SpinControlex</description>
            <posx>0</posx>
            <posy>0</posy>
            <height>60</height>
            <font>engsmall</font>
            <textcolor>Grey2</textcolor>
            <focusedcolor>White</focusedcolor>
            <texturefocus border="5">button-focus2.png</texturefocus>
            <texturenofocus border="5">button-nofocus.png</texturenofocus>
            <aligny>center</aligny>
            <reverse>yes</reverse>
        </control>
        <control type="image" id="11">
            <description>separator image</description>
            <height>3</height>
            <texture>separator2.png</texture>
        </control>
        <control type="button" id="28">
            <description>Ok Button</description>
            <posx>218</posx>
            <posy>758</posy>
            <width>300</width>
            <height>60</height>
            <align>center</align>
            <aligny>center</aligny>
            <font>engsmall</font>
            <label>186</label>
            <onleft>29</onleft>
            <onright>29</onright>
            <onup>5</onup>
            <ondown>5</ondown>
        </control>
        <control type="button" id="29">
            <description>Cancel Button</description>
            <posx>532</posx>
            <posy>758</posy>
            <width>300</width>
            <height>60</height>
            <align>center</align>
            <aligny>center</aligny>
            <font>engsmall</font>
            <label>222</label>
            <onleft>28</onleft>
            <onright>28</onright>
            <onup>5</onup>
            <ondown>5</ondown>
        </control>
    </controls>
</window>