<window>
    <onload>ClearProperty(TVGuide.MondayList,Home)</onload>
    <onload>ClearProperty(TVGuide.TuesdayList,Home)</onload>
    <onload>ClearProperty(TVGuide.WednesdayList,Home)</onload>
    <onload>ClearProperty(TVGuide.ThursdayList,Home)</onload>
    <onload>ClearProperty(TVGuide.FridayList,Home)</onload>
    <onload>ClearProperty(TVGuide.SaturdayList,Home)</onload>
    <onload>ClearProperty(TVGuide.SundayList,Home)</onload>
    <allowoverlay>no</allowoverlay>
    <controls>
        <include>CommonBackground</include>
        <control type="group">
            <visible>!IsEmpty(Window(home).Property(TVGuide.BackgroundFanart))</visible>
            <control type="image">
                <posx>0</posx>
                <posy>0</posy>
                <width>1920</width>
                <height>1080</height>
                <aspectratio>scale</aspectratio>
                <texture background="true">$INFO[Container(200).ListItem.Property(Fanart)]</texture>
                <visible>Control.HasFocus(200)</visible>
                <fadetime>600</fadetime>
                <animation effect="fade" time="600">Visible</animation>
                <animation effect="fade" time="600">Hidden</animation>
            </control>
            <control type="image">
                <posx>0</posx>
                <posy>0</posy>
                <width>1920</width>
                <height>1080</height>
                <aspectratio>scale</aspectratio>
                <texture background="true">$INFO[Container(201).ListItem.Property(Fanart)]</texture>
                <visible>Control.HasFocus(201)</visible>
                <fadetime>600</fadetime>
                <animation effect="fade" time="600">Visible</animation>
                <animation effect="fade" time="600">Hidden</animation>
            </control>
            <control type="image">
                <posx>0</posx>
                <posy>0</posy>
                <width>1920</width>
                <height>1080</height>
                <aspectratio>scale</aspectratio>
                <texture background="true">$INFO[Container(202).ListItem.Property(Fanart)]</texture>
                <visible>Control.HasFocus(202)</visible>
                <fadetime>600</fadetime>
                <animation effect="fade" time="600">Visible</animation>
                <animation effect="fade" time="600">Hidden</animation>
            </control>
            <control type="image">
                <posx>0</posx>
                <posy>0</posy>
                <width>1920</width>
                <height>1080</height>
                <aspectratio>scale</aspectratio>
                <texture background="true">$INFO[Container(203).ListItem.Property(Fanart)]</texture>
                <visible>Control.HasFocus(203)</visible>
                <fadetime>600</fadetime>
                <animation effect="fade" time="600">Visible</animation>
                <animation effect="fade" time="600">Hidden</animation>
            </control>
            <control type="image">
                <posx>0</posx>
                <posy>0</posy>
                <width>1920</width>
                <height>1080</height>
                <aspectratio>scale</aspectratio>
                <texture background="true">$INFO[Container(204).ListItem.Property(Fanart)]</texture>
                <visible>Control.HasFocus(204)</visible>
                <fadetime>600</fadetime>
                <animation effect="fade" time="600">Visible</animation>
                <animation effect="fade" time="600">Hidden</animation>
            </control>
            <control type="image">
                <posx>0</posx>
                <posy>0</posy>
                <width>1920</width>
                <height>1080</height>
                <aspectratio>scale</aspectratio>
                <texture background="true">$INFO[Container(205).ListItem.Property(Fanart)]</texture>
                <visible>Control.HasFocus(205)</visible>
                <fadetime>600</fadetime>
                <animation effect="fade" time="600">Visible</animation>
                <animation effect="fade" time="600">Hidden</animation>
            </control>
            <control type="image">
                <posx>0</posx>
                <posy>0</posy>
                <width>1920</width>
                <height>1080</height>
                <aspectratio>scale</aspectratio>
                <texture background="true">$INFO[Container(206).ListItem.Property(Fanart)]</texture>
                <visible>Control.HasFocus(206)</visible>
                <fadetime>600</fadetime>
                <animation effect="fade" time="600">Visible</animation>
                <animation effect="fade" time="600">Hidden</animation>
            </control>
        </control>
        <control type="image">
            <posx>0</posx>
            <posy>150r</posy>
            <width>1920</width>
            <height>150</height>
            <texture>floor.png</texture>
            <aspectratio>stretch</aspectratio>
            <animation effect="slide" start="0,15" end="0,0" time="200" condition="Window.Previous(Home)">WindowOpen</animation>
            <animation effect="slide" start="0,0" end="0,22" time="200" condition="Window.Next(Home)">WindowClose</animation>
        </control>
        <control type="image">
            <description>Section header image</description>
            <posx>30</posx>
            <posy>4</posy>
            <width>52</width>
            <height>52</height>
            <aspectratio>keep</aspectratio>
            <texture>icon_video.png</texture>
        </control>
        <control type="grouplist">
            <posx>98</posx>
            <posy>8</posy>
            <width>1500</width>
            <height>45</height>
            <orientation>horizontal</orientation>
            <align>left</align>
            <itemgap>8</itemgap>
            <control type="label">
                <include>WindowTitleCommons</include>
                <label>$LOCALIZE[SCRIPT450]</label>
            </control>
            <control type="label">
                <include>WindowTitleCommons</include>
                <label>[COLOR=Blue] - [/COLOR]$LOCALIZE[31208]</label>
            </control>
        </control>
        <control type="grouplist" id="2000">
            <include>Window_OpenClose_Animation</include>
            <posx>60</posx>
            <posy>90</posy>
            <width>1800</width>
            <height>990</height>
            <orientation>horizontal</orientation>
            <align>center</align>
            <itemgap>0</itemgap>
            <control type="group">
                <description>Monday</description>
                <visible>IntegerGreaterThan(Container(200).NumItems,0)</visible>
                <width>450</width>
                <height>990</height>
                <control type="image">
                    <posx>0</posx>
                    <posy>0</posy>
                    <width>450</width>
                    <height>900</height>
                    <texture border="15">ContentPanel.png</texture>
                </control>
                <control type="image">
                    <posx>0</posx>
                    <posy>888</posy>
                    <width>450</width>
                    <height>96</height>
                    <texture border="15">ContentPanelMirror.png</texture>
                </control>
                <control type="label">
                    <posx>30</posx>
                    <posy>20</posy>
                    <width>390</width>
                    <height>30</height>
                    <label>$LOCALIZE[11]</label>
                    <align>center</align>
                    <aligny>center</aligny>
                    <font>engsmall</font>
                    <textcolor>White</textcolor>
                </control>
                <control type="panel" id="200">
                    <posx>15</posx>
                    <posy>60</posy>
                    <width>420</width>
                    <height>795</height>
                    <scrolltime>200</scrolltime>
                    <onup>200</onup>
                    <ondown>200</ondown>
                    <onleft>9000</onleft>
                    <onright>201</onright>
                    <include>TVNextAiRedListCommonLayout</include>
                </control>
            </control>
            <control type="group">
                <description>Tuesday</description>
                <visible>IntegerGreaterThan(Container(201).NumItems,0)</visible>
                <width>450</width>
                <height>990</height>
                <control type="image">
                    <posx>0</posx>
                    <posy>0</posy>
                    <width>450</width>
                    <height>900</height>
                    <texture border="15">ContentPanel.png</texture>
                </control>
                <control type="image">
                    <posx>0</posx>
                    <posy>888</posy>
                    <width>450</width>
                    <height>96</height>
                    <texture border="15">ContentPanelMirror.png</texture>
                </control>
                <control type="label">
                    <posx>30</posx>
                    <posy>20</posy>
                    <width>390</width>
                    <height>30</height>
                    <label>$LOCALIZE[12]</label>
                    <align>center</align>
                    <aligny>center</aligny>
                    <font>engsmall</font>
                    <textcolor>White</textcolor>
                </control>
                <control type="panel" id="201">
                    <posx>15</posx>
                    <posy>60</posy>
                    <width>420</width>
                    <height>795</height>
                    <scrolltime>200</scrolltime>
                    <onup>201</onup>
                    <ondown>201</ondown>
                    <onleft>200</onleft>
                    <onright>202</onright>
                    <include>TVNextAiRedListCommonLayout</include>
                </control>
            </control>
            <control type="group">
                <description>Wednesday</description>
                <visible>IntegerGreaterThan(Container(202).NumItems,0)</visible>
                <width>450</width>
                <height>990</height>
                <control type="image">
                    <posx>0</posx>
                    <posy>0</posy>
                    <width>450</width>
                    <height>900</height>
                    <texture border="15">ContentPanel.png</texture>
                </control>
                <control type="image">
                    <posx>0</posx>
                    <posy>888</posy>
                    <width>450</width>
                    <height>96</height>
                    <texture border="15">ContentPanelMirror.png</texture>
                </control>
                <control type="label">
                    <posx>30</posx>
                    <posy>20</posy>
                    <width>390</width>
                    <height>30</height>
                    <label>$LOCALIZE[13]</label>
                    <align>center</align>
                    <aligny>center</aligny>
                    <font>engsmall</font>
                    <textcolor>White</textcolor>
                </control>
                <control type="panel" id="202">
                    <posx>15</posx>
                    <posy>60</posy>
                    <width>420</width>
                    <height>795</height>
                    <scrolltime>200</scrolltime>
                    <onup>202</onup>
                    <ondown>202</ondown>
                    <onleft>201</onleft>
                    <onright>203</onright>
                    <include>TVNextAiRedListCommonLayout</include>
                </control>
            </control>
            <control type="group">
                <description>Thursday</description>
                <visible>IntegerGreaterThan(Container(203).NumItems,0)</visible>
                <width>450</width>
                <height>990</height>
                <control type="image">
                    <posx>0</posx>
                    <posy>0</posy>
                    <width>450</width>
                    <height>900</height>
                    <texture border="15">ContentPanel.png</texture>
                </control>
                <control type="image">
                    <posx>0</posx>
                    <posy>888</posy>
                    <width>450</width>
                    <height>96</height>
                    <texture border="15">ContentPanelMirror.png</texture>
                </control>
                <control type="label">
                    <posx>30</posx>
                    <posy>20</posy>
                    <width>390</width>
                    <height>30</height>
                    <label>$LOCALIZE[14]</label>
                    <align>center</align>
                    <aligny>center</aligny>
                    <font>engsmall</font>
                    <textcolor>White</textcolor>
                </control>
                <control type="panel" id="203">
                    <posx>15</posx>
                    <posy>60</posy>
                    <width>420</width>
                    <height>795</height>
                    <scrolltime>200</scrolltime>
                    <onup>203</onup>
                    <ondown>203</ondown>
                    <onleft>202</onleft>
                    <onright>204</onright>
                    <include>TVNextAiRedListCommonLayout</include>
                </control>
            </control>
            <control type="group">
                <description>Friday</description>
                <visible>IntegerGreaterThan(Container(204).NumItems,0)</visible>
                <width>450</width>
                <height>990</height>
                <control type="image">
                    <posx>0</posx>
                    <posy>0</posy>
                    <width>450</width>
                    <height>900</height>
                    <texture border="15">ContentPanel.png</texture>
                </control>
                <control type="image">
                    <posx>0</posx>
                    <posy>888</posy>
                    <width>450</width>
                    <height>96</height>
                    <texture border="15">ContentPanelMirror.png</texture>
                </control>
                <control type="label">
                    <posx>30</posx>
                    <posy>20</posy>
                    <width>390</width>
                    <height>30</height>
                    <label>$LOCALIZE[15]</label>
                    <align>center</align>
                    <aligny>center</aligny>
                    <font>engsmall</font>
                    <textcolor>White</textcolor>
                </control>
                <control type="panel" id="204">
                    <posx>15</posx>
                    <posy>60</posy>
                    <width>420</width>
                    <height>795</height>
                    <scrolltime>200</scrolltime>
                    <onup>204</onup>
                    <ondown>204</ondown>
                    <onleft>203</onleft>
                    <onright>205</onright>
                    <include>TVNextAiRedListCommonLayout</include>
                </control>
            </control>
            <control type="group">
                <description>Saturday</description>
                <visible>IntegerGreaterThan(Container(205).NumItems,0)</visible>
                <width>450</width>
                <height>990</height>
                <control type="image">
                    <posx>0</posx>
                    <posy>0</posy>
                    <width>450</width>
                    <height>900</height>
                    <texture border="15">ContentPanel.png</texture>
                </control>
                <control type="image">
                    <posx>0</posx>
                    <posy>888</posy>
                    <width>450</width>
                    <height>96</height>
                    <texture border="15">ContentPanelMirror.png</texture>
                </control>
                <control type="label">
                    <posx>30</posx>
                    <posy>20</posy>
                    <width>390</width>
                    <height>30</height>
                    <label>$LOCALIZE[16]</label>
                    <align>center</align>
                    <aligny>center</aligny>
                    <font>engsmall</font>
                    <textcolor>White</textcolor>
                </control>
                <control type="panel" id="205">
                    <posx>15</posx>
                    <posy>60</posy>
                    <width>420</width>
                    <height>795</height>
                    <scrolltime>200</scrolltime>
                    <onup>205</onup>
                    <ondown>205</ondown>
                    <onleft>204</onleft>
                    <onright>206</onright>
                    <include>TVNextAiRedListCommonLayout</include>
                </control>
            </control>
            <control type="group">
                <description>Sunday</description>
                <visible>IntegerGreaterThan(Container(206).NumItems,0)</visible>
                <width>450</width>
                <height>990</height>
                <control type="image">
                    <posx>0</posx>
                    <posy>0</posy>
                    <width>450</width>
                    <height>900</height>
                    <texture border="15">ContentPanel.png</texture>
                </control>
                <control type="image">
                    <posx>0</posx>
                    <posy>888</posy>
                    <width>450</width>
                    <height>96</height>
                    <texture border="15">ContentPanelMirror.png</texture>
                </control>
                <control type="label">
                    <posx>30</posx>
                    <posy>20</posy>
                    <width>390</width>
                    <height>30</height>
                    <label>$LOCALIZE[17]</label>
                    <align>center</align>
                    <aligny>center</aligny>
                    <font>engsmall</font>
                    <textcolor>White</textcolor>
                </control>
                <control type="panel" id="206">
                    <posx>15</posx>
                    <posy>60</posy>
                    <width>420</width>
                    <height>795</height>
                    <scrolltime>200</scrolltime>
                    <onup>206</onup>
                    <ondown>206</ondown>
                    <onleft>205</onleft>
                    <onright>206</onright>
                    <include>TVNextAiRedListCommonLayout</include>
                </control>
            </control>
        </control>
        <control type="group">
            <include>Window_OpenClose_Animation</include>
            <control type="image">
                <description>left Arrow</description>
                <posx>15</posx>
                <posy>180</posy>
                <width>45</width>
                <height>60</height>
                <texture>arrow-big-left.png</texture>
                <visible>Container(2000).HasPrevious</visible>
                <include>VisibleFadeEffect</include>
            </control>
            <control type="image">
                <description>left Arrow</description>
                <posx>15</posx>
                <posy>255r</posy>
                <width>45</width>
                <height>60</height>
                <texture>arrow-big-left.png</texture>
                <visible>Container(2000).HasPrevious</visible>
                <include>VisibleFadeEffect</include>
            </control>
            <control type="image">
                <description>right Arrow</description>
                <posx>1860</posx>
                <posy>180</posy>
                <width>45</width>
                <height>60</height>
                <texture>arrow-big-right.png</texture>
                <visible>Container(2000).HasNext</visible>
                <include>VisibleFadeEffect</include>
            </control>
            <control type="image">
                <description>right Arrow</description>
                <posx>1860</posx>
                <posy>255r</posy>
                <width>45</width>
                <height>60</height>
                <texture>arrow-big-right.png</texture>
                <visible>Container(2000).HasNext</visible>
                <include>VisibleFadeEffect</include>
            </control>
        </control>
        <include>CommonNowPlaying</include>
        <include>MainWindowMouseButtons</include>
        <include>BehindDialogFadeOut</include>
        <control type="group">
            <posx>-375</posx>
            <include>SideBladeLeft</include>
            <control type="grouplist" id="9000">
                <posx>0</posx>
                <posy>165</posy>
                <width>375</width>
                <height>900</height>
                <onleft>9000</onleft>
                <onright>200</onright>
                <onup>9000</onup>
                <ondown>9000</ondown>
                <onback>200</onback>
                <itemgap>0</itemgap>
                <control type="image" id="2">
                    <description>LOGO</description>
                    <width>375</width>
                    <height>225</height>
                    <aspectratio>keep</aspectratio>
                    <texture>$INFO[system.addonicon(script.tv.show.next.aiRed)]</texture>
                </control>
                <control type="label" id="7">
                    <width>375</width>
                    <height>52</height>
                    <font>engsmall</font>
                    <label>31006</label>
                    <textcolor>Blue</textcolor>
                    <align>center</align>
                    <aligny>center</aligny>
                </control>
                <control type="button" id="8">
                    <description>Settings</description>
                    <textwidth>352</textwidth>
                    <include>ButtonCommonValues</include>
                    <label>5</label>
                    <onright>200</onright>
                </control>
                <!-- include>CommonNowPlaying_Controls</include -->
            </control>
        </control>
        <include>Clock</include>
    </controls>
</window>