<window>
    <defaultcontrol>8</defaultcontrol>
    <controls>
        <control type="videowindow" id="20">
            <description>videowindow</description>
            <posx>0</posx>
            <posy>0</posy>
            <width>1920</width>
            <height>1080</height>
            <visible>Player.HasVideo</visible>
        </control>
        <control type="group">
            <visible>!Player.HasVideo</visible>
            <include>CommonBackground</include>
        </control>
        <control type="image">
            <description>Overlay</description>
            <posx>0</posx>
            <posy>0</posy>
            <width>1920</width>
            <height>1080</height>
            <texture>Black-back.png</texture>
            <include>dialogeffect</include>
        </control>
        <control type="button">
            <description>Close Window button</description>
            <posx>150r</posx>
            <posy>0</posy>
            <width>96</width>
            <height>48</height>
            <label>-</label>
            <font>-</font>
            <onclick>PreviousMenu</onclick>
            <texturefocus>DialogCloseButton-focus.png</texturefocus>
            <texturenofocus>DialogCloseButton.png</texturenofocus>
            <onleft>1</onleft>
            <onright>1</onright>
            <onup>1</onup>
            <ondown>1</ondown>
            <visible>system.getbool(input.enablemouse)</visible>
        </control>
        <control type="mover" id="8">
            <description>top left mover</description>
            <posx>0</posx>
            <posy>0</posy>
            <width>192</width>
            <height>192</height>
            <texturefocus>CalibrateTopLeft.png</texturefocus>
            <texturenofocus>-</texturenofocus>
        </control>
        <control type="mover" id="9">
            <description>right bottom mover</description>
            <posx>1050</posx>
            <posy>750</posy>
            <width>192</width>
            <height>192</height>
            <texturefocus>CalibrateBottomRight.png</texturefocus>
            <texturenofocus>-</texturenofocus>
        </control>
        <control type="mover" id="10">
            <description>subtitle position mover</description>
            <posx>300</posx>
            <posy>750</posy>
            <width>768</width>
            <height>192</height>
            <texturefocus>CalibrateSubtitles.png</texturefocus>
            <texturenofocus>-</texturenofocus>
        </control>
        <control type="resize" id="11">
            <description>pixel aspect ratio box</description>
            <posx>0</posx>
            <posy>348</posy>
            <width>384</width>
            <height>384</height>
            <texturefocus>CalibratePixelRatio.png</texturefocus>
            <texturenofocus>-</texturenofocus>
        </control>
        <control type="group">
            <posx>30</posx>
            <posy>120</posy>
            <control type="label" id="2">
                <description>coordinates label</description>
                <posx>0</posx>
                <posy>15</posy>
                <width>1860</width>
                <label>-</label>
                <align>center</align>
                <font>engsmall</font>
            </control>
            <control type="label" id="3">
                <description>help information</description>
                <posx>0</posx>
                <posy>60</posy>
                <width>1860</width>
                <label>-</label>
                <align>center</align>
                <font>engsmall</font>
            </control>
        </control>
    </controls>
</window>