<window>
    <defaultcontrol always="true">95</defaultcontrol>
    <allowoverlay>no</allowoverlay>
    <controls>
        <include>CommonBackground</include>
        <control type="image">
            <posx>0</posx>
            <posy>150r</posy>
            <width>1920</width>
            <height>150</height>
            <texture>floor.png</texture>
            <animation effect="slide" start="0,15" end="0,0" time="200" condition="Window.Previous(Home)">WindowOpen</animation>
            <animation effect="slide" start="0,0" end="0,22" time="200" condition="Window.Next(Home)">WindowClose</animation>
        </control>
        <control type="group">
            <posx>135</posx>
            <posy>45</posy>
            <animation type="WindowOpen" reversible="false">
                <effect type="zoom" start="80" end="100" center="640,360" easing="out" tween="back" time="300" />
                <effect type="fade" start="0" end="100" time="300" />
            </animation>
            <animation type="WindowClose" reversible="false">
                <effect type="zoom" start="100" end="80" center="640,360" easing="in" tween="back" time="300" />
                <effect type="fade" start="100" end="0" time="300" />
            </animation>
            <control type="image">
                <posx>8</posx>
                <posy>8</posy>
                <width>1635</width>
                <height>945</height>
                <texture border="15">ContentPanel.png</texture>
            </control>
            <control type="image">
                <posx>8</posx>
                <posy>938</posy>
                <width>1635</width>
                <height>96</height>
                <texture border="15">ContentPanelMirror.png</texture>
            </control>
            <control type="button">
                <description>Close Window button</description>
                <posx>1470</posx>
                <posy>16</posy>
                <width>96</width>
                <height>48</height>
                <label>-</label>
                <font>-</font>
                <onclick>PreviousMenu</onclick>
                <texturefocus>DialogCloseButton-focus.png</texturefocus>
                <texturenofocus>DialogCloseButton.png</texturenofocus>
                <onleft>1</onleft>
                <onright>1</onright>
                <onup>1</onup>
                <ondown>1</ondown>
                <visible>system.getbool(input.enablemouse)</visible>
            </control>
            <control type="image">
                <description>LOGO</description>
                <posx>45</posx>
                <posy>22</posy>
                <width>330</width>
                <height>120</height>
                <aspectratio>keep</aspectratio>
                <texture>Confluence_Logo.png</texture>
            </control>
            <control type="grouplist" id="9000">
                <posx>15</posx>
                <posy>135</posy>
                <width>390</width>
                <height>722</height>
                <itemgap>-2</itemgap>
                <onup>9000</onup>
                <ondown>9000</ondown>
                <control type="button" id="95">
                    <description>Button Summary Values</description>
                    <height>90</height>
                    <width>362</width>
                    <textoffsetx>0</textoffsetx>
                    <align>right</align>
                    <aligny>center</aligny>
                    <font>engsmall</font>
                    <textcolor>Grey2</textcolor>
                    <focusedcolor>White</focusedcolor>
                    <texturefocus border="5">MenuItemFO.png</texturefocus>
                    <texturenofocus border="5">MenuItemNF.png</texturenofocus>
                    <pulseonselect>false</pulseonselect>
                    <label>20037</label>
                </control>
                <control type="button" id="94">
                    <description>Button Storage</description>
                    <height>90</height>
                    <width>362</width>
                    <textoffsetx>0</textoffsetx>
                    <align>right</align>
                    <aligny>center</aligny>
                    <font>engsmall</font>
                    <textcolor>Grey2</textcolor>
                    <focusedcolor>White</focusedcolor>
                    <texturefocus border="5">MenuItemFO.png</texturefocus>
                    <texturenofocus border="5">MenuItemNF.png</texturenofocus>
                    <pulseonselect>false</pulseonselect>
                    <label>13277</label>
                </control>
                <control type="button" id="96">
                    <description>Button Network</description>
                    <height>90</height>
                    <width>362</width>
                    <textoffsetx>0</textoffsetx>
                    <align>right</align>
                    <aligny>center</aligny>
                    <font>engsmall</font>
                    <textcolor>Grey2</textcolor>
                    <focusedcolor>White</focusedcolor>
                    <texturefocus border="5">MenuItemFO.png</texturefocus>
                    <texturenofocus border="5">MenuItemNF.png</texturenofocus>
                    <pulseonselect>false</pulseonselect>
                    <label>13279</label>
                </control>
                <control type="button" id="97">
                    <description>Button Video</description>
                    <height>90</height>
                    <width>362</width>
                    <textoffsetx>0</textoffsetx>
                    <align>right</align>
                    <aligny>center</aligny>
                    <font>engsmall</font>
                    <textcolor>Grey2</textcolor>
                    <focusedcolor>White</focusedcolor>
                    <texturefocus border="5">MenuItemFO.png</texturefocus>
                    <texturenofocus border="5">MenuItemNF.png</texturenofocus>
                    <pulseonselect>false</pulseonselect>
                    <label>13280</label>
                </control>
                <control type="button" id="98">
                    <description>Button Hardware</description>
                    <height>90</height>
                    <width>362</width>
                    <textoffsetx>0</textoffsetx>
                    <align>right</align>
                    <aligny>center</aligny>
                    <font>engsmall</font>
                    <textcolor>Grey2</textcolor>
                    <focusedcolor>White</focusedcolor>
                    <texturefocus border="5">MenuItemFO.png</texturefocus>
                    <texturenofocus border="5">MenuItemNF.png</texturenofocus>
                    <pulseonselect>false</pulseonselect>
                    <label>13281</label>
                </control>
                <control type="button" id="99">
                    <description>Button PVR</description>
                    <height>90</height>
                    <width>362</width>
                    <textoffsetx>0</textoffsetx>
                    <align>right</align>
                    <aligny>center</aligny>
                    <font>engsmall</font>
                    <textcolor>Grey2</textcolor>
                    <focusedcolor>White</focusedcolor>
                    <texturefocus border="5">MenuItemFO.png</texturefocus>
                    <texturenofocus border="5">MenuItemNF.png</texturenofocus>
                    <pulseonselect>false</pulseonselect>
                    <label>19191</label>
                </control>
            </control>
            <control type="image">
                <posx>402</posx>
                <posy>15</posy>
                <width>1185</width>
                <height>927</height>
                <texture border="5">Black-back2.png</texture>
            </control>
            <control type="image">
                <posx>402</posx>
                <posy>15</posy>
                <width>1206</width>
                <height>150</height>
                <aspectratio>stretch</aspectratio>
                <texture>GlassTitleBar.png</texture>
            </control>
            <control type="label" id="40">
                <description>header label</description>
                <posx>450</posx>
                <posy>30</posy>
                <width>1110</width>
                <height>45</height>
                <font>font16</font>
                <label>-</label>
                <align>left</align>
                <aligny>center</aligny>
                <textcolor>White</textcolor>
                <shadowcolor>Black</shadowcolor>
            </control>
            <control type="group">
                <posx>435</posx>
                <posy>150</posy>
                <control type="label" id="2">
                    <description>Label 2</description>
                    <posx>0</posx>
                    <posy>0</posy>
                    <width>1125</width>
                    <label>-</label>
                    <font>engsmall</font>
                </control>
                <control type="label" id="3">
                    <description>Label 3</description>
                    <posx>0</posx>
                    <posy>52</posy>
                    <width>1125</width>
                    <label>-</label>
                    <font>engsmall</font>
                </control>
                <control type="label" id="4">
                    <description>Label 4</description>
                    <posx>0</posx>
                    <posy>105</posy>
                    <width>1125</width>
                    <label>-</label>
                    <font>engsmall</font>
                </control>
                <control type="label" id="5">
                    <description>Label 5</description>
                    <posx>0</posx>
                    <posy>158</posy>
                    <width>1125</width>
                    <label>-</label>
                    <font>engsmall</font>
                </control>
                <control type="label" id="6">
                    <description>Label 6</description>
                    <posx>0</posx>
                    <posy>210</posy>
                    <width>1125</width>
                    <label>-</label>
                    <font>engsmall</font>
                </control>
                <control type="label" id="7">
                    <description>Label 7</description>
                    <posx>0</posx>
                    <posy>262</posy>
                    <width>1125</width>
                    <label>-</label>
                    <font>engsmall</font>
                </control>
                <control type="label" id="8">
                    <description>Label 8</description>
                    <posx>0</posx>
                    <posy>315</posy>
                    <width>1125</width>
                    <label>-</label>
                    <font>engsmall</font>
                </control>
                <control type="label" id="9">
                    <description>Label 9</description>
                    <posx>0</posx>
                    <posy>368</posy>
                    <width>1125</width>
                    <label>-</label>
                    <font>engsmall</font>
                </control>
                <control type="label" id="10">
                    <description>Label 10</description>
                    <posx>0</posx>
                    <posy>420</posy>
                    <width>1125</width>
                    <label>-</label>
                    <font>engsmall</font>
                </control>
                <control type="label" id="11">
                    <description>Label 11</description>
                    <posx>0</posx>
                    <posy>472</posy>
                    <width>1125</width>
                    <label>-</label>
                    <font>engsmall</font>
                </control>
                <control type="label" id="52">
                    <description>XBMC BUILD Version</description>
                    <posx>1125</posx>
                    <posy>600</posy>
                    <width>1095</width>
                    <label>144</label>
                    <align>right</align>
                    <textcolor>Blue</textcolor>
                    <shadowcolor>Black</shadowcolor>
                    <font>engsmall</font>
                </control>
                <control type="label">
                    <description>CPU Text</description>
                    <posx>630</posx>
                    <posy>675</posy>
                    <width>525</width>
                    <height>38</height>
                    <label>$LOCALIZE[13271] $INFO[System.CPUUsage]</label>
                    <align>right</align>
                    <aligny>center</aligny>
                    <textcolor>White</textcolor>
                    <shadowcolor>Black</shadowcolor>
                    <font>engsmall</font>
                </control>
                <control type="progress">
                    <description>CPU BAR</description>
                    <posx>645</posx>
                    <posy>682</posy>
                    <width>480</width>
                    <height>24</height>
                    <info>System.CPUUsage</info>
                </control>
                <control type="label">
                    <description>Memory Text</description>
                    <posx>630</posx>
                    <posy>720</posy>
                    <width>525</width>
                    <height>38</height>
                    <label>$LOCALIZE[31309] $INFO[system.memory(used.percent)]</label>
                    <align>right</align>
                    <aligny>center</aligny>
                    <textcolor>White</textcolor>
                    <shadowcolor>Black</shadowcolor>
                    <font>engsmall</font>
                </control>
                <control type="progress">
                    <description>Memory BAR</description>
                    <posx>645</posx>
                    <posy>728</posy>
                    <width>480</width>
                    <height>24</height>
                    <info>system.memory(used)</info>
                </control>
            </control>
        </control>
        <include>CommonNowPlaying</include>
        <include>MainWindowMouseButtons</include>
        <control type="image">
            <description>Section header image</description>
            <posx>30</posx>
            <posy>4</posy>
            <width>52</width>
            <height>52</height>
            <aspectratio>keep</aspectratio>
            <texture>icon_system.png</texture>
        </control>
        <control type="grouplist">
            <posx>98</posx>
            <posy>8</posy>
            <width>1500</width>
            <height>45</height>
            <orientation>horizontal</orientation>
            <align>left</align>
            <itemgap>8</itemgap>
            <control type="label">
                <include>WindowTitleCommons</include>
                <label>$LOCALIZE[130]</label>
            </control>
        </control>
        <include>Clock</include>
    </controls>
</window>