<window>
    <defaultcontrol>3</defaultcontrol>
    <allowoverlay>no</allowoverlay>
    <controls>
        <include>CommonBackground</include>
        <control type="image">
            <posx>0</posx>
            <posy>150r</posy>
            <width>1920</width>
            <height>150</height>
            <texture>floor.png</texture>
            <include>VisibleFadeEffect</include>
        </control>
        <control type="group">
            <posx>135</posx>
            <posy>45</posy>
            <animation type="WindowOpen" reversible="false">
                <effect type="zoom" start="80" end="100" center="640,360" easing="out" tween="back" time="300" />
                <effect type="fade" start="0" end="100" time="300" />
            </animation>
            <animation type="WindowClose" reversible="false">
                <effect type="zoom" start="100" end="80" center="640,360" easing="in" tween="back" time="300" />
                <effect type="fade" start="100" end="0" time="300" />
            </animation>
            <control type="image">
                <posx>8</posx>
                <posy>8</posy>
                <width>1635</width>
                <height>945</height>
                <texture border="15">ContentPanel.png</texture>
            </control>
            <control type="image">
                <posx>8</posx>
                <posy>938</posy>
                <width>1635</width>
                <height>96</height>
                <texture border="15">ContentPanelMirror.png</texture>
            </control>
            <control type="button">
                <description>Close Window button</description>
                <posx>1470</posx>
                <posy>16</posy>
                <width>96</width>
                <height>48</height>
                <label>-</label>
                <font>-</font>
                <onclick>PreviousMenu</onclick>
                <texturefocus>DialogCloseButton-focus.png</texturefocus>
                <texturenofocus>DialogCloseButton.png</texturenofocus>
                <onleft>1</onleft>
                <onright>1</onright>
                <onup>1</onup>
                <ondown>1</ondown>
                <visible>system.getbool(input.enablemouse)</visible>
                <include>VisibleFadeEffect</include>
            </control>
            <control type="image">
                <description>LOGO</description>
                <posx>45</posx>
                <posy>22</posy>
                <width>330</width>
                <height>120</height>
                <aspectratio>keep</aspectratio>
                <texture>Confluence_Logo.png</texture>
            </control>
            <control type="grouplist" id="3">
                <description>button area</description>
                <posx>15</posx>
                <posy>135</posy>
                <width>390</width>
                <height>722</height>
                <itemgap>-2</itemgap>
                <onleft>60</onleft>
                <onright>5</onright>
                <onup>3</onup>
                <ondown>3</ondown>
            </control>
            <control type="image">
                <posx>402</posx>
                <posy>15</posy>
                <width>1185</width>
                <height>927</height>
                <texture border="5">Black-back2.png</texture>
            </control>
            <control type="image">
                <posx>402</posx>
                <posy>15</posy>
                <width>1206</width>
                <height>105</height>
                <aspectratio>stretch</aspectratio>
                <texture>GlassTitleBar.png</texture>
            </control>
            <control type="label">
                <description>header label</description>
                <posx>450</posx>
                <posy>30</posy>
                <width>1110</width>
                <height>45</height>
                <font>font16</font>
                <label>$INFO[Control.GetLabel(2)] - $LOCALIZE[5]</label>
                <align>left</align>
                <aligny>center</aligny>
                <textcolor>White</textcolor>
                <shadowcolor>Black</shadowcolor>
            </control>
            <control type="grouplist" id="5">
                <description>control area</description>
                <posx>435</posx>
                <posy>105</posy>
                <width>1125</width>
                <height>795</height>
                <itemgap>-2</itemgap>
                <pagecontrol>60</pagecontrol>
                <onleft>3</onleft>
                <onright>60</onright>
                <onup>5</onup>
                <ondown>5</ondown>
            </control>
            <control type="scrollbar" id="60">
                <posx>1590</posx>
                <posy>90</posy>
                <width>38</width>
                <height>795</height>
                <texturesliderbackground border="0,14,0,14">ScrollBarV.png</texturesliderbackground>
                <texturesliderbar border="0,14,0,14">ScrollBarV_bar.png</texturesliderbar>
                <texturesliderbarfocus border="0,14,0,14">ScrollBarV_bar_focus.png</texturesliderbarfocus>
                <textureslidernib>ScrollBarNib.png</textureslidernib>
                <textureslidernibfocus>ScrollBarNib.png</textureslidernibfocus>
                <onleft>5</onleft>
                <onright>3</onright>
                <showonepage>false</showonepage>
                <orientation>vertical</orientation>
            </control>
        </control>
        <include>BehindDialogFadeOut</include>
        <control type="button" id="10">
            <description>Default Category Button</description>
            <height>90</height>
            <width>390</width>
            <textoffsetx>30</textoffsetx>
            <align>right</align>
            <aligny>center</aligny>
            <font>engsmall</font>
            <textcolor>Grey2</textcolor>
            <focusedcolor>White</focusedcolor>
            <texturefocus border="5">MenuItemFO.png</texturefocus>
            <texturenofocus border="5">MenuItemNF.png</texturenofocus>
            <pulseonselect>false</pulseonselect>
        </control>
        <control type="button" id="7">
            <description>Default Button</description>
            <posx>0</posx>
            <posy>0</posy>
            <height>60</height>
            <font>engsmall</font>
            <textcolor>Grey2</textcolor>
            <focusedcolor>White</focusedcolor>
            <texturefocus border="0,2,0,2">MenuItemFO.png</texturefocus>
            <texturenofocus border="0,2,0,2">MenuItemNF.png</texturenofocus>
        </control>
        <control type="radiobutton" id="8">
            <description>Default RadioButton</description>
            <posx>0</posx>
            <posy>0</posy>
            <height>60</height>
            <font>engsmall</font>
            <textcolor>Grey2</textcolor>
            <focusedcolor>White</focusedcolor>
            <texturefocus border="0,2,0,2">MenuItemFO.png</texturefocus>
            <texturenofocus border="0,2,0,2">MenuItemNF.png</texturenofocus>
        </control>
        <control type="spincontrolex" id="9">
            <description>Default SpinControlex</description>
            <posx>0</posx>
            <posy>0</posy>
            <height>60</height>
            <font>engsmall</font>
            <textcolor>Grey2</textcolor>
            <focusedcolor>White</focusedcolor>
            <texturefocus border="0,2,0,2">MenuItemFO.png</texturefocus>
            <texturenofocus border="0,2,0,2">MenuItemNF.png</texturenofocus>
            <aligny>center</aligny>
            <reverse>yes</reverse>
        </control>
        <control type="image" id="11">
            <description>separator image</description>
            <height>3</height>
            <texture>separator2.png</texture>
        </control>
        <control type="label" id="2">
            <description>Fake Label so we can pass it value down to the one below</description>
            <posx>0</posx>
            <posy>0</posy>
            <width>0</width>
            <height>0</height>
            <font>-</font>
            <visible>false</visible>
        </control>
        <include>CommonNowPlaying</include>
        <include>MainWindowMouseButtons</include>
        <control type="image">
            <description>Section header image</description>
            <posx>30</posx>
            <posy>4</posy>
            <width>52</width>
            <height>52</height>
            <aspectratio>keep</aspectratio>
            <texture>icon_system.png</texture>
        </control>
        <control type="grouplist">
            <posx>98</posx>
            <posy>8</posy>
            <width>1500</width>
            <height>45</height>
            <orientation>horizontal</orientation>
            <align>left</align>
            <itemgap>8</itemgap>
            <control type="label">
                <include>WindowTitleCommons</include>
                <label>$LOCALIZE[5]</label>
            </control>
            <control type="label">
                <include>WindowTitleCommons</include>
                <label>[COLOR=Blue] - [/COLOR]$INFO[Control.GetLabel(2)]</label>
            </control>
        </control>
        <include>Clock</include>
    </controls>
</window>