<window>
    <defaultcontrol always="true">9000</defaultcontrol>
    <controls>
        <include>CommonBackground</include>
        <control type="image">
            <posx>0</posx>
            <posy>150r</posy>
            <width>1920</width>
            <height>150</height>
            <texture>floor.png</texture>
            <include>VisibleFadeEffect</include>
        </control>
        <control type="image">
            <description>Section header image</description>
            <posx>30</posx>
            <posy>4</posy>
            <width>52</width>
            <height>52</height>
            <aspectratio>keep</aspectratio>
            <texture>icon_system.png</texture>
        </control>
        <control type="grouplist">
            <posx>98</posx>
            <posy>8</posy>
            <width>1500</width>
            <height>45</height>
            <orientation>horizontal</orientation>
            <align>left</align>
            <itemgap>8</itemgap>
            <control type="label">
                <include>WindowTitleCommons</include>
                <label>$LOCALIZE[20077]</label>
            </control>
            <control type="label">
                <include>WindowTitleCommons</include>
                <label>[COLOR=Blue] - [/COLOR]$INFO[Container.FolderName]</label>
                <visible>!IsEmpty(Container.FolderName)</visible>
            </control>
        </control>
        <control type="group">
            <posx>135</posx>
            <posy>45</posy>
            <animation type="WindowOpen" reversible="false">
                <effect type="zoom" start="80" end="100" center="640,360" easing="out" tween="back" time="300" />
                <effect type="fade" start="0" end="100" time="300" />
            </animation>
            <animation type="WindowClose" reversible="false">
                <effect type="zoom" start="100" end="80" center="640,360" easing="in" tween="back" time="300" />
                <effect type="fade" start="100" end="0" time="300" />
            </animation>
            <control type="image">
                <posx>8</posx>
                <posy>8</posy>
                <width>1635</width>
                <height>945</height>
                <texture border="15">ContentPanel.png</texture>
            </control>
            <control type="image">
                <posx>8</posx>
                <posy>938</posy>
                <width>1635</width>
                <height>96</height>
                <texture border="15">ContentPanelMirror.png</texture>
            </control>
            <control type="button">
                <description>Close Window button</description>
                <posx>1470</posx>
                <posy>16</posy>
                <width>96</width>
                <height>48</height>
                <label>-</label>
                <font>-</font>
                <onclick>PreviousMenu</onclick>
                <texturefocus>DialogCloseButton-focus.png</texturefocus>
                <texturenofocus>DialogCloseButton.png</texturenofocus>
                <onleft>1</onleft>
                <onright>1</onright>
                <onup>1</onup>
                <ondown>1</ondown>
                <visible>system.getbool(input.enablemouse)</visible>
            </control>
            <control type="image">
                <description>LOGO</description>
                <posx>45</posx>
                <posy>22</posy>
                <width>330</width>
                <height>120</height>
                <aspectratio>keep</aspectratio>
                <texture>Confluence_Logo.png</texture>
            </control>
            <control type="list" id="9000">
                <posx>15</posx>
                <posy>135</posy>
                <width>390</width>
                <height>722</height>
                <onleft>9010</onleft>
                <onright>9010</onright>
                <onup>9000</onup>
                <ondown>9000</ondown>
                <pagecontrol>-</pagecontrol>
                <scrolltime>300</scrolltime>
                <itemlayout height="120" width="390">
                    <control type="image">
                        <posx>0</posx>
                        <posy>0</posy>
                        <width>390</width>
                        <height>122</height>
                        <texture border="5">MenuItemNF.png</texture>
                    </control>
                    <control type="label">
                        <posx>375</posx>
                        <posy>22</posy>
                        <width>570</width>
                        <height>38</height>
                        <font>engsmall</font>
                        <textcolor>Grey3</textcolor>
                        <align>right</align>
                        <aligny>center</aligny>
                        <label>$INFO[ListItem.Label]</label>
                    </control>
                    <control type="label">
                        <posx>375</posx>
                        <posy>63</posy>
                        <width>1305</width>
                        <height>38</height>
                        <font>engsmall</font>
                        <textcolor>Grey2</textcolor>
                        <align>right</align>
                        <aligny>center</aligny>
                        <label>$INFO[ListItem.Label2]</label>
                    </control>
                </itemlayout>
                <focusedlayout height="120" width="390">
                    <control type="image">
                        <posx>0</posx>
                        <posy>0</posy>
                        <width>390</width>
                        <height>122</height>
                        <texture border="5">MenuItemFO.png</texture>
                        <animation effect="fade" start="100" end="30" time="100" condition="!Control.HasFocus(9000)">Conditional</animation>
                    </control>
                    <control type="label">
                        <posx>375</posx>
                        <posy>22</posy>
                        <width>570</width>
                        <height>38</height>
                        <font>engsmall</font>
                        <textcolor>White</textcolor>
                        <align>right</align>
                        <aligny>center</aligny>
                        <label>$INFO[ListItem.Label]</label>
                    </control>
                    <control type="label">
                        <posx>375</posx>
                        <posy>63</posy>
                        <width>1305</width>
                        <height>38</height>
                        <font>engsmall</font>
                        <textcolor>Grey2</textcolor>
                        <align>right</align>
                        <aligny>center</aligny>
                        <label>$INFO[ListItem.Label2]</label>
                    </control>
                </focusedlayout>
                <content>
                    <item id="1">
                        <label>128</label>
                        <label2>5</label2>
                        <onclick>-</onclick>
                    </item>
                    <item id="2">
                        <label>513</label>
                        <label2>31112</label2>
                        <onclick>-</onclick>
                    </item>
                    <item id="3">
                        <label>31102</label>
                        <label2>31112</label2>
                        <onclick>-</onclick>
                    </item>
                    <item id="4">
                        <label>24000</label>
                        <label2>31200</label2>
                        <onclick>-</onclick>
                    </item>
                </content>
            </control>
            <control type="image">
                <posx>402</posx>
                <posy>15</posy>
                <width>1185</width>
                <height>927</height>
                <texture border="5">Black-back2.png</texture>
            </control>
            <control type="image">
                <posx>402</posx>
                <posy>15</posy>
                <width>1206</width>
                <height>150</height>
                <aspectratio>stretch</aspectratio>
                <texture>GlassTitleBar.png</texture>
            </control>
            <control type="label">
                <description>header label</description>
                <posx>450</posx>
                <posy>30</posy>
                <width>1110</width>
                <height>45</height>
                <font>font16</font>
                <label>$LOCALIZE[20077] - $INFO[Container(9000).ListItem.Label]</label>
                <align>left</align>
                <aligny>center</aligny>
                <textcolor>White</textcolor>
                <shadowcolor>Black</shadowcolor>
            </control>
            <control type="group" id="9010">
                <control type="grouplist" id="9001">
                    <visible>Container(9000).Hasfocus(1)</visible>
                    <posx>435</posx>
                    <posy>90</posy>
                    <width>1125</width>
                    <height>795</height>
                    <itemgap>-2</itemgap>
                    <pagecontrol>60</pagecontrol>
                    <onleft>9000</onleft>
                    <onright>60</onright>
                    <onup>9001</onup>
                    <ondown>9001</ondown>
                    <control type="label" id="100">
                        <width>1125</width>
                        <height>68</height>
                        <font>engsmall</font>
                        <label>31106</label>
                        <textcolor>Blue</textcolor>
                        <shadowcolor>Black</shadowcolor>
                        <align>left</align>
                        <aligny>center</aligny>
                    </control>
                    <control type="radiobutton" id="101">
                        <width>1125</width>
                        <height>60</height>
                        <font>engsmall</font>
                        <label>20189</label>
                        <textcolor>Grey2</textcolor>
                        <focusedcolor>White</focusedcolor>
                        <texturefocus>MenuItemFO.png</texturefocus>
                        <texturenofocus>MenuItemNF.png</texturenofocus>
                        <onclick>Skin.ToggleSetting(AutoScroll)</onclick>
                        <selected>Skin.HasSetting(AutoScroll)</selected>
                    </control>
                    <control type="radiobutton" id="102">
                        <width>1125</width>
                        <height>60</height>
                        <font>engsmall</font>
                        <label>31103</label>
                        <textcolor>Grey2</textcolor>
                        <focusedcolor>White</focusedcolor>
                        <texturefocus>MenuItemFO.png</texturefocus>
                        <texturenofocus>MenuItemNF.png</texturenofocus>
                        <onclick>Skin.ToggleSetting(Show_SlideShow_Paused)</onclick>
                        <selected>!Skin.HasSetting(Show_SlideShow_Paused)</selected>
                    </control>
                    <control type="radiobutton" id="112">
                        <width>1125</width>
                        <height>60</height>
                        <font>engsmall</font>
                        <label>31104</label>
                        <textcolor>Grey2</textcolor>
                        <focusedcolor>White</focusedcolor>
                        <texturefocus>MenuItemFO.png</texturefocus>
                        <texturenofocus>MenuItemNF.png</texturenofocus>
                        <onclick>Skin.ToggleSetting(WindowedTrailer)</onclick>
                        <selected>Skin.HasSetting(WindowedTrailer)</selected>
                    </control>
                    <control type="radiobutton" id="113">
                        <width>1125</width>
                        <height>60</height>
                        <font>engsmall</font>
                        <label>31107</label>
                        <textcolor>Grey2</textcolor>
                        <focusedcolor>White</focusedcolor>
                        <texturefocus>MenuItemFO.png</texturefocus>
                        <texturenofocus>MenuItemNF.png</texturenofocus>
                        <onclick>Skin.ToggleSetting(HideFilenameFlagging)</onclick>
                        <selected>Skin.HasSetting(HideFilenameFlagging)</selected>
                    </control>
                    <control type="label" id="104">
                        <width>1125</width>
                        <height>68</height>
                        <font>engsmall</font>
                        <label>20343</label>
                        <textcolor>Blue</textcolor>
                        <shadowcolor>Black</shadowcolor>
                        <align>left</align>
                        <aligny>center</aligny>
                        <visible>System.HasAddon(script.tvtunes)</visible>
                    </control>
                    <control type="radiobutton" id="115">
                        <width>1125</width>
                        <height>60</height>
                        <font>engsmall</font>
                        <label>31126</label>
                        <textcolor>Grey2</textcolor>
                        <focusedcolor>White</focusedcolor>
                        <texturefocus>MenuItemFO.png</texturefocus>
                        <texturenofocus>MenuItemNF.png</texturenofocus>
                        <onclick>Skin.ToggleSetting(ActivateTvTunes)</onclick>
                        <selected>Skin.HasSetting(ActivateTvTunes)</selected>
                        <visible>System.HasAddon(script.tvtunes)</visible>
                    </control>
                    <control type="label" id="106">
                        <width>1125</width>
                        <height>68</height>
                        <font>engsmall</font>
                        <label>512</label>
                        <textcolor>Blue</textcolor>
                        <shadowcolor>Black</shadowcolor>
                        <align>left</align>
                        <aligny>center</aligny>
                    </control>
                    <control type="radiobutton" id="107">
                        <width>1125</width>
                        <height>60</height>
                        <font>engsmall</font>
                        <label>21398</label>
                        <textcolor>Grey2</textcolor>
                        <focusedcolor>White</focusedcolor>
                        <texturefocus>MenuItemFO.png</texturefocus>
                        <texturenofocus>MenuItemNF.png</texturenofocus>
                        <onclick>Skin.ToggleSetting(Use_Startup_Playlist)</onclick>
                        <selected>Skin.HasSetting(Use_Startup_Playlist)</selected>
                    </control>
                    <control type="button" id="108">
                        <description>Startup Playlist Path</description>
                        <width>1125</width>
                        <height>60</height>
                        <font>engsmall</font>
                        <textcolor>Grey2</textcolor>
                        <focusedcolor>White</focusedcolor>
                        <label>15311</label>
                        <label2>$INFO[Skin.String(Startup_Playlist_Path)]</label2>
                        <onclick>Skin.SetFile(Startup_Playlist_Path,,special://MusicPlaylists/)</onclick>
                        <texturefocus>MenuItemFO.png</texturefocus>
                        <texturenofocus>MenuItemNF.png</texturenofocus>
                        <enable>Skin.HasSetting(Use_Startup_Playlist)</enable>
                    </control>
                </control>
                <control type="scrollbar" id="60">
                    <posx>1590</posx>
                    <posy>90</posy>
                    <width>38</width>
                    <height>795</height>
                    <texturesliderbackground border="0,14,0,14">ScrollBarV.png</texturesliderbackground>
                    <texturesliderbar border="0,14,0,14">ScrollBarV_bar.png</texturesliderbar>
                    <texturesliderbarfocus border="0,14,0,14">ScrollBarV_bar_focus.png</texturesliderbarfocus>
                    <textureslidernib>ScrollBarNib.png</textureslidernib>
                    <textureslidernibfocus>ScrollBarNib.png</textureslidernibfocus>
                    <onleft>9001</onleft>
                    <onright>9000</onright>
                    <showonepage>false</showonepage>
                    <orientation>vertical</orientation>
                    <visible>Container(9000).Hasfocus(1)</visible>
                </control>
                <control type="grouplist" id="9002">
                    <visible>Container(9000).Hasfocus(2)</visible>
                    <posx>435</posx>
                    <posy>90</posy>
                    <width>1125</width>
                    <height>795</height>
                    <itemgap>-2</itemgap>
                    <pagecontrol>60</pagecontrol>
                    <onleft>9000</onleft>
                    <onright>60</onright>
                    <onup>9002</onup>
                    <ondown>9002</ondown>
                    <control type="label" id="200">
                        <width>1125</width>
                        <height>68</height>
                        <font>engsmall</font>
                        <label>31101</label>
                        <textcolor>Blue</textcolor>
                        <shadowcolor>Black</shadowcolor>
                        <align>left</align>
                        <aligny>center</aligny>
                    </control>
                    <control type="radiobutton" id="202">
                        <description>enable video info</description>
                        <width>1125</width>
                        <height>60</height>
                        <font>engsmall</font>
                        <textcolor>Grey2</textcolor>
                        <focusedcolor>White</focusedcolor>
                        <label>20176</label>
                        <onclick>Skin.ToggleSetting(homepageVideoinfo)</onclick>
                        <selected>!Skin.HasSetting(homepageVideoinfo)</selected>
                        <texturefocus>MenuItemFO.png</texturefocus>
                        <texturenofocus>MenuItemNF.png</texturenofocus>
                    </control>
                    <control type="radiobutton" id="203">
                        <description>enable music info</description>
                        <width>1125</width>
                        <height>60</height>
                        <font>engsmall</font>
                        <textcolor>Grey2</textcolor>
                        <focusedcolor>White</focusedcolor>
                        <label>20083</label>
                        <onclick>Skin.ToggleSetting(homepageMusicinfo)</onclick>
                        <selected>!Skin.HasSetting(homepageMusicinfo)</selected>
                        <texturefocus>MenuItemFO.png</texturefocus>
                        <texturenofocus>MenuItemNF.png</texturenofocus>
                    </control>
                    <control type="radiobutton" id="204">
                        <description>enable weather info</description>
                        <width>1125</width>
                        <height>60</height>
                        <font>engsmall</font>
                        <textcolor>Grey2</textcolor>
                        <focusedcolor>White</focusedcolor>
                        <label>20084</label>
                        <onclick>Skin.ToggleSetting(homepageWeatherinfo)</onclick>
                        <selected>Skin.HasSetting(homepageWeatherinfo)</selected>
                        <texturefocus>MenuItemFO.png</texturefocus>
                        <texturenofocus>MenuItemNF.png</texturenofocus>
                        <visible>!IsEmpty(Weather.Plugin)</visible>
                    </control>
                    <control type="radiobutton" id="205">
                        <description>Show Recently added Video info</description>
                        <width>1125</width>
                        <height>60</height>
                        <font>engsmall</font>
                        <textcolor>Grey2</textcolor>
                        <focusedcolor>White</focusedcolor>
                        <label>31117</label>
                        <onclick>Skin.ToggleSetting(HomepageHideRecentlyAddedVideo)</onclick>
                        <selected>!Skin.HasSetting(HomepageHideRecentlyAddedVideo)</selected>
                        <texturefocus>MenuItemFO.png</texturefocus>
                        <texturenofocus>MenuItemNF.png</texturenofocus>
                    </control>
                    <control type="radiobutton" id="206">
                        <description>Show Recently added info</description>
                        <width>1125</width>
                        <height>60</height>
                        <font>engsmall</font>
                        <textcolor>Grey2</textcolor>
                        <focusedcolor>White</focusedcolor>
                        <label>31116</label>
                        <onclick>Skin.ToggleSetting(HomepageHideRecentlyAddedAlbums)</onclick>
                        <selected>!Skin.HasSetting(HomepageHideRecentlyAddedAlbums)</selected>
                        <texturefocus>MenuItemFO.png</texturefocus>
                        <texturenofocus>MenuItemNF.png</texturenofocus>
                    </control>
                    <control type="label" id="220">
                        <width>1125</width>
                        <height>68</height>
                        <font>engsmall</font>
                        <label>31108</label>
                        <textcolor>Blue</textcolor>
                        <shadowcolor>Black</shadowcolor>
                        <align>left</align>
                        <aligny>center</aligny>
                    </control>
                    <control type="radiobutton" id="221">
                        <description>Hide Videos Button</description>
                        <width>1125</width>
                        <height>60</height>
                        <font>engsmall</font>
                        <textcolor>Grey2</textcolor>
                        <focusedcolor>White</focusedcolor>
                        <label>$LOCALIZE[31111] - $LOCALIZE[3]</label>
                        <onclick>Skin.ToggleSetting(HomeMenuNoVideosButton)</onclick>
                        <selected>Skin.HasSetting(HomeMenuNoVideosButton)</selected>
                        <texturefocus>MenuItemFO.png</texturefocus>
                        <texturenofocus>MenuItemNF.png</texturenofocus>
                    </control>
                    <control type="radiobutton" id="222">
                        <description>Hide Movies Button</description>
                        <width>1125</width>
                        <height>60</height>
                        <font>engsmall</font>
                        <textcolor>Grey2</textcolor>
                        <focusedcolor>White</focusedcolor>
                        <label>$LOCALIZE[31111] - $LOCALIZE[20342] [COLOR=Grey3] ($LOCALIZE[20314])[/COLOR]</label>
                        <onclick>Skin.ToggleSetting(HomeMenuNoMovieButton)</onclick>
                        <selected>Skin.HasSetting(HomeMenuNoMovieButton)</selected>
                        <texturefocus>MenuItemFO.png</texturefocus>
                        <texturenofocus>MenuItemNF.png</texturenofocus>
                        <enable>Library.HasContent(Movies)</enable>
                    </control>
                    <control type="radiobutton" id="223">
                        <description>Hide TV Shows Button</description>
                        <width>1125</width>
                        <height>60</height>
                        <font>engsmall</font>
                        <textcolor>Grey2</textcolor>
                        <focusedcolor>White</focusedcolor>
                        <label>$LOCALIZE[31111] - $LOCALIZE[20343] [COLOR=Grey3] ($LOCALIZE[20314])[/COLOR]</label>
                        <onclick>Skin.ToggleSetting(HomeMenuNoTVShowButton)</onclick>
                        <selected>Skin.HasSetting(HomeMenuNoTVShowButton)</selected>
                        <texturefocus>MenuItemFO.png</texturefocus>
                        <texturenofocus>MenuItemNF.png</texturenofocus>
                        <enable>Library.HasContent(TVShows)</enable>
                    </control>
                    <control type="radiobutton" id="224">
                        <description>Hide Music Button</description>
                        <width>1125</width>
                        <height>60</height>
                        <font>engsmall</font>
                        <textcolor>Grey2</textcolor>
                        <focusedcolor>White</focusedcolor>
                        <label>$LOCALIZE[31111] - $LOCALIZE[2]</label>
                        <onclick>Skin.ToggleSetting(HomeMenuNoMusicButton)</onclick>
                        <selected>Skin.HasSetting(HomeMenuNoMusicButton)</selected>
                        <texturefocus>MenuItemFO.png</texturefocus>
                        <texturenofocus>MenuItemNF.png</texturenofocus>
                    </control>
                    <control type="radiobutton" id="225">
                        <description>Hide Pictures Button</description>
                        <width>1125</width>
                        <height>60</height>
                        <font>engsmall</font>
                        <textcolor>Grey2</textcolor>
                        <focusedcolor>White</focusedcolor>
                        <label>$LOCALIZE[31111] - $LOCALIZE[1]</label>
                        <onclick>Skin.ToggleSetting(HomeMenuNoPicturesButton)</onclick>
                        <selected>Skin.HasSetting(HomeMenuNoPicturesButton)</selected>
                        <texturefocus>MenuItemFO.png</texturefocus>
                        <texturenofocus>MenuItemNF.png</texturenofocus>
                    </control>
                    <control type="radiobutton" id="226">
                        <description>Hide Programs Button</description>
                        <width>1125</width>
                        <height>60</height>
                        <font>engsmall</font>
                        <textcolor>Grey2</textcolor>
                        <focusedcolor>White</focusedcolor>
                        <label>$LOCALIZE[31111] - $LOCALIZE[0]</label>
                        <onclick>Skin.ToggleSetting(HomeMenuNoProgramsButton)</onclick>
                        <selected>Skin.HasSetting(HomeMenuNoProgramsButton)</selected>
                        <texturefocus>MenuItemFO.png</texturefocus>
                        <texturenofocus>MenuItemNF.png</texturenofocus>
                    </control>
                    <control type="radiobutton" id="228">
                        <description>Hide Weather Button</description>
                        <width>1125</width>
                        <height>60</height>
                        <font>engsmall</font>
                        <textcolor>Grey2</textcolor>
                        <focusedcolor>White</focusedcolor>
                        <label>$LOCALIZE[31111] - $LOCALIZE[8]</label>
                        <onclick>Skin.ToggleSetting(HomeMenuNoWeatherButton)</onclick>
                        <selected>Skin.HasSetting(HomeMenuNoWeatherButton)</selected>
                        <texturefocus>MenuItemFO.png</texturefocus>
                        <texturenofocus>MenuItemNF.png</texturenofocus>
                    </control>
                </control>
                <control type="scrollbar" id="60">
                    <posx>1590</posx>
                    <posy>90</posy>
                    <width>38</width>
                    <height>795</height>
                    <texturesliderbackground border="0,14,0,14">ScrollBarV.png</texturesliderbackground>
                    <texturesliderbar border="0,14,0,14">ScrollBarV_bar.png</texturesliderbar>
                    <texturesliderbarfocus border="0,14,0,14">ScrollBarV_bar_focus.png</texturesliderbarfocus>
                    <textureslidernib>ScrollBarNib.png</textureslidernib>
                    <textureslidernibfocus>ScrollBarNib.png</textureslidernibfocus>
                    <onleft>9002</onleft>
                    <onright>9000</onright>
                    <showonepage>false</showonepage>
                    <orientation>vertical</orientation>
                    <visible>Container(9000).Hasfocus(2)</visible>
                </control>
                <control type="grouplist" id="9003">
                    <visible>Container(9000).Hasfocus(3)</visible>
                    <posx>435</posx>
                    <posy>90</posy>
                    <width>1125</width>
                    <height>795</height>
                    <itemgap>-2</itemgap>
                    <pagecontrol>60</pagecontrol>
                    <onleft>9000</onleft>
                    <onright>60</onright>
                    <onup>9003</onup>
                    <ondown>9003</ondown>
                    <control type="label" id="300">
                        <width>1125</width>
                        <height>68</height>
                        <font>engsmall</font>
                        <label>31106</label>
                        <textcolor>Blue</textcolor>
                        <shadowcolor>Black</shadowcolor>
                        <align>left</align>
                        <aligny>center</aligny>
                    </control>
                    <control type="radiobutton" id="301">
                        <width>1125</width>
                        <height>60</height>
                        <font>engsmall</font>
                        <label>31119</label>
                        <textcolor>Grey2</textcolor>
                        <focusedcolor>White</focusedcolor>
                        <texturefocus>MenuItemFO.png</texturefocus>
                        <texturenofocus>MenuItemNF.png</texturenofocus>
                        <onclick>Skin.ToggleSetting(HideBackGroundFanart)</onclick>
                        <selected>Skin.HasSetting(HideBackGroundFanart)</selected>
                    </control>
                    <control type="radiobutton" id="302">
                        <width>1125</width>
                        <height>60</height>
                        <font>engsmall</font>
                        <label>31129</label>
                        <textcolor>Grey2</textcolor>
                        <focusedcolor>White</focusedcolor>
                        <texturefocus>MenuItemFO.png</texturefocus>
                        <texturenofocus>MenuItemNF.png</texturenofocus>
                        <onclick>Skin.ToggleSetting(HideVisualizationFanart)</onclick>
                        <selected>Skin.HasSetting(HideVisualizationFanart)</selected>
                    </control>
                    <control type="radiobutton" id="303">
                        <width>1125</width>
                        <height>60</height>
                        <font>engsmall</font>
                        <label>31124</label>
                        <textcolor>Grey2</textcolor>
                        <focusedcolor>White</focusedcolor>
                        <texturefocus>MenuItemFO.png</texturefocus>
                        <texturenofocus>MenuItemNF.png</texturenofocus>
                        <onclick>Skin.ToggleSetting(ShowBackgroundVideo)</onclick>
                        <selected>!Skin.HasSetting(ShowBackgroundVideo)</selected>
                    </control>
                    <control type="radiobutton" id="304">
                        <width>1125</width>
                        <height>60</height>
                        <font>engsmall</font>
                        <label>31125</label>
                        <textcolor>Grey2</textcolor>
                        <focusedcolor>White</focusedcolor>
                        <texturefocus>MenuItemFO.png</texturefocus>
                        <texturenofocus>MenuItemNF.png</texturenofocus>
                        <onclick>Skin.ToggleSetting(ShowBackgroundVis)</onclick>
                        <selected>!Skin.HasSetting(ShowBackgroundVis)</selected>
                    </control>
                    <control type="label" id="310">
                        <width>1125</width>
                        <height>68</height>
                        <font>engsmall</font>
                        <label>31102</label>
                        <textcolor>Blue</textcolor>
                        <shadowcolor>Black</shadowcolor>
                        <align>left</align>
                        <aligny>center</aligny>
                    </control>
                    <control type="radiobutton" id="311">
                        <width>1125</width>
                        <height>60</height>
                        <font>engsmall</font>
                        <label>31109</label>
                        <textcolor>Grey2</textcolor>
                        <focusedcolor>White</focusedcolor>
                        <texturefocus>MenuItemFO.png</texturefocus>
                        <texturenofocus>MenuItemNF.png</texturenofocus>
                        <onclick>Skin.ToggleSetting(UseCustomBackground)</onclick>
                        <selected>Skin.HasSetting(UseCustomBackground)</selected>
                    </control>
                    <control type="button" id="312">
                        <width>1125</width>
                        <height>60</height>
                        <font>engsmall</font>
                        <label>- $LOCALIZE[31110]</label>
                        <label2>[COLOR=selected]$INFO[Skin.String(CustomBackgroundPath)][/COLOR]</label2>
                        <textcolor>Grey2</textcolor>
                        <focusedcolor>White</focusedcolor>
                        <texturefocus>MenuItemFO.png</texturefocus>
                        <texturenofocus>MenuItemNF.png</texturenofocus>
                        <onclick>Skin.SetImage(CustomBackgroundPath)</onclick>
                        <enable>Skin.HasSetting(UseCustomBackground)</enable>
                    </control>
                </control>
                <control type="group">
                    <control type="grouplist" id="9004">
                        <visible>Container(9000).Hasfocus(4)</visible>
                        <posx>435</posx>
                        <posy>90</posy>
                        <width>1125</width>
                        <height>795</height>
                        <itemgap>-2</itemgap>
                        <pagecontrol>61</pagecontrol>
                        <onleft>9000</onleft>
                        <onright>61</onright>
                        <onup>9004</onup>
                        <ondown>9004</ondown>
                        <control type="label" id="453">
                            <width>1125</width>
                            <height>68</height>
                            <font>engsmall</font>
                            <label>31140</label>
                            <textcolor>Blue</textcolor>
                            <shadowcolor>Black</shadowcolor>
                            <align>left</align>
                            <aligny>center</aligny>
                        </control>
                        <control type="button" id="455">
                            <width>1125</width>
                            <height>60</height>
                            <font>engsmall</font>
                            <label>$LOCALIZE[31132]</label>
                            <label2>[COLOR=selected]$INFO[system.addontitle(Skin.String(LyricScript_Path))][/COLOR]</label2>
                            <textcolor>Grey2</textcolor>
                            <focusedcolor>White</focusedcolor>
                            <texturefocus>MenuItemFO.png</texturefocus>
                            <texturenofocus>MenuItemNF.png</texturenofocus>
                            <onclick>Skin.SetAddon(LyricScript_Path,xbmc.python.lyrics)</onclick>
                        </control>
                        <control type="button" id="456">
                            <width>1125</width>
                            <height>60</height>
                            <font>engsmall</font>
                            <label>- $LOCALIZE[24020]</label>
                            <textcolor>Grey2</textcolor>
                            <focusedcolor>White</focusedcolor>
                            <texturefocus>MenuItemFO.png</texturefocus>
                            <texturenofocus>MenuItemNF.png</texturenofocus>
                            <enable>!IsEmpty(Skin.String(LyricScript_Path))</enable>
                            <onclick>Addon.OpenSettings($INFO[Skin.String(LyricScript_Path)])</onclick>
                        </control>
                        <control type="label" id="457">
                            <width>1125</width>
                            <height>68</height>
                            <font>engsmall</font>
                            <label>31141</label>
                            <textcolor>Blue</textcolor>
                            <shadowcolor>Black</shadowcolor>
                            <align>left</align>
                            <aligny>center</aligny>
                        </control>
                        <control type="button" id="458">
                            <width>1125</width>
                            <height>60</height>
                            <font>engsmall</font>
                            <label>$LOCALIZE[31133]</label>
                            <label2>[COLOR=selected]$INFO[system.addontitle(Skin.String(SubtitleScript_Path))][/COLOR]</label2>
                            <textcolor>Grey2</textcolor>
                            <focusedcolor>White</focusedcolor>
                            <texturefocus>MenuItemFO.png</texturefocus>
                            <texturenofocus>MenuItemNF.png</texturenofocus>
                            <onclick>Skin.SetAddon(SubtitleScript_Path,xbmc.python.subtitles)</onclick>
                        </control>
                        <control type="button" id="459">
                            <width>1125</width>
                            <height>60</height>
                            <font>engsmall</font>
                            <label>- $LOCALIZE[24020]</label>
                            <textcolor>Grey2</textcolor>
                            <focusedcolor>White</focusedcolor>
                            <texturefocus>MenuItemFO.png</texturefocus>
                            <texturenofocus>MenuItemNF.png</texturenofocus>
                            <enable>!IsEmpty(Skin.String(SubtitleScript_Path))</enable>
                            <onclick>Addon.OpenSettings($INFO[Skin.String(SubtitleScript_Path)])</onclick>
                        </control>
                        <control type="label" id="410">
                            <width>1125</width>
                            <height>68</height>
                            <font>engsmall</font>
                            <label>31134</label>
                            <textcolor>Blue</textcolor>
                            <shadowcolor>Black</shadowcolor>
                            <align>left</align>
                            <aligny>center</aligny>
                        </control>
                        <control type="button" id="411">
                            <width>1125</width>
                            <height>60</height>
                            <font>engsmall</font>
                            <label>$LOCALIZE[24000] [B]1[/B]</label>
                            <label2>[COLOR=selected]$INFO[system.addontitle(Skin.String(HomeVideosButton1))][/COLOR]</label2>
                            <textcolor>Grey2</textcolor>
                            <focusedcolor>White</focusedcolor>
                            <texturefocus>MenuItemFO.png</texturefocus>
                            <texturenofocus>MenuItemNF.png</texturenofocus>
                            <onclick>Skin.SetAddon(HomeVideosButton1,xbmc.addon.video,xbmc.addon.executable)</onclick>
                        </control>
                        <control type="button" id="412">
                            <width>1125</width>
                            <height>60</height>
                            <font>engsmall</font>
                            <label>$LOCALIZE[24000] [B]2[/B]</label>
                            <label2>[COLOR=selected]$INFO[system.addontitle(Skin.String(HomeVideosButton2))][/COLOR]</label2>
                            <textcolor>Grey2</textcolor>
                            <focusedcolor>White</focusedcolor>
                            <texturefocus>MenuItemFO.png</texturefocus>
                            <texturenofocus>MenuItemNF.png</texturenofocus>
                            <onclick>Skin.SetAddon(HomeVideosButton2,xbmc.addon.video,xbmc.addon.executable)</onclick>
                        </control>
                        <control type="button" id="413">
                            <width>1125</width>
                            <height>60</height>
                            <font>engsmall</font>
                            <label>$LOCALIZE[24000] [B]3[/B]</label>
                            <label2>[COLOR=selected]$INFO[system.addontitle(Skin.String(HomeVideosButton3))][/COLOR]</label2>
                            <textcolor>Grey2</textcolor>
                            <focusedcolor>White</focusedcolor>
                            <texturefocus>MenuItemFO.png</texturefocus>
                            <texturenofocus>MenuItemNF.png</texturenofocus>
                            <onclick>Skin.SetAddon(HomeVideosButton3,xbmc.addon.video,xbmc.addon.executable)</onclick>
                        </control>
                        <control type="button" id="414">
                            <width>1125</width>
                            <height>60</height>
                            <font>engsmall</font>
                            <label>$LOCALIZE[24000] [B]4[/B]</label>
                            <label2>[COLOR=selected]$INFO[system.addontitle(Skin.String(HomeVideosButton4))][/COLOR]</label2>
                            <textcolor>Grey2</textcolor>
                            <focusedcolor>White</focusedcolor>
                            <texturefocus>MenuItemFO.png</texturefocus>
                            <texturenofocus>MenuItemNF.png</texturenofocus>
                            <onclick>Skin.SetAddon(HomeVideosButton4,xbmc.addon.video,xbmc.addon.executable)</onclick>
                        </control>
                        <control type="button" id="415">
                            <width>1125</width>
                            <height>60</height>
                            <font>engsmall</font>
                            <label>$LOCALIZE[24000] [B]5[/B]</label>
                            <label2>[COLOR=selected]$INFO[system.addontitle(Skin.String(HomeVideosButton5))][/COLOR]</label2>
                            <textcolor>Grey2</textcolor>
                            <focusedcolor>White</focusedcolor>
                            <texturefocus>MenuItemFO.png</texturefocus>
                            <texturenofocus>MenuItemNF.png</texturenofocus>
                            <onclick>Skin.SetAddon(HomeVideosButton5,xbmc.addon.video,xbmc.addon.executable)</onclick>
                        </control>
                        <control type="label" id="420">
                            <width>1125</width>
                            <height>68</height>
                            <font>engsmall</font>
                            <label>31135</label>
                            <textcolor>Blue</textcolor>
                            <shadowcolor>Black</shadowcolor>
                            <align>left</align>
                            <aligny>center</aligny>
                        </control>
                        <control type="button" id="421">
                            <width>1125</width>
                            <height>60</height>
                            <font>engsmall</font>
                            <label>$LOCALIZE[24000] [B]1[/B]</label>
                            <label2>[COLOR=selected]$INFO[system.addontitle(Skin.String(HomeMusicButton1))][/COLOR]</label2>
                            <textcolor>Grey2</textcolor>
                            <focusedcolor>White</focusedcolor>
                            <texturefocus>MenuItemFO.png</texturefocus>
                            <texturenofocus>MenuItemNF.png</texturenofocus>
                            <onclick>Skin.SetAddon(HomeMusicButton1,xbmc.addon.audio,xbmc.addon.executable)</onclick>
                        </control>
                        <control type="button" id="422">
                            <width>1125</width>
                            <height>60</height>
                            <font>engsmall</font>
                            <label>$LOCALIZE[24000] [B]2[/B]</label>
                            <label2>[COLOR=selected]$INFO[system.addontitle(Skin.String(HomeMusicButton2))][/COLOR]</label2>
                            <textcolor>Grey2</textcolor>
                            <focusedcolor>White</focusedcolor>
                            <texturefocus>MenuItemFO.png</texturefocus>
                            <texturenofocus>MenuItemNF.png</texturenofocus>
                            <onclick>Skin.SetAddon(HomeMusicButton2,xbmc.addon.audio,xbmc.addon.executable)</onclick>
                        </control>
                        <control type="button" id="423">
                            <width>1125</width>
                            <height>60</height>
                            <font>engsmall</font>
                            <label>$LOCALIZE[24000] [B]3[/B]</label>
                            <label2>[COLOR=selected]$INFO[system.addontitle(Skin.String(HomeMusicButton3))][/COLOR]</label2>
                            <textcolor>Grey2</textcolor>
                            <focusedcolor>White</focusedcolor>
                            <texturefocus>MenuItemFO.png</texturefocus>
                            <texturenofocus>MenuItemNF.png</texturenofocus>
                            <onclick>Skin.SetAddon(HomeMusicButton3,xbmc.addon.audio,xbmc.addon.executable)</onclick>
                        </control>
                        <control type="button" id="424">
                            <width>1125</width>
                            <height>60</height>
                            <font>engsmall</font>
                            <label>$LOCALIZE[24000] [B]4[/B]</label>
                            <label2>[COLOR=selected]$INFO[system.addontitle(Skin.String(HomeMusicButton4))][/COLOR]</label2>
                            <textcolor>Grey2</textcolor>
                            <focusedcolor>White</focusedcolor>
                            <texturefocus>MenuItemFO.png</texturefocus>
                            <texturenofocus>MenuItemNF.png</texturenofocus>
                            <onclick>Skin.SetAddon(HomeMusicButton4,xbmc.addon.audio,xbmc.addon.executable)</onclick>
                        </control>
                        <control type="button" id="425">
                            <width>1125</width>
                            <height>60</height>
                            <font>engsmall</font>
                            <label>$LOCALIZE[24000] [B]5[/B]</label>
                            <label2>[COLOR=selected]$INFO[system.addontitle(Skin.String(HomeMusicButton5))][/COLOR]</label2>
                            <textcolor>Grey2</textcolor>
                            <focusedcolor>White</focusedcolor>
                            <texturefocus>MenuItemFO.png</texturefocus>
                            <texturenofocus>MenuItemNF.png</texturenofocus>
                            <onclick>Skin.SetAddon(HomeMusicButton5,xbmc.addon.audio,xbmc.addon.executable)</onclick>
                        </control>
                        <control type="label" id="430">
                            <width>1125</width>
                            <height>68</height>
                            <font>engsmall</font>
                            <label>31136</label>
                            <textcolor>Blue</textcolor>
                            <shadowcolor>Black</shadowcolor>
                            <align>left</align>
                            <aligny>center</aligny>
                        </control>
                        <control type="button" id="431">
                            <width>1125</width>
                            <height>60</height>
                            <font>engsmall</font>
                            <label>$LOCALIZE[24000] [B]1[/B]</label>
                            <label2>[COLOR=selected]$INFO[system.addontitle(Skin.String(HomePictureButton1))][/COLOR]</label2>
                            <textcolor>Grey2</textcolor>
                            <focusedcolor>White</focusedcolor>
                            <texturefocus>MenuItemFO.png</texturefocus>
                            <texturenofocus>MenuItemNF.png</texturenofocus>
                            <onclick>Skin.SetAddon(HomePictureButton1,xbmc.addon.image,xbmc.addon.executable)</onclick>
                        </control>
                        <control type="button" id="432">
                            <width>1125</width>
                            <height>60</height>
                            <font>engsmall</font>
                            <label>$LOCALIZE[24000] [B]2[/B]</label>
                            <label2>[COLOR=selected]$INFO[system.addontitle(Skin.String(HomePictureButton2))][/COLOR]</label2>
                            <textcolor>Grey2</textcolor>
                            <focusedcolor>White</focusedcolor>
                            <texturefocus>MenuItemFO.png</texturefocus>
                            <texturenofocus>MenuItemNF.png</texturenofocus>
                            <onclick>Skin.SetAddon(HomePictureButton2,xbmc.addon.image,xbmc.addon.executable)</onclick>
                        </control>
                        <control type="button" id="433">
                            <width>1125</width>
                            <height>60</height>
                            <font>engsmall</font>
                            <label>$LOCALIZE[24000] [B]3[/B]</label>
                            <label2>[COLOR=selected]$INFO[system.addontitle(Skin.String(HomePictureButton3))][/COLOR]</label2>
                            <textcolor>Grey2</textcolor>
                            <focusedcolor>White</focusedcolor>
                            <texturefocus>MenuItemFO.png</texturefocus>
                            <texturenofocus>MenuItemNF.png</texturenofocus>
                            <onclick>Skin.SetAddon(HomePictureButton3,xbmc.addon.image,xbmc.addon.executable)</onclick>
                        </control>
                        <control type="button" id="434">
                            <width>1125</width>
                            <height>60</height>
                            <font>engsmall</font>
                            <label>$LOCALIZE[24000] [B]4[/B]</label>
                            <label2>[COLOR=selected]$INFO[system.addontitle(Skin.String(HomePictureButton4))][/COLOR]</label2>
                            <textcolor>Grey2</textcolor>
                            <focusedcolor>White</focusedcolor>
                            <texturefocus>MenuItemFO.png</texturefocus>
                            <texturenofocus>MenuItemNF.png</texturenofocus>
                            <onclick>Skin.SetAddon(HomePictureButton4,xbmc.addon.image,xbmc.addon.executable)</onclick>
                        </control>
                        <control type="button" id="435">
                            <width>1125</width>
                            <height>60</height>
                            <font>engsmall</font>
                            <label>$LOCALIZE[24000] [B]5[/B]</label>
                            <label2>[COLOR=selected]$INFO[system.addontitle(Skin.String(HomePictureButton5))][/COLOR]</label2>
                            <textcolor>Grey2</textcolor>
                            <focusedcolor>White</focusedcolor>
                            <texturefocus>MenuItemFO.png</texturefocus>
                            <texturenofocus>MenuItemNF.png</texturenofocus>
                            <onclick>Skin.SetAddon(HomePictureButton5,xbmc.addon.image,xbmc.addon.executable)</onclick>
                        </control>
                        <control type="label" id="440">
                            <width>1125</width>
                            <height>68</height>
                            <font>engsmall</font>
                            <label>31118</label>
                            <textcolor>Blue</textcolor>
                            <shadowcolor>Black</shadowcolor>
                            <align>left</align>
                            <aligny>center</aligny>
                        </control>
                        <control type="button" id="441">
                            <width>1125</width>
                            <height>60</height>
                            <font>engsmall</font>
                            <label>$LOCALIZE[24000] [B]1[/B]</label>
                            <label2>[COLOR=selected]$INFO[system.addontitle(Skin.String(HomeProgramButton1))][/COLOR]</label2>
                            <textcolor>Grey2</textcolor>
                            <focusedcolor>White</focusedcolor>
                            <texturefocus>MenuItemFO.png</texturefocus>
                            <texturenofocus>MenuItemNF.png</texturenofocus>
                            <onclick>Skin.SetAddon(HomeProgramButton1,xbmc.addon.executable)</onclick>
                        </control>
                        <control type="button" id="442">
                            <width>1125</width>
                            <height>60</height>
                            <font>engsmall</font>
                            <label>$LOCALIZE[24000] [B]2[/B]</label>
                            <label2>[COLOR=selected]$INFO[system.addontitle(Skin.String(HomeProgramButton2))][/COLOR]</label2>
                            <textcolor>Grey2</textcolor>
                            <focusedcolor>White</focusedcolor>
                            <texturefocus>MenuItemFO.png</texturefocus>
                            <texturenofocus>MenuItemNF.png</texturenofocus>
                            <onclick>Skin.SetAddon(HomeProgramButton2,xbmc.addon.executable)</onclick>
                        </control>
                        <control type="button" id="443">
                            <width>1125</width>
                            <height>60</height>
                            <font>engsmall</font>
                            <label>$LOCALIZE[24000] [B]3[/B]</label>
                            <label2>[COLOR=selected]$INFO[system.addontitle(Skin.String(HomeProgramButton3))][/COLOR]</label2>
                            <textcolor>Grey2</textcolor>
                            <focusedcolor>White</focusedcolor>
                            <texturefocus>MenuItemFO.png</texturefocus>
                            <texturenofocus>MenuItemNF.png</texturenofocus>
                            <onclick>Skin.SetAddon(HomeProgramButton3,xbmc.addon.executable)</onclick>
                        </control>
                        <control type="button" id="444">
                            <width>1125</width>
                            <height>60</height>
                            <font>engsmall</font>
                            <label>$LOCALIZE[24000] [B]4[/B]</label>
                            <label2>[COLOR=selected]$INFO[system.addontitle(Skin.String(HomeProgramButton4))][/COLOR]</label2>
                            <textcolor>Grey2</textcolor>
                            <focusedcolor>White</focusedcolor>
                            <texturefocus>MenuItemFO.png</texturefocus>
                            <texturenofocus>MenuItemNF.png</texturenofocus>
                            <onclick>Skin.SetAddon(HomeProgramButton4,xbmc.addon.executable)</onclick>
                        </control>
                        <control type="button" id="445">
                            <width>1125</width>
                            <height>60</height>
                            <font>engsmall</font>
                            <label>$LOCALIZE[24000] [B]5[/B]</label>
                            <label2>[COLOR=selected]$INFO[system.addontitle(Skin.String(HomeProgramButton5))][/COLOR]</label2>
                            <textcolor>Grey2</textcolor>
                            <focusedcolor>White</focusedcolor>
                            <texturefocus>MenuItemFO.png</texturefocus>
                            <texturenofocus>MenuItemNF.png</texturenofocus>
                            <onclick>Skin.SetAddon(HomeProgramButton5,xbmc.addon.executable)</onclick>
                        </control>
                        <control type="button" id="446">
                            <width>1125</width>
                            <height>60</height>
                            <font>engsmall</font>
                            <label>$LOCALIZE[24000] [B]6[/B]</label>
                            <label2>[COLOR=selected]$INFO[system.addontitle(Skin.String(HomeProgramButton6))][/COLOR]</label2>
                            <textcolor>Grey2</textcolor>
                            <focusedcolor>White</focusedcolor>
                            <texturefocus>MenuItemFO.png</texturefocus>
                            <texturenofocus>MenuItemNF.png</texturenofocus>
                            <onclick>Skin.SetAddon(HomeProgramButton6,xbmc.addon.executable)</onclick>
                        </control>
                    </control>
                </control>
                <control type="scrollbar" id="61">
                    <posx>1590</posx>
                    <posy>90</posy>
                    <width>38</width>
                    <height>795</height>
                    <texturesliderbackground border="0,14,0,14">ScrollBarV.png</texturesliderbackground>
                    <texturesliderbar border="0,14,0,14">ScrollBarV_bar.png</texturesliderbar>
                    <texturesliderbarfocus border="0,14,0,14">ScrollBarV_bar_focus.png</texturesliderbarfocus>
                    <textureslidernib>ScrollBarNib.png</textureslidernib>
                    <textureslidernibfocus>ScrollBarNib.png</textureslidernibfocus>
                    <onleft>9004</onleft>
                    <onright>9000</onright>
                    <showonepage>false</showonepage>
                    <orientation>vertical</orientation>
                    <visible>Container(9000).Hasfocus(4)</visible>
                </control>
            </control>
        </control>
        <include>CommonNowPlaying</include>
        <include>MainWindowMouseButtons</include>
        <include>BehindDialogFadeOut</include>
        <include>Clock</include>
    </controls>
</window>