<window>
    <defaultcontrol>2</defaultcontrol>
    <controls>
        <control type="group" id="13">
            <posx>195r</posx>
            <posy>15</posy>
            <visible>!Skin.HasSetting(Show_SlideShow_Paused)</visible>
            <control type="image">
                <posx>0</posx>
                <posy>0</posy>
                <width>180</width>
                <height>52</height>
                <texture>Black-back.png</texture>
                <bordertexture border="3">NoCover_1.png</bordertexture>
                <bordersize>5</bordersize>
            </control>
            <control type="label">
                <description>paused label</description>
                <posx>15</posx>
                <posy>0</posy>
                <width>150</width>
                <height>52</height>
                <align>center</align>
                <aligny>center</aligny>
                <font>engsmall</font>
                <textcolor>White</textcolor>
                <label>31043</label>
            </control>
        </control>
        <!-- media infos -->
        <control type="group">
            <posx>30</posx>
            <posy>270r</posy>
            <visible>Player.ShowInfo + Player.HasMedia</visible>
            <include>VisibleFadeEffect</include>
            <include>SmallMusicInfo</include>
        </control>
    </controls>
</window>