<window>
    <defaultcontrol always="true">22</defaultcontrol>
    <allowoverlay>no</allowoverlay>
    <coordinates>
        <system>1</system>
        <posx>360</posx>
        <posy>68</posy>
    </coordinates>
    <include>dialogeffect</include>
    <controls>
        <control type="group">
            <visible>!Window.IsVisible(smartplaylistrule)</visible>
            <include>VisibleFadeEffect</include>
            <control type="image">
                <description>background image</description>
                <posx>0</posx>
                <posy>0</posy>
                <width>1200</width>
                <height>945</height>
                <texture border="40">DialogBack.png</texture>
            </control>
            <control type="image">
                <description>Dialog Header image</description>
                <posx>60</posx>
                <posy>24</posy>
                <width>1080</width>
                <height>60</height>
                <texture>dialogheader.png</texture>
            </control>
            <control type="label" id="2">
                <description>header label</description>
                <posx>60</posx>
                <posy>30</posy>
                <width>1080</width>
                <height>45</height>
                <font>engsmall</font>
                <label>$LOCALIZE[21432]</label>
                <align>center</align>
                <aligny>center</aligny>
                <textcolor>selected</textcolor>
                <shadowcolor>Black</shadowcolor>
            </control>
            <control type="button">
                <description>Close Window button</description>
                <posx>1065</posx>
                <posy>14</posy>
                <width>96</width>
                <height>48</height>
                <label>-</label>
                <font>-</font>
                <onclick>PreviousMenu</onclick>
                <texturefocus>DialogCloseButton-focus.png</texturefocus>
                <texturenofocus>DialogCloseButton.png</texturenofocus>
                <onleft>22</onleft>
                <onright>22</onright>
                <onup>22</onup>
                <ondown>22</ondown>
                <visible>system.getbool(input.enablemouse)</visible>
            </control>
            <control type="spincontrolex" id="22">
                <description>Set Playlist type</description>
                <posx>45</posx>
                <posy>105</posy>
                <width>1110</width>
                <height>60</height>
                <label>467</label>
                <font>engsmall</font>
                <texturefocus border="5">button-focus2.png</texturefocus>
                <texturenofocus border="5">button-nofocus.png</texturenofocus>
                <onright>22</onright>
                <onleft>22</onleft>
                <onup>9001</onup>
                <ondown>12</ondown>
            </control>
            <control type="label">
                <description>Name Label</description>
                <posx>45</posx>
                <posy>180</posy>
                <width>1110</width>
                <label>21433</label>
                <font>engsmall</font>
                <textcolor>Blue</textcolor>
                <shadowcolor>Black</shadowcolor>
            </control>
            <control type="edit" id="12">
                <description>Name Button</description>
                <posx>45</posx>
                <posy>218</posy>
                <width>1110</width>
                <height>60</height>
                <textoffsetx>15</textoffsetx>
                <textwidth>1080</textwidth>
                <font>engsmall</font>
                <align>center</align>
                <texturefocus border="5">button-focus2.png</texturefocus>
                <label>-</label>
                <onup>22</onup>
                <onleft>12</onleft>
                <onright>12</onright>
                <ondown>10</ondown>
            </control>
            <control type="label">
                <description>rules label</description>
                <posx>45</posx>
                <posy>300</posy>
                <width>1110</width>
                <align>left</align>
                <label>21434</label>
                <font>engsmall</font>
                <textcolor>Blue</textcolor>
                <shadowcolor>Black</shadowcolor>
            </control>
            <control type="list" id="10">
                <description>Rules List Control</description>
                <posx>45</posx>
                <posy>338</posy>
                <width>825</width>
                <height>202</height>
                <onup>12</onup>
                <onleft>9000</onleft>
                <onright>9000</onright>
                <ondown>16</ondown>
                <itemlayout width="840" height="68">
                    <control type="image">
                        <posx>0</posx>
                        <posy>0</posy>
                        <width>825</width>
                        <height>60</height>
                        <texture border="5">button-nofocus.png</texture>
                    </control>
                    <control type="label">
                        <posx>15</posx>
                        <posy>0</posy>
                        <width>795</width>
                        <height>60</height>
                        <aligny>center</aligny>
                        <info>ListItem.Label</info>
                        <selectedcolor>selected</selectedcolor>
                        <font>engsmall</font>
                    </control>
                </itemlayout>
                <focusedlayout width="840" height="68">
                    <control type="image">
                        <posx>0</posx>
                        <posy>0</posy>
                        <width>825</width>
                        <height>60</height>
                        <texture border="5">button-focus2.png</texture>
                        <visible>Control.HasFocus(10)</visible>
                    </control>
                    <control type="image">
                        <posx>0</posx>
                        <posy>0</posy>
                        <width>825</width>
                        <height>60</height>
                        <texture border="5">button-nofocus.png</texture>
                        <visible>!Control.HasFocus(10)</visible>
                    </control>
                    <control type="label">
                        <posx>15</posx>
                        <posy>0</posy>
                        <width>795</width>
                        <height>60</height>
                        <aligny>center</aligny>
                        <info>ListItem.Label</info>
                        <selectedcolor>selected</selectedcolor>
                        <font>engsmall</font>
                    </control>
                </focusedlayout>
            </control>
            <control type="group" id="9000">
                <posx>885</posx>
                <posy>338</posy>
                <control type="button" id="13">
                    <description>Add Rule Button</description>
                    <posx>0</posx>
                    <posy>0</posy>
                    <width>270</width>
                    <height>60</height>
                    <label>15019</label>
                    <font>engsmall</font>
                    <align>center</align>
                    <aligny>center</aligny>
                    <onup>17</onup>
                    <onleft>10</onleft>
                    <onright>10</onright>
                    <ondown>14</ondown>
                </control>
                <control type="button" id="14">
                    <description>Remove Rule Button</description>
                    <posx>0</posx>
                    <posy>68</posy>
                    <height>60</height>
                    <width>270</width>
                    <label>1210</label>
                    <font>engsmall</font>
                    <align>center</align>
                    <aligny>center</aligny>
                    <onup>13</onup>
                    <onleft>10</onleft>
                    <onright>10</onright>
                    <ondown>15</ondown>
                </control>
                <control type="button" id="15">
                    <description>Edit Rule Button</description>
                    <posx>0</posx>
                    <posy>135</posy>
                    <height>60</height>
                    <width>270</width>
                    <label>21435</label>
                    <font>engsmall</font>
                    <align>center</align>
                    <aligny>center</aligny>
                    <onup>14</onup>
                    <onleft>10</onleft>
                    <onright>10</onright>
                    <ondown>16</ondown>
                </control>
            </control>
            <control type="label">
                <description>Name Label</description>
                <posx>45</posx>
                <posy>555</posy>
                <width>1110</width>
                <label>31325</label>
                <font>engsmall</font>
                <textcolor>Blue</textcolor>
                <shadowcolor>Black</shadowcolor>
            </control>
            <control type="spincontrolex" id="16">
                <posx>45</posx>
                <posy>592</posy>
                <width>1110</width>
                <height>60</height>
                <label>21424</label>
                <font>engsmall</font>
                <texturefocus border="5">button-focus2.png</texturefocus>
                <texturenofocus border="5">button-nofocus.png</texturenofocus>
                <onright>16</onright>
                <onleft>16</onleft>
                <onup>10</onup>
                <ondown>17</ondown>
            </control>
            <control type="spincontrolex" id="17">
                <posx>45</posx>
                <posy>660</posy>
                <width>1110</width>
                <height>60</height>
                <label>21427</label>
                <font>engsmall</font>
                <texturefocus border="5">button-focus2.png</texturefocus>
                <texturenofocus border="5">button-nofocus.png</texturenofocus>
                <onright>17</onright>
                <onleft>17</onleft>
                <onup>16</onup>
                <ondown>18</ondown>
            </control>
            <control type="spincontrolex" id="18">
                <posx>45</posx>
                <posy>728</posy>
                <width>825</width>
                <height>60</height>
                <label>21429</label>
                <font>engsmall</font>
                <texturefocus border="5">button-focus2.png</texturefocus>
                <texturenofocus border="5">button-nofocus.png</texturenofocus>
                <onright>19</onright>
                <onleft>19</onleft>
                <onup>17</onup>
                <ondown>9001</ondown>
            </control>
            <control type="togglebutton" id="19">
                <posx>885</posx>
                <posy>728</posy>
                <width>270</width>
                <height>60</height>
                <font>engsmall</font>
                <align>center</align>
                <aligny>center</aligny>
                <texturenofocus border="5">button-nofocus.png</texturenofocus>
                <texturefocus border="5">button-focus.png</texturefocus>
                <alttexturenofocus border="5">button-nofocus.png</alttexturenofocus>
                <alttexturefocus border="5">button-focus.png</alttexturefocus>
                <label>21431</label>
                <altlabel>21430</altlabel>
                <onright>18</onright>
                <onleft>18</onleft>
                <onup>17</onup>
                <ondown>9001</ondown>
            </control>
            <control type="group" id="9001">
                <control type="button" id="20">
                    <description>Ok Button</description>
                    <posx>292</posx>
                    <posy>840</posy>
                    <width>300</width>
                    <height>60</height>
                    <align>center</align>
                    <aligny>center</aligny>
                    <label>186</label>
                    <font>engsmall</font>
                    <onup>18</onup>
                    <onleft>21</onleft>
                    <onright>21</onright>
                    <ondown>22</ondown>
                </control>
                <control type="button" id="21">
                    <description>Cancel Button</description>
                    <posx>608</posx>
                    <posy>840</posy>
                    <width>300</width>
                    <height>60</height>
                    <align>center</align>
                    <aligny>center</aligny>
                    <label>222</label>
                    <font>engsmall</font>
                    <onup>18</onup>
                    <onleft>20</onleft>
                    <onright>20</onright>
                    <ondown>22</ondown>
                </control>
            </control>
        </control>
    </controls>
</window>