<window>
    <defaultcontrol>-</defaultcontrol>
    <controls>
        <!-- media infos -->
        <control type="group" id="1">
            <visible>[Player.ShowInfo | Window.IsActive(VideoOSD)] + ![Window.IsVisible(123) | Window.IsVisible(124) | Window.IsVisible(125) | Window.IsVisible(PVROSDChannels) | Window.IsVisible(PVROSDGuide)]</visible>
            <animation effect="fade" time="200">VisibleChange</animation>
            <control type="image" id="1">
                <posx>0</posx>
                <posy>-225</posy>
                <width>1920</width>
                <height>384</height>
                <texture flipy="true">HomeNowPlayingBack.png</texture>
            </control>
            <control type="label" id="1">
                <description>Chapter Count Header label</description>
                <posx>45</posx>
                <posy>8</posy>
                <width>1500</width>
                <height>38</height>
                <align>left</align>
                <aligny>center</aligny>
                <font>engsmall</font>
                <textcolor>White</textcolor>
                <shadowcolor>Black</shadowcolor>
                <label>$INFO[Player.Chapter,$LOCALIZE[21396]: ]$INFO[Player.ChapterCount, / ]$INFO[Player.ChapterName,[COLOR=Grey] - (,)[/COLOR]]</label>
                <visible>Player.ChapterCount + !VideoPlayer.Content(LiveTV)</visible>
            </control>
            <control type="label" id="1">
                <description>Channel Group label</description>
                <posx>45</posx>
                <posy>8</posy>
                <width>1500</width>
                <height>38</height>
                <align>left</align>
                <aligny>center</aligny>
                <font>engsmall</font>
                <textcolor>White</textcolor>
                <shadowcolor>Black</shadowcolor>
                <label>$INFO[VideoPlayer.ChannelGroup,$LOCALIZE[31509]: ]</label>
                <visible>VideoPlayer.Content(LiveTV)</visible>
            </control>
            <control type="label" id="1">
                <description>Clock label</description>
                <posx>1875</posx>
                <posy>8</posy>
                <width>1200</width>
                <height>38</height>
                <align>right</align>
                <aligny>center</aligny>
                <font>engsmall</font>
                <textcolor>White</textcolor>
                <shadowcolor>Black</shadowcolor>
                <label>$INFO[System.Time]</label>
                <animation effect="slide" start="0,0" end="-158,0" time="0" condition="Window.IsVisible(VideoOSD)">conditional</animation>
            </control>
            <control type="image" id="1">
                <posx>0</posx>
                <posy>345r</posy>
                <width>1920</width>
                <height>345</height>
                <texture>HomeNowPlayingBack.png</texture>
            </control>
            <control type="image" id="1">
                <description>cover image</description>
                <posx>30</posx>
                <posy>390r</posy>
                <width>450</width>
                <height>345</height>
                <texture fallback="DefaultVideoCover.png">$INFO[Player.Art(thumb)]</texture>
                <aspectratio aligny="bottom">keep</aspectratio>
                <bordertexture border="8">ThumbShadow.png</bordertexture>
                <bordersize>8</bordersize>
                <visible>!VideoPlayer.Content(Movies)</visible>
            </control>
            <control type="image" id="1">
                <description>Movie cover image</description>
                <posx>30</posx>
                <posy>525r</posy>
                <width>450</width>
                <height>495</height>
                <texture fallback="DefaultVideoCover.png">$INFO[Player.Art(thumb)]</texture>
                <aspectratio aligny="bottom">keep</aspectratio>
                <bordertexture border="8">ThumbShadow.png</bordertexture>
                <bordersize>8</bordersize>
                <visible>VideoPlayer.Content(Movies)</visible>
            </control>
            <control type="group" id="1">
                <posx>495</posx>
                <posy>278r</posy>
                <control type="label" id="1">
                    <description>Heading label</description>
                    <posx>0</posx>
                    <posy>0</posy>
                    <width>1365</width>
                    <height>38</height>
                    <align>left</align>
                    <aligny>center</aligny>
                    <font>engsmall</font>
                    <label>$LOCALIZE[31040]</label>
                    <textcolor>White</textcolor>
                    <shadowcolor>Black</shadowcolor>
                    <visible>![VideoPlayer.Content(LiveTV) + Player.Recording]</visible>
                    <animation effect="slide" start="0,0" end="0,57" time="0" condition="!VideoPlayer.Content(Movies) + !VideoPlayer.Content(Episodes) + !VideoPlayer.Content(MusicVideos) + !VideoPlayer.Content(LiveTV)">conditional</animation>
                </control>
                <control type="image" id="1">
                    <posy>0</posy>
                    <width>75</width>
                    <height>38</height>
                    <aspectratio align="center" aligny="center">keep</aspectratio>
                    <texture>PVR-IsRecording.png</texture>
                    <visible>VideoPlayer.Content(LiveTV) + Player.Recording</visible>
                </control>
                <control type="label" id="1">
                    <description>Heading label</description>
                    <posx>75</posx>
                    <posy>0</posy>
                    <width>1290</width>
                    <height>38</height>
                    <align>left</align>
                    <aligny>center</aligny>
                    <font>engsmall</font>
                    <label>$LOCALIZE[19158]</label>
                    <textcolor>White</textcolor>
                    <shadowcolor>Black</shadowcolor>
                    <visible>VideoPlayer.Content(LiveTV) + Player.Recording</visible>
                </control>
                <control type="label" id="1">
                    <description>Studio label</description>
                    <posx>30</posx>
                    <posy>45</posy>
                    <width>1365</width>
                    <height>38</height>
                    <align>left</align>
                    <font>engsmall</font>
                    <label>$INFO[VideoPlayer.Studio]</label>
                    <textcolor>Grey2</textcolor>
                    <shadowcolor>Black</shadowcolor>
                    <visible>VideoPlayer.Content(Movies)</visible>
                </control>
                <control type="label" id="1">
                    <description>TV Show label</description>
                    <posx>30</posx>
                    <posy>45</posy>
                    <width>1365</width>
                    <height>38</height>
                    <align>left</align>
                    <font>engsmall</font>
                    <label>$INFO[VideoPlayer.TVShowTitle] ($INFO[VideoPlayer.Season]x$INFO[VideoPlayer.Episode])</label>
                    <textcolor>Grey2</textcolor>
                    <shadowcolor>Black</shadowcolor>
                    <visible>VideoPlayer.Content(Episodes)</visible>
                </control>
                <control type="label" id="1">
                    <description>Music Info label</description>
                    <posx>30</posx>
                    <posy>45</posy>
                    <width>1365</width>
                    <height>38</height>
                    <align>left</align>
                    <font>engsmall</font>
                    <label>$INFO[VideoPlayer.Artist] $INFO[VideoPlayer.Album, - ]</label>
                    <textcolor>Grey2</textcolor>
                    <shadowcolor>Black</shadowcolor>
                    <visible>VideoPlayer.Content(MusicVideos)</visible>
                </control>
                <control type="label" id="1">
                    <description>LiveTV Info label</description>
                    <posx>30</posx>
                    <posy>45</posy>
                    <width>1365</width>
                    <height>38</height>
                    <align>left</align>
                    <font>engsmall</font>
                    <label>$INFO[VideoPlayer.ChannelName]$INFO[VideoPlayer.ChannelNumber, - ([COLOR=Blue],[/COLOR])]</label>
                    <textcolor>Grey2</textcolor>
                    <shadowcolor>Black</shadowcolor>
                    <visible>VideoPlayer.Content(LiveTV)</visible>
                </control>
                <control type="grouplist" id="1">
                    <posx>30</posx>
                    <posy>90</posy>
                    <width>1365</width>
                    <height>52</height>
                    <itemgap>8</itemgap>
                    <orientation>horizontal</orientation>
                    <control type="label" id="1">
                        <width min="15" max="1065">auto</width>
                        <height>45</height>
                        <font>engsmall</font>
                        <align>left</align>
                        <aligny>center</aligny>
                        <label>$INFO[VideoPlayer.Title]</label>
                        <textcolor>Orange</textcolor>
                        <scroll>true</scroll>
                    </control>
                    <control type="image" id="1">
                        <description>Video Resolution Image</description>
                        <width>75</width>
                        <height>52</height>
                        <aspectratio align="center">keep</aspectratio>
                        <texture>$INFO[VideoPlayer.VideoResolution,flagging/video/,.png]</texture>
                    </control>
                    <control type="image" id="1">
                        <description>Audio Codec Image</description>
                        <width>128</width>
                        <height>52</height>
                        <aspectratio align="center">keep</aspectratio>
                        <texture>$INFO[VideoPlayer.AudioCodec,flagging/audio/,.png]</texture>
                    </control>
                    <control type="image" id="1">
                        <description>Audio Channels Image</description>
                        <width>75</width>
                        <height>52</height>
                        <aspectratio align="center">keep</aspectratio>
                        <texture>$INFO[VideoPlayer.AudioChannels,flagging/audio/,.png]</texture>
                    </control>
                </control>
                <control type="label" id="1">
                    <posx>0</posx>
                    <posy>180</posy>
                    <width>1365</width>
                    <height>38</height>
                    <label>$LOCALIZE[31049] $INFO[Player.FinishTime]</label>
                    <align>center</align>
                    <aligny>center</aligny>
                    <font>engsmall</font>
                    <textcolor>Grey</textcolor>
                    <scroll>true</scroll>
                    <visible>!Window.IsVisible(VideoOSD) + !VideoPlayer.Content(LiveTV)</visible>
                    <animation effect="fade" time="200">VisibleChange</animation>
                </control>
                <control type="label" id="1">
                    <posx>0</posx>
                    <posy>180</posy>
                    <width>1365</width>
                    <height>38</height>
                    <label>$INFO[VideoPlayer.NextTitle,$LOCALIZE[209]: ]</label>
                    <align>center</align>
                    <aligny>center</aligny>
                    <font>engsmall</font>
                    <textcolor>Grey</textcolor>
                    <scroll>true</scroll>
                    <visible>!Window.IsVisible(VideoOSD) + VideoPlayer.Content(LiveTV)</visible>
                    <animation effect="fade" time="200">VisibleChange</animation>
                </control>
            </control>
            <control type="group" id="1">
                <posx>495</posx>
                <posy>142r</posy>
                <visible>!VideoPlayer.Content(LiveTV) | [VideoPlayer.Content(LiveTV) + VideoPlayer.HasEpg]</visible>
                <control type="label" id="1">
                    <visible>!VideoPlayer.Content(LiveTV)</visible>
                    <posx>0</posx>
                    <posy>0</posy>
                    <width>150</width>
                    <height>60</height>
                    <font>engsmall</font>
                    <align>left</align>
                    <aligny>center</aligny>
                    <label>$INFO[Player.Time(hh:mm:ss)]</label>
                </control>
                <control type="label" id="1">
                    <visible>VideoPlayer.Content(LiveTV)</visible>
                    <posx>0</posx>
                    <posy>0</posy>
                    <width>150</width>
                    <height>60</height>
                    <font>engsmall</font>
                    <align>left</align>
                    <aligny>center</aligny>
                    <label>$INFO[Player.StartTime(hh:mm)]</label>
                </control>
                <control type="progress" id="1">
                    <description>ProgressbarCache</description>
                    <posx>150</posx>
                    <posy>22</posy>
                    <width>1080</width>
                    <height>24</height>
                    <info>Player.ProgressCache</info>
                    <midtexture border="6,0,6,0">OSDProgressMidLight.png</midtexture>
                </control>
                <control type="progress" id="1">
                    <description>Progressbar</description>
                    <posx>150</posx>
                    <posy>22</posy>
                    <width>1080</width>
                    <height>24</height>
                    <info>Player.Progress</info>
                </control>
                <control type="label" id="1">
                    <visible>!VideoPlayer.Content(LiveTV)</visible>
                    <posx>1380</posx>
                    <posy>0</posy>
                    <width>150</width>
                    <height>60</height>
                    <font>engsmall</font>
                    <align>right</align>
                    <aligny>center</aligny>
                    <label>$INFO[Player.Duration(hh:mm:ss)]</label>
                </control>
                <control type="label" id="1">
                    <visible>VideoPlayer.Content(LiveTV)</visible>
                    <posx>1380</posx>
                    <posy>0</posy>
                    <width>150</width>
                    <height>60</height>
                    <font>engsmall</font>
                    <align>right</align>
                    <aligny>center</aligny>
                    <label>$INFO[Player.FinishTime(hh:mm)]</label>
                </control>
            </control>
        </control>
        <!-- codec info -->
        <control type="group" id="0">
            <posx>0</posx>
            <posy>30</posy>
            <animation effect="fade" time="200">VisibleChange</animation>
            <control type="image">
                <description>media info background image</description>
                <posx>0</posx>
                <posy>0</posy>
                <width>1920</width>
                <height>210</height>
                <texture>Black-back.png</texture>
            </control>
            <control type="label" id="10">
                <description>row 1 label</description>
                <posx>75</posx>
                <posy>15</posy>
                <width>1770</width>
                <height>45</height>
                <align>left</align>
                <aligny>center</aligny>
                <font>engsmall</font>
                <label>-</label>
            </control>
            <control type="label" id="11">
                <description>row 2 label</description>
                <posx>75</posx>
                <posy>60</posy>
                <width>1770</width>
                <height>45</height>
                <align>left</align>
                <aligny>center</aligny>
                <font>engsmall</font>
                <label>-</label>
            </control>
            <control type="label" id="12">
                <description>row 3 label</description>
                <posx>75</posx>
                <posy>128</posy>
                <width>1770</width>
                <height>45</height>
                <align>left</align>
                <aligny>center</aligny>
                <font>engsmall</font>
                <label>-</label>
            </control>
        </control>
        <control type="selectbutton" id="503">
            <posx>660</posx>
            <posy>150</posy>
            <width>600</width>
            <height>150</height>
            <font>engsmallcaps</font>
            <description>TV Channel Group Select Button</description>
            <texturebg border="20">OverlayDialogBackground.png</texturebg>
            <onleft>503</onleft>
            <onright>503</onright>
            <onup>500</onup>
            <ondown>500</ondown>
            <include>VisibleFadeEffect</include>
        </control>
        <control type="group">
            <visible>Player.ShowCodec + VideoPlayer.Content(LiveTV) + system.getbool(pvrplayback.signalquality)</visible>
            <posy>248</posy>
            <control type="image">
                <description>media info background image</description>
                <posx>0</posx>
                <posy>0</posy>
                <width>1920</width>
                <height>330</height>
                <texture>Black-back.png</texture>
            </control>
            <control type="label">
                <description>Header</description>
                <posx>75</posx>
                <posy>8</posy>
                <width>1800</width>
                <height>38</height>
                <label>$LOCALIZE[19005]</label>
                <align>left</align>
                <aligny>center</aligny>
                <font>engsmall</font>
                <textcolor>Blue</textcolor>
            </control>
            <control type="label">
                <description>Backend</description>
                <posx>75</posx>
                <posy>60</posy>
                <width>248</width>
                <height>38</height>
                <label>$LOCALIZE[19012]:</label>
                <align>left</align>
                <aligny>center</aligny>
                <font>engsmall</font>
                <textcolor>Grey2</textcolor>
            </control>
            <control type="label">
                <description>Backend value</description>
                <posx>330</posx>
                <posy>60</posy>
                <width>1500</width>
                <height>38</height>
                <label>$INFO[PVR.ActStreamClient]</label>
                <align>left</align>
                <aligny>center</aligny>
                <font>engsmall</font>
                <textcolor>White</textcolor>
            </control>
            <control type="label">
                <description>Device</description>
                <posx>75</posx>
                <posy>98</posy>
                <width>248</width>
                <height>38</height>
                <label>$LOCALIZE[19006]:</label>
                <align>left</align>
                <aligny>center</aligny>
                <font>engsmall</font>
                <textcolor>Grey2</textcolor>
            </control>
            <control type="label">
                <description>Device value</description>
                <posx>330</posx>
                <posy>98</posy>
                <width>1500</width>
                <height>38</height>
                <label>$INFO[PVR.ActStreamDevice]</label>
                <align>left</align>
                <aligny>center</aligny>
                <font>engsmall</font>
                <textcolor>White</textcolor>
            </control>
            <control type="label">
                <description>Status</description>
                <posx>75</posx>
                <posy>135</posy>
                <width>248</width>
                <height>38</height>
                <label>$LOCALIZE[19007]:</label>
                <align>left</align>
                <aligny>center</aligny>
                <font>engsmall</font>
                <textcolor>Grey2</textcolor>
            </control>
            <control type="label">
                <description>Status value</description>
                <posx>330</posx>
                <posy>135</posy>
                <width>1500</width>
                <height>38</height>
                <label>$INFO[PVR.ActStreamStatus]</label>
                <align>left</align>
                <aligny>center</aligny>
                <font>engsmall</font>
                <textcolor>White</textcolor>
            </control>
            <control type="label">
                <description>Signal</description>
                <posx>75</posx>
                <posy>172</posy>
                <width>248</width>
                <height>38</height>
                <label>$LOCALIZE[19008]:</label>
                <align>left</align>
                <aligny>center</aligny>
                <font>engsmall</font>
                <textcolor>Grey2</textcolor>
            </control>
            <control type="progress">
                <description>Progressbar</description>
                <posx>330</posx>
                <posy>183</posy>
                <width>1365</width>
                <height>21</height>
                <info>PVR.ActStreamProgrSignal</info>
            </control>
            <control type="label">
                <description>Signal value</description>
                <posx>1800</posx>
                <posy>172</posy>
                <width>270</width>
                <height>38</height>
                <label>$INFO[PVR.ActStreamSignal]</label>
                <align>left</align>
                <aligny>center</aligny>
                <font>engsmall</font>
                <textcolor>White</textcolor>
            </control>
            <control type="label">
                <description>SNR</description>
                <posx>75</posx>
                <posy>210</posy>
                <width>248</width>
                <height>38</height>
                <label>$LOCALIZE[19009]:</label>
                <align>left</align>
                <aligny>center</aligny>
                <font>engsmall</font>
                <textcolor>Grey2</textcolor>
            </control>
            <control type="progress">
                <description>Progressbar</description>
                <posx>330</posx>
                <posy>220</posy>
                <width>1365</width>
                <height>21</height>
                <overlaytexture>-</overlaytexture>
                <info>PVR.ActStreamProgrSNR</info>
            </control>
            <control type="label">
                <description>SNR value</description>
                <posx>1800</posx>
                <posy>210</posy>
                <width>270</width>
                <height>38</height>
                <label>$INFO[PVR.ActStreamSNR]</label>
                <align>left</align>
                <aligny>center</aligny>
                <font>engsmall</font>
                <textcolor>White</textcolor>
            </control>
            <control type="label">
                <description>BER</description>
                <posx>75</posx>
                <posy>248</posy>
                <width>248</width>
                <height>38</height>
                <label>$LOCALIZE[19010]:</label>
                <align>left</align>
                <aligny>center</aligny>
                <font>engsmall</font>
                <textcolor>Grey2</textcolor>
            </control>
            <control type="label">
                <description>BER value</description>
                <posx>330</posx>
                <posy>248</posy>
                <width>1500</width>
                <height>38</height>
                <label>$INFO[PVR.ActStreamBER]</label>
                <align>left</align>
                <aligny>center</aligny>
                <font>engsmall</font>
                <textcolor>White</textcolor>
            </control>
            <control type="label">
                <description>UNC</description>
                <posx>645</posx>
                <posy>248</posy>
                <width>248</width>
                <height>38</height>
                <label>$LOCALIZE[19011]:</label>
                <align>left</align>
                <aligny>center</aligny>
                <font>engsmall</font>
                <textcolor>Grey2</textcolor>
            </control>
            <control type="label">
                <description>UNC value</description>
                <posx>900</posx>
                <posy>248</posy>
                <width>1500</width>
                <height>38</height>
                <label>$INFO[PVR.ActStreamUNC]</label>
                <align>left</align>
                <aligny>center</aligny>
                <font>engsmall</font>
                <textcolor>White</textcolor>
            </control>
            <control type="label">
                <description>Encryption</description>
                <posx>75</posx>
                <posy>285</posy>
                <width>248</width>
                <height>38</height>
                <label>$LOCALIZE[19015]:</label>
                <align>left</align>
                <aligny>center</aligny>
                <font>engsmall</font>
                <textcolor>Grey2</textcolor>
            </control>
            <control type="label">
                <description>Encryption value</description>
                <posx>330</posx>
                <posy>285</posy>
                <width>1500</width>
                <height>38</height>
                <label>$INFO[PVR.ActStreamEncryptionName]</label>
                <align>left</align>
                <aligny>center</aligny>
                <font>engsmall</font>
                <textcolor>White</textcolor>
            </control>
        </control>
    </controls>
</window>