<window>
    <defaultcontrol always="true">2</defaultcontrol>
    <coordinates>
        <system>1</system>
        <posx>360</posx>
        <posy>90</posy>
    </coordinates>
    <include>dialogeffect</include>
    <controls>
        <control type="image">
            <description>background image</description>
            <posx>0</posx>
            <posy>0</posy>
            <width>1200</width>
            <height>900</height>
            <texture border="40">DialogBack2.png</texture>
        </control>
        <control type="image">
            <description>Dialog Header image</description>
            <posx>60</posx>
            <posy>24</posy>
            <width>1080</width>
            <height>60</height>
            <texture>dialogheader.png</texture>
        </control>
        <control type="label">
            <description>header label</description>
            <posx>60</posx>
            <posy>30</posy>
            <width>1080</width>
            <height>45</height>
            <font>engsmall</font>
            <label>$LOCALIZE[298]</label>
            <align>center</align>
            <aligny>center</aligny>
            <textcolor>selected</textcolor>
            <shadowcolor>Black</shadowcolor>
        </control>
        <control type="button">
            <description>Close Window button</description>
            <posx>1065</posx>
            <posy>22</posy>
            <width>96</width>
            <height>48</height>
            <label>-</label>
            <font>-</font>
            <onclick>PreviousMenu</onclick>
            <texturefocus>DialogCloseButton-focus.png</texturefocus>
            <texturenofocus>DialogCloseButton.png</texturenofocus>
            <onleft>3</onleft>
            <onright>3</onright>
            <onup>3</onup>
            <ondown>3</ondown>
            <visible>system.getbool(input.enablemouse)</visible>
        </control>
        <control type="label">
            <description>number of files/pages in list text label</description>
            <posx>1140</posx>
            <posy>742</posy>
            <width>450</width>
            <height>52</height>
            <font>engsmall</font>
            <align>right</align>
            <aligny>center</aligny>
            <scroll>true</scroll>
            <textcolor>Grey</textcolor>
            <label>([COLOR=Blue]$INFO[Container(11).NumItems][/COLOR]) $LOCALIZE[31025] - $LOCALIZE[31024] ([COLOR=Blue]$INFO[Container(11).CurrentPage]/$INFO[Container(11).NumPages][/COLOR])</label>
        </control>
        <control type="panel" id="11">
            <posx>60</posx>
            <posy>98</posy>
            <width>1080</width>
            <height>645</height>
            <onleft>2</onleft>
            <onright>3</onright>
            <ondown>2</ondown>
            <onup>2</onup>
            <scrolltime>200</scrolltime>
            <viewtype label="536">icon</viewtype>
            <pagecontrol>-</pagecontrol>
            <orientation>vertical</orientation>
            <itemlayout height="322" width="360">
                <control type="image">
                    <posx>3</posx>
                    <posy>3</posy>
                    <width>352</width>
                    <height>316</height>
                    <texture border="3">button-nofocus.png</texture>
                </control>
                <control type="image">
                    <posx>10</posx>
                    <posy>30</posy>
                    <width>330</width>
                    <height>225</height>
                    <aspectratio>scale</aspectratio>
                    <info>ListItem.Icon</info>
                </control>
                <control type="label">
                    <posx>168</posx>
                    <posy>278</posy>
                    <width>338</width>
                    <height>22</height>
                    <font>engsmall</font>
                    <selectedcolor>selected</selectedcolor>
                    <align>center</align>
                    <aligny>center</aligny>
                    <info>ListItem.Label</info>
                </control>
            </itemlayout>
            <focusedlayout height="322" width="360">
                <control type="image">
                    <posx>3</posx>
                    <posy>3</posy>
                    <width>352</width>
                    <height>316</height>
                    <texture border="3">folder-focus.png</texture>
                </control>
                <control type="image">
                    <posx>10</posx>
                    <posy>30</posy>
                    <width>330</width>
                    <height>225</height>
                    <aspectratio>scale</aspectratio>
                    <info>ListItem.Icon</info>
                </control>
                <control type="label">
                    <posx>168</posx>
                    <posy>278</posy>
                    <width>338</width>
                    <height>22</height>
                    <font>engsmall</font>
                    <selectedcolor>selected</selectedcolor>
                    <align>center</align>
                    <aligny>center</aligny>
                    <info>ListItem.Label</info>
                </control>
            </focusedlayout>
        </control>
        <control type="grouplist" id="9000">
            <posx>30</posx>
            <posy>802</posy>
            <width>1140</width>
            <height>60</height>
            <itemgap>8</itemgap>
            <align>center</align>
            <orientation>horizontal</orientation>
            <onleft>9000</onleft>
            <onright>9000</onright>
            <onup>11</onup>
            <ondown>11</ondown>
            <control type="button" id="2">
                <description>Create Bookmark button</description>
                <label>294</label>
                <width>360</width>
                <include>ButtonInfoDialogsCommonValues</include>
            </control>
            <control type="button" id="3">
                <description>Clear Bookmark button</description>
                <label>296</label>
                <width>360</width>
                <include>ButtonInfoDialogsCommonValues</include>
            </control>
            <control type="button" id="4">
                <description>Clear Bookmark button</description>
                <label>20406</label>
                <width>360</width>
                <include>ButtonInfoDialogsCommonValues</include>
                <visible>videoplayer.content(episodes)</visible>
            </control>
        </control>
    </controls>
</window>