<includes>
	<!-- View 50 -->
	<include name="View_50_List">
		<description>List View (id=50)</description>
		<control type="list" id="50">
			<!--include>opencloseslideright</include-->
			<visible>!Container.Content(movies)</visible>
			<posx>130</posx>
			<posy>340</posy>
			<width>750</width>
			<height>640</height>
			<onleft>9000</onleft>
			<onright>60</onright>
			<onup>50</onup>
			<ondown>50</ondown>
			<pagecontrol>60</pagecontrol>
			<viewtype label="535">list</viewtype>
			<scrolltime>200</scrolltime>
			<itemlayout width="550" height="69">
				<control type="label">
					<posx>40</posx>
					<width>680</width>
					<font>engmedium</font>
					<label>$INFO[ListItem.Label]$INFO[ListItem.Label2, - ]</label>
				</control>
			</itemlayout>
			<focusedlayout width="550" height="69">
				<control type="label">
					<posx>40</posx>
					<width>680</width>
					<font>engmediumbold</font>
					<textcolor>Orange</textcolor>
					<label>$INFO[ListItem.Label]$INFO[ListItem.Label2, - ]</label>
				</control>
				<!--control type="image">
					<posx>0</posx>
					<posy>43</posy>
					<width>40</width>
					<height>40</height>
					<texture border="5">other_textures/RadioButtonFO.png</texture>
				</control-->
			</focusedlayout>
		</control>
		<control type="image">
			<!--include>opencloseslideleft</include-->
			<visible>!Container.Content(movies)</visible>
			<posx>185</posx>
			<posy>20</posy>
			<width>190</width>
			<height>280</height>
			<fadetime>100</fadetime>
			<aspectratio align="center" aligny="center">keep</aspectratio>
			<texture>$INFO[ListItem.Icon]</texture>
			<bordertexture border="5">ThumbBorder.png</bordertexture>
			<bordersize>3</bordersize>
		</control>
	<!-- View 51 -->
		<control type="group">
			<visible>Container.Content(movies)+!Control.HasFocus(53)+!Control.HasFocus(52)</visible>
			<include>MovieDatabasePanels</include>
			<control type="image">
				<posx>650</posx>
				<posy>1000</posy>
				<width>30</width>
				<height>30</height>
				<texture>other_textures/RadioButtonFO.png</texture>
			</control>
			<include>MovieDatabaseInfos</include>
			<control type="wraplist" id="51">
				<include>opencloseslideleft</include>
				<posx>1330</posx>
				<posy>150</posy>
				<width>460</width>
				<height>700</height>
				<onleft>Container.PreviousViewMode</onleft>
				<onright>Container.NextViewMode</onright>
				<onup>51</onup>
				<ondown>51</ondown>
				<pagecontrol>60</pagecontrol>
				<viewtype label="535">list</viewtype>
				<itemlayout width="450" height="69">
				</itemlayout>
				<focusedlayout width="450" height="69">
				</focusedlayout>
			</control>
		</control>
	</include>
	<!-- View 52 -->
	<include name="View_52_List">
		<control type="group">
			<description>List View (id=52)</description>
			<visible>Container.Content(movies)+!Control.HasFocus(51)+!Control.HasFocus(53)</visible>
			<include>MovieDatabasePanels</include>
			<control type="image">
				<posx>690</posx>
				<posy>1000</posy>
				<width>30</width>
				<height>30</height>
				<texture>other_textures/RadioButtonFO.png</texture>
			</control>
			<include>MovieDatabaseInfos</include>
			<control type="list" id="52">
				<include>opencloseslideright</include>
				<posx>110</posx>
				<posy>170</posy>
				<width>620</width>
				<height>715</height>
				<onleft>Container.PreviousViewMode</onleft>
				<onright>Container.NextViewMode</onright>
				<onup>52</onup>
				<ondown>52</ondown>
				<pagecontrol>60</pagecontrol>
				<viewtype label="list2">list2</viewtype>
				<scrolltime>200</scrolltime>
				<itemlayout width="620" height="50">
					<control type="label">
						<posx>0</posx>
						<width>620</width>
						<label>$INFO[ListItem.Label]$INFO[ListItem.Label2, - ]</label>
					</control>
				</itemlayout>
				<focusedlayout width="620" height="50">
					<control type="label">
						<posx>0</posx>
						<width>620</width>
						<font>engmediumbold</font>
						<textcolor>Orange</textcolor>
						<label>$INFO[ListItem.Label]$INFO[ListItem.Label2, - ]</label>
					</control>
				</focusedlayout>
			</control>
		</control>
	</include>
	<!-- View 53 -->
	<include name="View_53_List">
		<control type="group">
			<description>List View (id=53)</description>
			<visible>Container.Content(movies)+!Control.HasFocus(52)+!Control.HasFocus(51)</visible>
			<include>MovieDatabasePanels</include>
			<control type="image">
				<posx>730</posx>
				<posy>1000</posy>
				<width>30</width>
				<height>30</height>
				<texture>other_textures/RadioButtonFO.png</texture>
			</control>
			<include>MovieDatabaseInfos</include>
			<control type="list" id="53">
				<include>opencloseslideright</include>
				<posx>110</posx>
				<posy>240</posy>
				<width>450</width>
				<height>640</height>
				<onleft>Container.PreviousViewMode</onleft>
				<onright>Container.NextViewMode</onright>
				<onup>53</onup>
				<ondown>53</ondown>
				<pagecontrol>60</pagecontrol>
				<viewtype label="list2">list</viewtype>
				<scrolltime>200</scrolltime>
				<itemlayout width="450" height="69">
				</itemlayout>
				<focusedlayout width="450" height="69">
				</focusedlayout>
			</control>
		</control>
	</include>
	<include name="MovieDatabaseInfos">
		<control type="group">
			<include>opencloseslideleft</include>
			<posx>1360</posx>
			<posy>120</posy>
			<control type="label">
				<posx>10</posx>
				<posy>75</posy>
				<height>40</height>
				<width>450</width>
				<textcolor>Orange</textcolor>
				<font>engmediumbold</font>
				<label>$INFO[ListItem.Label]</label>
			</control>
			<control type="label">
				<posx>10</posx>
				<posy>105</posy>
				<height>40</height>
				<width>450</width>
				<font>engsmall</font>
				<label>$INFO[ListItem.Year]$INFO[ListItem.Duration,[COLOR=Orange] - [/COLOR], $LOCALIZE[12391]]</label>
			</control>
			<control type="textbox">
				<posx>10</posx>
				<posy>175</posy>
				<height>525</height>
				<width>455</width>
				<font>engsmallbold</font>
				<label>$INFO[ListItem.Plot]</label>
				<align>justify</align>
			</control>
			<control type="label">
				<posx>10</posx>
				<posy>745</posy>
				<height>40</height>
				<width>450</width>
				<font>engsmall</font>
				<label>$LOCALIZE[563]:</label>
			</control>
			<control type="image">
				<posx>5</posx>
				<posy>795</posy>
				<height>35</height>
				<width>200</width>
				<texture>$INFO[ListItem.Rating,LeftRatingVideo\,.png]</texture>
			</control>
			<control type="label">
				<description>Page Count Label</description>
				<posx>75</posx>
				<posy>875</posy>
				<width>380</width>
				<height>20</height>
				<font>engsmallbold</font>
				<textcolor>Grey</textcolor>
				<scroll>false</scroll>
				<aligny>center</aligny>
				<label>$INFO[Container.NumItems,([COLOR=Orange],[/COLOR]) $LOCALIZE[31025]]$INFO[Container.CurrentPage, - $LOCALIZE[31024] ([COLOR=Orange]]$INFO[Container.NumPages,/,[/COLOR])]</label>
			</control>
		</control>
	</include>
	<include name="MovieDatabasePanels">
		<control type="group">
			<control type="image">
				<posx>40</posx>
				<posy>113</posy>
				<width>1329</width>
				<height>920</height>
				<texture background="true">movies/panelleft.png</texture>
			</control>
			<control type="image">
				<posx>1250</posx>
				<posy>10</posy>
				<width>675</width>
				<height>1060</height>
				<texture background="true">movies/panelright.png</texture>
			</control>
			<control type="image"> <!-- Fanart -->
				<visible>Control.HasFocus(51)</visible>
				<include>openclosevisible</include>
				<posx>90</posx>
				<posy>181</posy>
				<width>1200</width>
				<height>750</height>
				<fadetime>200</fadetime>
				<aspectratio align="center" aligny="center">scale</aspectratio>
				<texture border="5" fallback="DefaultVideoCover.png">$INFO[ListItem.Art(fanart)]</texture>
				<bordertexture border="5">ThumbBorder.png</bordertexture>
				<bordersize>3</bordersize>
			</control>
			<control type="group"> <!-- Background for EmptyFanart -->
				<visible>Control.HasFocus(52)|Control.HasFocus(53)|Window.IsVisible(2003)</visible>
				<control type="image">
					<include>openclosevisible</include>
					<posx>90</posx>
					<posy>181</posy>
					<width>1200</width>
					<height>750</height>
					<fadetime>200</fadetime>
					<texture border="5">ThumbBorder.png</texture>
				</control>
				<control type="image">
					<include>openclosevisible</include>
					<posx>92</posx>
					<posy>184</posy>
					<width>1195</width>
					<height>744</height>
					<fadetime>200</fadetime>
					<aspectratio align="center" aligny="center">scale</aspectratio>
					<texture border="5" diffuse="movies/panelleft.png">other_textures\White.png</texture>
					<colordiffuse>Grey</colordiffuse>
				</control>
			</control>
			<control type="group"> <!-- Fanart & Cover -->
				<visible>Control.HasFocus(52)</visible>
				
				<control type="image">
					<include>openclosevisible</include>
					<posx>720</posx>
					<posy>211</posy>
					<width>528</width>
					<height>682</height>
					<fadetime>200</fadetime>
					<aspectratio align="right" aligny="center">keep</aspectratio>
					<texture border="5">$INFO[ListItem.Icon]</texture>
					<bordertexture border="5">ThumbBorder.png</bordertexture>
					<bordersize>4</bordersize>
				</control>
			</control>
			<control type="group"> <!-- CoverFlow -->
				<visible>Control.HasFocus(53)</visible>
				<control type="image">
					<posx>0</posx>
					<posy>0</posy>
					<width>1280</width>
					<height>720</height>
					<visible>Control.IsVisible(53)</visible>
					<!--texture>Black-back.png</texture-->
					<include>Window_OpenClose_Animation</include>
				</control>
				<control type="image">
					<posx>0</posx>
					<posy>460</posy>
					<width>1280</width>
					<height>200</height>
					<visible>Control.IsVisible(53)</visible>
					<!--texture>White-reflect.png</texture-->
					<include>Window_OpenClose_Animation</include>
				</control>

				<control type="group" id="7001">
					<include>Window_OpenClose_Animation</include>
					<posy>330</posy>
					<visible>Control.IsVisible(53) + Container.OnNext</visible>
					<animation effect="slide" end="-100,0" time="25xxx0" reversible="false">Hidden</animation>
					<control type="group">
						<posx>20</posx>
						<visible>Container.OnNext</visible>
						<animation effect="fade" start="100" end="0" time="250" reversible="false">Hidden</animation>
						<animation effect="rotatey" center="0" start="-65" end="-65" time="0" condition="true">Conditional</animation>
						<control type="image">
							<posx>0</posx>
							<posy>0</posy>
							<width>360</width>
							<height>350</height>
							<info>Container(53).ListItem(-4).Icon</info>
							<texture diffuse="masks/music_mask.png" />
						</control>
						<control type="image">
							<posx>0</posx>
							<posy>350</posy>
							<width>360</width>
							<height>350</height>
							<texture flipy="true" diffuse="other_textures/WhiteShadow.png" /> 
							<info>Container(53).ListItem(-4).Icon</info>
						</control>
					</control>
					<control type="group">
						<posx>120</posx>
						<animation effect="rotatey" center="100" start="-65" end="-65" time="0" condition="true">Conditional</animation>
						<control type="image">
							<posx>0</posx>
							<posy>0</posy>
							<width>360</width>
							<height>350</height>
							<info>Container(53).ListItem(-3).Icon</info>
							<texture diffuse="masks/music_mask.png" />
						</control>
						<control type="image">
							<posx>0</posx>
							<posy>350</posy>
							<width>360</width>
							<height>350</height>
							<texture flipy="true" diffuse="other_textures/WhiteShadow.png" /> 
							<info>Container(53).ListItem(-3).Icon</info>
						</control>
					</control>
					<control type="group">
						<posx>220</posx>
						<animation effect="rotatey" center="200" start="-65" end="-65" time="0" condition="true">Conditional</animation>
						<control type="image">
							<posx>0</posx>
							<posy>0</posy>
							<width>360</width>
							<height>350</height>
							<info>Container(53).ListItem(-2).Icon</info>
							<texture diffuse="masks/music_mask.png" />
						</control>
						<control type="image">
							<posx>0</posx>
							<posy>350</posy>
							<width>360</width>
							<height>350</height>
							<texture flipy="true" diffuse="other_textures/WhiteShadow.png" /> 
							<info>Container(53).ListItem(-2).Icon</info>
						</control>
					</control>
					<control type="group">
						<posx>1000</posx>
						<visible>!Container.OnNext</visible>
						<animation effect="fade" start="0" end="100" delay="0" time="250" reversible="false">Visible</animation>
						<animation effect="rotatey" center="1380" start="65" end="65" time="0" condition="true">Conditional</animation>
						<control type="image">
							<posx>0</posx>
							<posy>0</posy>
							<width>360</width>
							<height>350</height>
							<info>Container(53).ListItem(3).Icon</info>
							<texture diffuse="masks/music_mask.png" />
						</control>
						<control type="image">
							<posx>0</posx>
							<posy>350</posy>
							<width>360</width>
							<height>350</height>
							<texture flipy="true" diffuse="other_textures/WhiteShadow.png" /> 
							<info>Container(53).ListItem(3).Icon</info>
						</control>
					</control>
					<control type="group">
						<posx>900</posx>
						<animation effect="rotatey" center="1280" start="65" end="65" time="0" condition="true">Conditional</animation>
						<control type="image">
							<posx>0</posx>
							<posy>0</posy>
							<width>360</width>
							<height>350</height>
							<info>Container(53).ListItem(2).Icon</info>
							<texture diffuse="masks/music_mask.png" />
						</control>
						<control type="image">
							<posx>0</posx>
							<posy>350</posy>
							<width>360</width>
							<height>350</height>
							<texture flipy="true" diffuse="other_textures/WhiteShadow.png" /> 
							<info>Container(53).ListItem(2).Icon</info>
						</control>
					</control>
					<control type="group">
						<posx>800</posx>
						<animation effect="rotatey" center="1180" start="65" end="65" time="0" condition="true">Conditional</animation>
						<control type="image">
							<posx>0</posx>
							<posy>0</posy>
							<width>360</width>
							<height>350</height>
							<info>Container(53).ListItem(1).Icon</info>
							<texture diffuse="masks/music_mask.png" />
						</control>
						<control type="image">
							<posx>0</posx>
							<posy>350</posy>
							<width>360</width>
							<height>350</height>
							<texture flipy="true" diffuse="other_textures/WhiteShadow.png" /> 
							<info>Container(53).ListItem(1).Icon</info>
						</control>
					</control>
					<control type="group">
						<visible>Container.OnNext</visible>
						<animation effect="slide" end="-120,0" time="250" reversible="false">Hidden</animation>
						<control type="group">
							<posx>700</posx>
							<visible>Container.OnNext</visible>
							<animation effect="rotatey" center="1080" start="0" end="-65" time="250" reversible="false" tween="quadratic" easing="in">Hidden</animation>
							<animation effect="rotatey" center="1080" start="65" end="65" time="0" condition="true">Conditional</animation>
							<control type="image">
								<posx>0</posx>
								<posy>0</posy>
								<width>300</width>
								<height>400</height>
								<info>Container(53).ListItem(0).Icon</info>
								<texture diffuse="masks/music_mask.png" />
							</control>
							<control type="image">
								<posx>0</posx>
								<posy>350</posy>
								<width>300</width>
								<height>400</height>
								<texture flipy="true" diffuse="other_textures/WhiteShadow.png" /> 
								<info>Container(53).ListItem(0).Icon</info>
							</control>
						</control>
						<control type="group">
							<posx>460</posx>
							<visible>Container.OnNext</visible>
							<animation effect="rotatey" center="450" start="0" end="-65" time="250" reversible="false" tween="quadratic" easing="out">Hidden</animation>
							<control type="image">
								<posx>0</posx>
								<posy>0</posy>
								<width>360</width>
								<height>350</height>
								<info>Container(53).ListItem(-1).Icon</info>
							<texture diffuse="masks/music_mask.png" />
							</control>
							<control type="image">
								<posx>0</posx>
								<posy>350</posy>
								<width>360</width>
								<height>350</height>
								<texture flipy="true" diffuse="other_textures/WhiteShadow.png" /> 
								<info>Container(53).ListItem(-1).Icon</info>
							</control>
						</control>
					</control>
				</control>

				<control type="group" id="7002">
					<include>Window_OpenClose_Animation</include>
					<posy>330</posy>
					<visible>Control.IsVisible(53) + Container.OnPrevious</visible>
					<animation effect="slide" end="100,0" time="250" reversible="false">Hidden</animation>
					<control type="group">
						<posx>900</posx>
						<visible>Container.OnPrevious</visible>
						<animation effect="fade" start="100" end="0" time="250" reversible="false">Hidden</animation>
						<animation effect="rotatey" center="1280" start="65" end="65" time="0" condition="true">Conditional</animation>
						<control type="image">
							<posx>0</posx>
							<posy>0</posy>
							<width>360</width>
							<height>350</height>
							<info>Container(53).ListItem(4).Icon</info>
							<texture diffuse="masks/music_mask.png" />
						</control>
						<control type="image">
							<posx>0</posx>
							<posy>350</posy>
							<width>360</width>
							<height>350</height>
							<texture flipy="true" diffuse="other_textures/WhiteShadow.png" /> 
							<info>Container(53).ListItem(4).Icon</info>
						</control>
					</control>
					<control type="group">
						<posx>800</posx>
						<animation effect="rotatey" center="1180" start="65" end="65" time="0" condition="true">Conditional</animation>
						<control type="image">
							<posx>0</posx>
							<posy>0</posy>
							<width>360</width>
							<height>350</height>
							<info>Container(53).ListItem(3).Icon</info>
							<texture diffuse="masks/music_mask.png" />
						</control>
						<control type="image">
							<posx>0</posx>
							<posy>350</posy>
							<width>360</width>
							<height>350</height>
							<texture flipy="true" diffuse="other_textures/WhiteShadow.png" /> 
							<info>Container(53).ListItem(3).Icon</info>
						</control>
					</control>
					<control type="group">
						<posx>700</posx>
						<animation effect="rotatey" center="1080" start="65" end="65" time="0" condition="true">Conditional</animation>
						<control type="image">
							<posx>0</posx>
							<posy>0</posy>
							<width>360</width>
							<height>350</height>
							<info>Container(53).ListItem(2).Icon</info>
							<texture diffuse="masks/music_mask.png" />
						</control>
						<control type="image">
							<posx>0</posx>
							<posy>350</posy>
							<width>360</width>
							<height>350</height>
							<texture flipy="true" diffuse="other_textures/WhiteShadow.png" /> 
							<info>Container(53).ListItem(2).Icon</info>
						</control>
					</control>
					<control type="group">
						<posx>-80</posx>
						<visible>!Container.OnPrevious</visible>
						<animation effect="fade" start="0" end="100" time="250" reversible="false">Visible</animation>
						<animation effect="rotatey" center="-100" start="-65" end="-65" time="0" condition="true">Conditional</animation>
						<control type="image">
							<posx>0</posx>
							<posy>0</posy>
							<width>360</width>
							<height>350</height>
							<info>Container(53).ListItem(-3).Icon</info>
							<texture diffuse="masks/music_mask.png" />
						</control>
						<control type="image">
							<posx>0</posx>
							<posy>350</posy>
							<width>360</width>
							<height>350</height>
							<texture flipy="true" diffuse="other_textures/WhiteShadow.png" /> 
							<info>Container(53).ListItem(-3).Icon</info>
						</control>
					</control>
					<control type="group">
						<posx>20</posx>
						<animation effect="rotatey" center="0" start="-65" end="-65" time="0" condition="true">Conditional</animation>
						<control type="image">
							<posx>0</posx>
							<posy>0</posy>
							<width>360</width>
							<height>350</height>
							<info>Container(53).ListItem(-2).Icon</info>
							<texture diffuse="masks/music_mask.png" />
						</control>
						<control type="image">
							<posx>0</posx>
							<posy>350</posy>
							<width>360</width>
							<height>350</height>
							<texture flipy="true" diffuse="other_textures/WhiteShadow.png" /> 
							<info>Container(53).ListItem(-2).Icon</info>
						</control>
					</control>
					<control type="group">
						<posx>120</posx>
						<animation effect="rotatey" center="100" start="-65" end="-65" time="0" condition="true">Conditional</animation>
						<control type="image">
							<posx>0</posx>
							<posy>0</posy>
							<width>360</width>
							<height>350</height>
							<info>Container(53).ListItem(-1).Icon</info>
							<texture diffuse="masks/music_mask.png" />
						</control>
						<control type="image">
							<posx>0</posx>
							<posy>350</posy>
							<width>360</width>
							<height>350</height>
							<texture flipy="true" diffuse="other_textures/WhiteShadow.png" /> 
							<info>Container(53).ListItem(-1).Icon</info>
						</control>
					</control>
					<control type="group">
						<visible>Container.OnPrevious</visible>
						<animation effect="slide" end="120,0" time="250" reversible="false">Hidden</animation>
						<control type="group">
							<posx>220</posx>
							<visible>Container.OnPrevious</visible>
							<animation effect="rotatey" center="200" start="0" end="65" time="250" reversible="false" tween="quadratic" easing="in">Hidden</animation>
							<animation effect="rotatey" center="200" start="-65" end="-65" time="0" condition="true">Conditional</animation>
							<control type="image">
								<posx>0</posx>
								<posy>0</posy>
								<width>300</width>
								<height>400</height>
								<info>Container(53).ListItem(0).Icon</info>
							<texture diffuse="masks/music_mask.png" />
							</control>
							<control type="image">
								<posx>0</posx>
								<posy>350</posy>
								<width>300</width>
								<height>400</height>
								<texture flipy="true" diffuse="other_textures/WhiteShadow.png" /> 
								<info>Container(53).ListItem(0).Icon</info>
							</control>
						</control>
						<control type="group">
							<posx>460</posx>
							<visible>Container.OnPrevious</visible>
							<animation effect="rotatey" center="840" start="0" end="65" time="250" reversible="false" tween="quadratic" easing="out">Hidden</animation>
							<control type="image">
								<posx>0</posx>
								<posy>0</posy>
								<width>360</width>
								<height>350</height>
								<info>Container(53).ListItem(1).Icon</info>
							<texture diffuse="masks/music_mask.png" />
							</control>
							<control type="image">
								<posx>0</posx>
								<posy>350</posy>
								<width>360</width>
								<height>350</height>
								<texture flipy="true" diffuse="other_textures/WhiteShadow.png" /> 
								<info>Container(53).ListItem(1).Icon</info>
							</control>
						</control>
					</control>
				</control>

				<control type="group" id="7000">
					<include>Window_OpenClose_Animation</include>
					<posy>330</posy>
					<visible>Control.IsVisible(53) + !Control.IsVisible(7001)  + !Control.IsVisible(7002)</visible>
					<control type="group">
						<posx>20</posx>
						<animation effect="rotatey" center="0" start="-65" end="-65" time="0" condition="true">Conditional</animation>
						<control type="image">
							<posx>0</posx>
							<posy>0</posy>
							<width>360</width>
							<height>350</height>
							<info>Container(53).ListItem(-3).Icon</info>
							<texture diffuse="masks/music_mask.png" />
						</control>
						<control type="image">
							<posx>0</posx>
							<posy>350</posy>
							<width>360</width>
							<height>350</height>
							<texture flipy="true" diffuse="other_textures/WhiteShadow.png" /> 
							<info>Container(53).ListItem(-3).Icon</info>
						</control>
					</control>
					<control type="group">
						<posx>120</posx>
						<animation effect="rotatey" center="100" start="-65" end="-65" time="0" condition="true">Conditional</animation>
						<control type="image">
							<posx>0</posx>
							<posy>0</posy>
							<width>360</width>
							<height>350</height>
							<info>Container(53).ListItem(-2).Icon</info>
							<texture diffuse="masks/music_mask.png" />
						</control>
						<control type="image">
							<posx>0</posx>
							<posy>350</posy>
							<width>360</width>
							<height>350</height>
							<texture flipy="true" diffuse="other_textures/WhiteShadow.png" /> 
							<info>Container(53).ListItem(-2).Icon</info>
						</control>
					</control>
					<control type="group">
						<posx>220</posx>
						<animation effect="rotatey" center="200" start="-65" end="-65" time="0" condition="true">Conditional</animation>
						<control type="image">
							<posx>0</posx>
							<posy>0</posy>
							<width>360</width>
							<height>350</height>
							<info>Container(53).ListItem(-1).Icon</info>
							<texture diffuse="masks/music_mask.png" />
						</control>
						<control type="image">
							<posx>0</posx>
							<posy>350</posy>
							<width>360</width>
							<height>350</height>
							<texture flipy="true" diffuse="other_textures/WhiteShadow.png" /> 
							<info>Container(53).ListItem(-1).Icon</info>
						</control>
					</control>
					<control type="group">
						<posx>900</posx>
						<animation effect="rotatey" center="1280" start="65" end="65" time="0" condition="true">Conditional</animation>
						<control type="image">
							<posx>0</posx>
							<posy>0</posy>
							<width>360</width>
							<height>350</height>
							<info>Container(53).ListItem(3).Icon</info>
							<texture diffuse="masks/music_mask.png" />
						</control>
						<control type="image">
							<posx>0</posx>
							<posy>350</posy>
							<width>360</width>
							<height>350</height>
							<texture flipy="true" diffuse="other_textures/WhiteShadow.png" /> 
							<info>Container(53).ListItem(3).Icon</info>
						</control>
					</control>
					<control type="group">
						<posx>800</posx>
						<animation effect="rotatey" center="1180" start="65" end="65" time="0" condition="true">Conditional</animation>
						<control type="image">
							<posx>0</posx>
							<posy>0</posy>
							<width>360</width>
							<height>350</height>
							<info>Container(53).ListItem(2).Icon</info>
							<texture diffuse="masks/music_mask.png" />
						</control>
						<control type="image">
							<posx>0</posx>
							<posy>350</posy>
							<width>360</width>
							<height>350</height>
							<texture flipy="true" diffuse="other_textures/WhiteShadow.png" /> 
							<info>Container(53).ListItem(2).Icon</info>
						</control>
					</control>
					<control type="group">
						<posx>700</posx>
						<animation effect="rotatey" center="1080" start="65" end="65" time="0" condition="true">Conditional</animation>
						<control type="image">
							<posx>0</posx>
							<posy>0</posy>
							<width>360</width>
							<height>350</height>
							<info>Container(53).ListItem(1).Icon</info>
							<texture diffuse="masks/music_mask.png" />
						</control>
						<control type="image">
							<posx>0</posx>
							<posy>350</posy>
							<width>360</width>
							<height>350</height>
							<texture flipy="true" diffuse="other_textures/WhiteShadow.png" /> 
							<info>Container(53).ListItem(1).Icon</info>
						</control>
					</control>
					<control type="group">
						<posx>460</posx>
						<control type="image">
							<posx>0</posx>
							<posy>0</posy>
							<width>300</width>
							<height>400</height>
							<info>Container(53).ListItem(0).Icon</info>
							<texture diffuse="masks/music_mask.png" />
							<visible>Control.HasFocus(53)</visible>
						</control>
						<control type="image">
							<posx>0</posx>
							<posy>350</posy>
							<width>300</width>
							<height>400</height>
							<texture flipy="true" diffuse="other_textures/WhiteShadow.png" /> 
							<info>Container(53).ListItem(0).Icon</info>
							<visible>Control.HasFocus(53)</visible>
						</control>
						<control type="image">
							<posx>0</posx>
							<posy>0</posy>
							<width>300</width>
							<height>400</height>
							<info>Container(53).ListItem(0).Icon</info>
							<texture diffuse="masks/music_mask.png" />
							<visible>!Control.HasFocus(53)</visible>
						</control>
						<control type="image">
							<posx>0</posx>
							<posy>350</posy>
							<width>300</width>
							<height>400</height>
							<texture flipy="true" diffuse="other_textures/WhiteShadow.png" /> 
							<info>Container(53).ListItem(0).Icon</info>
							<visible>!Control.HasFocus(53)</visible>
						</control>
					</control>
				</control>
			</control>
		</control>
		<control type="group"> <!-- RadioButtons -->
			<posx>650</posx>
			<posy>1000</posy>
			<control type="image">
				<posx>0</posx>
				<posy>0</posy>
				<width>30</width>
				<height>30</height>
				<colordiffuse>BBffffff</colordiffuse>
				<texture>other_textures/radiobuttonnf.png</texture>
			</control>
			<control type="image">
				<posx>40</posx>
				<posy>0</posy>
				<width>30</width>
				<height>30</height>
				<colordiffuse>BBffffff</colordiffuse>
				<texture>other_textures/radiobuttonnf.png</texture>
			</control>
			<control type="image">
				<posx>80</posx>
				<posy>0</posy>
				<width>30</width>
				<height>30</height>
				<colordiffuse>BBffffff</colordiffuse>
				<texture>other_textures/radiobuttonnf.png</texture>
			</control>
		</control>
	</include>
</includes>
