<includes>
	<!-- View 50 -->
	<include name="View_55_List">
		<description>List View (id=50)</description>
		<control type="list" id="55">
			<!--include>opencloseslideright</include-->
			<visible>!Container.Content(movies)</visible>
			<posx>130</posx>
			<posy>340</posy>
			<width>750</width>
			<height>640</height>
			<onleft>9000</onleft>
			<onright>60</onright>
			<onup>55</onup>
			<ondown>55</ondown>
			<pagecontrol>60</pagecontrol>
			<viewtype label="535">list</viewtype>
			<scrolltime>200</scrolltime>
			<itemlayout width="550" height="69">
				<control type="label">
					<posx>40</posx>
					<width>680</width>
					<font>engmedium</font>
					<label>$INFO[ListItem.Label]$INFO[ListItem.Label2, - ]</label>
				</control>
			</itemlayout>
			<focusedlayout width="550" height="69">
				<control type="label">
					<posx>40</posx>
					<width>680</width>
					<font>engmediumbold</font>
					<textcolor>Orange</textcolor>
					<label>$INFO[ListItem.Label]$INFO[ListItem.Label2, - ]</label>
				</control>
				<!--control type="image">
					<posx>0</posx>
					<posy>43</posy>
					<width>40</width>
					<height>40</height>
					<texture border="5">other_textures/RadioButtonFO.png</texture>
				</control-->
			</focusedlayout>
		</control>
		<control type="image">
			<!--include>opencloseslideleft</include-->
			<visible>!Container.Content(movies)</visible>
			<posx>185</posx>
			<posy>20</posy>
			<width>190</width>
			<height>280</height>
			<fadetime>100</fadetime>
			<aspectratio align="center" aligny="center">keep</aspectratio>
			<texture>$INFO[ListItem.Icon]</texture>
			<bordertexture border="5">ThumbBorder.png</bordertexture>
			<bordersize>3</bordersize>
		</control>
	
	</include>
</includes>
