<includes>
    <include name="PosterWrapView">
        <control type="grouplist">
            <visible>Control.IsVisible(501)</visible>
            <posx>90</posx>
            <posy>120</posy>
            <width>1740</width>
            <height>690</height>
            <onup>9000</onup>
            <ondown>61</ondown>
            <usecontrolcoords>true</usecontrolcoords>
            <include>VisibleFadeEffect</include>
            <control type="fixedlist" id="501">
                <visible>Container.Content(Movies) | Container.Content(Seasons) | Container.Content(TVShows) | Container.Content(Sets)</visible>
                <visible>!Container.Content(LiveTV)</visible>
                <posx>-274</posx>
                <posy>0</posy>
                <width>2289</width>
                <height>585</height>
                <onleft>501</onleft>
                <onright>501</onright>
                <onup>2</onup>
                <ondown>60</ondown>
                <viewtype label="31028">bigwrap</viewtype>
                <pagecontrol>60</pagecontrol>
                <scrolltime>200</scrolltime>
                <focusposition>3</focusposition>
                <orientation>horizontal</orientation>
                <preloaditems>4</preloaditems>
                <itemlayout height="465" width="327">
                    <control type="image">
                        <posx>3</posx>
                        <posy>60</posy>
                        <width>321</width>
                        <height>465</height>
                        <aspectratio>stretch</aspectratio>
                        <bordertexture border="5">button-nofocus.png</bordertexture>
                        <bordersize>4</bordersize>
                        <texture background="true">$VAR[PosterThumb]</texture>
                    </control>
                </itemlayout>
                <focusedlayout height="465" width="327">
                    <control type="image">
                        <posx>-3</posx>
                        <posy>54</posy>
                        <width>333</width>
                        <height>477</height>
                        <aspectratio>stretch</aspectratio>
                        <bordertexture border="8">ThumbBorder.png</bordertexture>
                        <bordersize>8</bordersize>
                        <texture background="true">$VAR[PosterThumb]</texture>
                        <animation reversible="false" effect="zoom" start="-3,54,333,477" end="-42,0,426,585" time="200">focus</animation>
                        <animation reversible="false" effect="zoom" end="-3,54,333,477" start="-42,0,426,585" time="200">unfocus</animation>
                    </control>
                    <control type="image">
                        <posx>9</posx>
                        <posy>66</posy>
                        <width>255</width>
                        <height>270</height>
                        <aspectratio>stretch</aspectratio>
                        <texture>GlassOverlay.png</texture>
                        <animation reversible="false" effect="zoom" start="9,66,255,270" end="-36,6,360,375" time="200">focus</animation>
                        <animation reversible="false" effect="zoom" end="9,66,255,270" start="-36,6,360,375" time="200">unfocus</animation>
                    </control>
                    <control type="image">
                        <posx>278</posx>
                        <posy>465</posy>
                        <width>52</width>
                        <height>52</height>
                        <aspectratio>keep</aspectratio>
                        <texture>$INFO[ListItem.Overlay]</texture>
                        <animation type="focus">
                            <effect type="fade" start="0" end="100" time="200" />
                            <effect type="slide" start="0,0" end="90,90" time="200" />
                        </animation>
                        <animation type="unfocus">
                            <effect type="fade" start="100" end="0" time="200" />
                            <effect type="slide" end="0,0" start="60,60" time="200" />
                        </animation>
                    </control>
                </focusedlayout>
            </control>
            <control type="scrollbar" id="60">
                <posx>210</posx>
                <posy>0</posy>
                <width>1320</width>
                <height>38</height>
                <texturesliderbackground border="14,0,14,0">ScrollBarH.png</texturesliderbackground>
                <texturesliderbar border="14,0,14,0">ScrollBarH_bar.png</texturesliderbar>
                <texturesliderbarfocus border="14,0,14,0">ScrollBarH_bar_focus.png</texturesliderbarfocus>
                <textureslidernib>ScrollBarNib.png</textureslidernib>
                <textureslidernibfocus>ScrollBarNib.png</textureslidernibfocus>
                <onup>501</onup>
                <ondown>9000</ondown>
                <showonepage>false</showonepage>
                <orientation>horizontal</orientation>
                <visible>Control.IsVisible(501)</visible>
            </control>
        </control>
        <control type="group">
            <visible>Control.IsVisible(501)</visible>
            <control type="image">
                <posx>84</posx>
                <posy>180</posy>
                <width>192</width>
                <height>465</height>
                <texture>SideFade.png</texture>
            </control>
            <control type="image">
                <posx>1641</posx>
                <posy>180</posy>
                <width>192</width>
                <height>465</height>
                <texture flipx="true">SideFade.png</texture>
            </control>
        </control>
        <control type="group">
            <visible>Control.IsVisible(501) + [Container.Content(Movies) | Container.Content(Sets)]</visible>
            <control type="label">
                <posx>45</posx>
                <posy>750</posy>
                <width>1830</width>
                <height>52</height>
                <font>font28_title</font>
                <textcolor>Blue</textcolor>
                <shadowcolor>Black</shadowcolor>
                <scroll>true</scroll>
                <align>center</align>
                <aligny>center</aligny>
                <label>$INFO[ListItem.Label]</label>
            </control>
            <control type="label">
                <posx>0</posx>
                <posy>810</posy>
                <width>1920</width>
                <height>52</height>
                <font>engsmall</font>
                <textcolor>White</textcolor>
                <shadowcolor>Black</shadowcolor>
                <scroll>true</scroll>
                <align>center</align>
                <aligny>center</aligny>
                <label>$INFO[ListItem.Year]</label>
            </control>
            <control type="label">
                <posx>0</posx>
                <posy>870</posy>
                <width>1920</width>
                <height>30</height>
                <font>engsmall</font>
                <textcolor>White</textcolor>
                <shadowcolor>Black</shadowcolor>
                <scroll>true</scroll>
                <align>center</align>
                <aligny>center</aligny>
                <label>$INFO[ListItem.Duration,$LOCALIZE[2050] , $LOCALIZE[12391]]</label>
            </control>
            <control type="grouplist">
                <description>Media Codec Flagging Images</description>
                <posx>0</posx>
                <posy>915</posy>
                <width>1920</width>
                <align>center</align>
                <itemgap>3</itemgap>
                <orientation>horizontal</orientation>
                <include>VideoCodecFlaggingConditions</include>
                <include>AudioCodecFlaggingConditions</include>
                <include>AudioChannelsFlaggingConditions</include>
                <include>AspectCodecFlaggingConditions</include>
                <include>VideoTypeHackFlaggingConditions</include>
            </control>
        </control>
        <control type="group">
            <visible>Control.IsVisible(501) + Container.Content(Seasons)</visible>
            <control type="label">
                <posx>45</posx>
                <posy>750</posy>
                <width>1830</width>
                <height>52</height>
                <font>font28_title</font>
                <textcolor>Blue</textcolor>
                <scroll>true</scroll>
                <align>center</align>
                <aligny>center</aligny>
                <label>$INFO[ListItem.Label]</label>
            </control>
            <control type="label">
                <posx>0</posx>
                <posy>810</posy>
                <width>1920</width>
                <height>52</height>
                <font>engsmall</font>
                <textcolor>White</textcolor>
                <scroll>true</scroll>
                <align>center</align>
                <aligny>center</aligny>
                <label>$INFO[ListItem.TVShowTitle]</label>
            </control>
            <control type="label">
                <posx>0</posx>
                <posy>862</posy>
                <width>1920</width>
                <height>52</height>
                <font>engsmall</font>
                <textcolor>White</textcolor>
                <scroll>true</scroll>
                <align>center</align>
                <aligny>center</aligny>
                <label>$INFO[ListItem.Episode,, $LOCALIZE[20453]]</label>
            </control>
            <control type="label">
                <posx>0</posx>
                <posy>908</posy>
                <width>1920</width>
                <height>52</height>
                <font>engsmall</font>
                <textcolor>White</textcolor>
                <scroll>true</scroll>
                <align>center</align>
                <aligny>center</aligny>
                <label>($INFO[ListItem.Property(WatchedEpisodes),, $LOCALIZE[16102]] - $INFO[ListItem.Property(UnWatchedEpisodes), , $LOCALIZE[16101]])</label>
            </control>
        </control>
        <control type="group">
            <visible>Control.IsVisible(501) + Container.Content(TVShows)</visible>
            <control type="label">
                <posx>45</posx>
                <posy>750</posy>
                <width>1830</width>
                <height>52</height>
                <font>font28_title</font>
                <textcolor>Blue</textcolor>
                <scroll>true</scroll>
                <align>center</align>
                <aligny>center</aligny>
                <label>$INFO[ListItem.Label]</label>
            </control>
            <control type="label">
                <posx>0</posx>
                <posy>810</posy>
                <width>1920</width>
                <height>52</height>
                <font>engsmall</font>
                <textcolor>White</textcolor>
                <scroll>true</scroll>
                <align>center</align>
                <aligny>center</aligny>
                <label>$INFO[ListItem.Genre]</label>
            </control>
            <control type="label">
                <posx>0</posx>
                <posy>862</posy>
                <width>1920</width>
                <height>52</height>
                <font>engsmall</font>
                <textcolor>White</textcolor>
                <scroll>true</scroll>
                <align>center</align>
                <aligny>center</aligny>
                <label>$INFO[ListItem.Episode,, $LOCALIZE[20453]]</label>
            </control>
            <control type="label">
                <posx>0</posx>
                <posy>908</posy>
                <width>1920</width>
                <height>52</height>
                <font>engsmall</font>
                <textcolor>White</textcolor>
                <scroll>true</scroll>
                <align>center</align>
                <aligny>center</aligny>
                <label>($INFO[ListItem.Property(WatchedEpisodes),, $LOCALIZE[16102]] - $INFO[ListItem.Property(UnWatchedEpisodes), , $LOCALIZE[16101]])</label>
            </control>
        </control>
    </include>
    <include name="PosterWrapView2_Fanart">
        <control type="group">
            <posx>0</posx>
            <posy>525</posy>
            <visible>Control.IsVisible(508) + [[ListItem.IsFolder + Container.Content(Movies)] | Skin.HasSetting(View508HideInfo) | Container.Content(Sets)]</visible>
            <include>VisibleFadeEffect</include>
            <control type="image">
                <posx>0</posx>
                <posy>0</posy>
                <width>1920</width>
                <height>405</height>
                <texture>HomeNowPlayingBack.png</texture>
            </control>
            <control type="label">
                <posx>60</posx>
                <posy>105</posy>
                <width>1800</width>
                <height>30</height>
                <font>engsmall</font>
                <textcolor>White</textcolor>
                <shadowcolor>Black</shadowcolor>
                <scroll>true</scroll>
                <align>center</align>
                <aligny>center</aligny>
                <label>$INFO[ListItem.Label]</label>
                <animation effect="slide" start="0,0" end="0,57" time="200" condition="!Control.HasFocus(508)">conditional</animation>
            </control>
        </control>
        <control type="group">
            <visible>Control.IsVisible(508)</visible>
            <include>VisibleFadeEffect</include>
            <posx>0</posx>
            <posy>690</posy>
            <control type="fixedlist" id="508">
                <visible>Container.Content(Movies) | Container.Content(TVShows) | Container.Content(Sets)</visible>
                <hitrect x="0" y="-15" w="1920" h="285" />
                <posx>-30</posx>
                <posy>0</posy>
                <width>1980</width>
                <height>375</height>
                <onleft>508</onleft>
                <onright>508</onright>
                <onup>2</onup>
                <ondown>60</ondown>
                <viewtype label="31029">wrap</viewtype>
                <pagecontrol>60</pagecontrol>
                <scrolltime>200</scrolltime>
                <focusposition>5</focusposition>
                <movement>3</movement>
                <orientation>horizontal</orientation>
                <preloaditems>4</preloaditems>
                <itemlayout height="300" width="180">
                    <control type="image">
                        <posx>3</posx>
                        <posy>30</posy>
                        <width>180</width>
                        <height>240</height>
                        <aspectratio>stretch</aspectratio>
                        <bordertexture border="5">button-nofocus.png</bordertexture>
                        <bordersize>4</bordersize>
                        <fadetime>200</fadetime>
                        <texture background="true">$VAR[PosterThumb]</texture>
                    </control>
                    <control type="image">
                        <posx>9</posx>
                        <posy>36</posy>
                        <width>168</width>
                        <height>228</height>
                        <aspectratio>stretch</aspectratio>
                        <texture>Black-back.png</texture>
                        <colordiffuse>AAFFFFFF</colordiffuse>
                    </control>
                    <control type="image">
                        <posx>3</posx>
                        <posy>270</posy>
                        <width>180</width>
                        <height>240</height>
                        <aspectratio>stretch</aspectratio>
                        <bordertexture border="5" diffuse="diffuse_mirror2.png">button-nofocus.png</bordertexture>
                        <bordersize>4</bordersize>
                        <fadetime>200</fadetime>
                        <texture background="true" flipy="true" diffuse="diffuse_mirror2.png">$VAR[PosterThumb]</texture>
                    </control>
                </itemlayout>
                <focusedlayout height="465" width="180">
                    <control type="image">
                        <posx>-3</posx>
                        <posy>24</posy>
                        <width>192</width>
                        <height>252</height>
                        <aspectratio>stretch</aspectratio>
                        <bordertexture border="8">ThumbBorder.png</bordertexture>
                        <bordersize>8</bordersize>
                        <fadetime>200</fadetime>
                        <texture background="true">$VAR[PosterThumb]</texture>
                        <animation reversible="false" effect="zoom" start="-3,24,192,252" end="-18,-15,222,297" time="200">focus</animation>
                        <animation reversible="false" effect="zoom" end="-3,24,192,252" start="-18,-15,222,297" time="200">unfocus</animation>
                    </control>
                    <control type="image">
                        <posx>3</posx>
                        <posy>270</posy>
                        <width>180</width>
                        <height>240</height>
                        <aspectratio>stretch</aspectratio>
                        <bordertexture border="5" diffuse="diffuse_mirror2.png">button-nofocus.png</bordertexture>
                        <bordersize>4</bordersize>
                        <fadetime>200</fadetime>
                        <texture background="true" flipy="true" diffuse="diffuse_mirror2.png">$VAR[PosterThumb]</texture>
                    </control>
                    <control type="image">
                        <posx>135</posx>
                        <posy>225</posy>
                        <width>52</width>
                        <height>52</height>
                        <aspectratio>keep</aspectratio>
                        <texture>$INFO[ListItem.Overlay]</texture>
                        <animation type="focus">
                            <effect type="fade" start="0" end="100" time="200" />
                            <effect type="slide" start="0,0" end="22,12" time="200" />
                        </animation>
                        <animation type="unfocus">
                            <effect type="fade" start="100" end="0" time="200" />
                            <effect type="slide" end="0,0" start="15,8" time="200" />
                        </animation>
                    </control>
                </focusedlayout>
            </control>
            <control type="scrollbar" id="60">
                <posx>465</posx>
                <posy>278</posy>
                <width>990</width>
                <height>38</height>
                <texturesliderbackground border="14,0,14,0">ScrollBarH.png</texturesliderbackground>
                <texturesliderbar border="14,0,14,0">ScrollBarH_bar.png</texturesliderbar>
                <texturesliderbarfocus border="14,0,14,0">ScrollBarH_bar_focus.png</texturesliderbarfocus>
                <textureslidernib>ScrollBarNib.png</textureslidernib>
                <textureslidernibfocus>ScrollBarNib.png</textureslidernibfocus>
                <onup>508</onup>
                <ondown>2</ondown>
                <showonepage>false</showonepage>
                <orientation>horizontal</orientation>
                <visible>Control.IsVisible(508)</visible>
            </control>
        </control>
        <control type="group">
            <posx>270</posx>
            <posy>60</posy>
            <visible>Control.IsVisible(508) + ![ListItem.IsFolder + Container.Content(Movies)] + !Skin.HasSetting(View508HideInfo) + !Container.Content(Sets)</visible>
            <include>VisibleFadeEffect</include>
            <control type="image">
                <posx>0</posx>
                <posy>0</posy>
                <width>1380</width>
                <height>615</height>
                <texture border="20">ContentPanel.png</texture>
            </control>
            <control type="label">
                <posx>60</posx>
                <posy>30</posy>
                <width>1260</width>
                <height>30</height>
                <font>engsmall</font>
                <textcolor>Blue</textcolor>
                <shadowcolor>Black</shadowcolor>
                <scroll>true</scroll>
                <align>center</align>
                <aligny>center</aligny>
                <label>$INFO[ListItem.Label]</label>
            </control>
            <control type="group">
                <posx>60</posx>
                <posy>75</posy>
                <visible>Container.Content(Movies)</visible>
                <control type="label">
                    <posx>0</posx>
                    <posy>0</posy>
                    <width>600</width>
                    <height>45</height>
                    <font>engsmall</font>
                    <textcolor>White</textcolor>
                    <shadowcolor>Black</shadowcolor>
                    <scroll>true</scroll>
                    <align>left</align>
                    <aligny>center</aligny>
                    <label>31308</label>
                </control>
                <control type="fadelabel">
                    <posx>0</posx>
                    <posy>45</posy>
                    <width>600</width>
                    <height>45</height>
                    <font>engsmall</font>
                    <textcolor>White</textcolor>
                    <shadowcolor>Black</shadowcolor>
                    <scroll>true</scroll>
                    <align>left</align>
                    <aligny>center</aligny>
                    <label>$INFO[ListItem.Genre]</label>
                    <scrollout>false</scrollout>
                    <pauseatend>2000</pauseatend>
                </control>
                <control type="fadelabel">
                    <posx>0</posx>
                    <posy>82</posy>
                    <width>600</width>
                    <height>45</height>
                    <font>engsmall</font>
                    <textcolor>White</textcolor>
                    <shadowcolor>Black</shadowcolor>
                    <scroll>true</scroll>
                    <align>left</align>
                    <aligny>center</aligny>
                    <label>$INFO[ListItem.Year]</label>
                    <scrollout>false</scrollout>
                    <pauseatend>2000</pauseatend>
                </control>
                <control type="fadelabel">
                    <posx>0</posx>
                    <posy>120</posy>
                    <width>600</width>
                    <height>45</height>
                    <font>engsmall</font>
                    <textcolor>White</textcolor>
                    <shadowcolor>Black</shadowcolor>
                    <scroll>true</scroll>
                    <align>left</align>
                    <aligny>center</aligny>
                    <label>$INFO[ListItem.Duration,, $LOCALIZE[12391]]</label>
                    <scrollout>false</scrollout>
                    <pauseatend>2000</pauseatend>
                </control>
                <control type="fadelabel">
                    <posx>0</posx>
                    <posy>158</posy>
                    <width>600</width>
                    <height>45</height>
                    <font>engsmall</font>
                    <textcolor>White</textcolor>
                    <shadowcolor>Black</shadowcolor>
                    <scroll>true</scroll>
                    <align>left</align>
                    <aligny>center</aligny>
                    <label>$LOCALIZE[563] : $INFO[ListItem.RatingAndVotes]</label>
                    <scrollout>false</scrollout>
                    <pauseatend>2000</pauseatend>
                </control>
            </control>
            <control type="group">
                <posx>720</posx>
                <posy>75</posy>
                <visible>Container.Content(Movies)</visible>
                <control type="label">
                    <posx>0</posx>
                    <posy>0</posy>
                    <width>600</width>
                    <height>45</height>
                    <font>engsmall</font>
                    <textcolor>White</textcolor>
                    <shadowcolor>Black</shadowcolor>
                    <scroll>true</scroll>
                    <align>left</align>
                    <aligny>center</aligny>
                    <label>20339</label>
                </control>
                <control type="label">
                    <posx>0</posx>
                    <posy>45</posy>
                    <width>600</width>
                    <height>45</height>
                    <font>engsmall</font>
                    <textcolor>White</textcolor>
                    <shadowcolor>Black</shadowcolor>
                    <scroll>true</scroll>
                    <align>left</align>
                    <aligny>center</aligny>
                    <label>$INFO[ListItem.Director]</label>
                </control>
                <control type="label">
                    <posx>0</posx>
                    <posy>112</posy>
                    <width>600</width>
                    <height>45</height>
                    <font>engsmall</font>
                    <textcolor>White</textcolor>
                    <shadowcolor>Black</shadowcolor>
                    <scroll>true</scroll>
                    <align>left</align>
                    <aligny>center</aligny>
                    <label>20417</label>
                </control>
                <control type="label">
                    <posx>0</posx>
                    <posy>158</posy>
                    <width>600</width>
                    <height>45</height>
                    <font>engsmall</font>
                    <textcolor>White</textcolor>
                    <shadowcolor>Black</shadowcolor>
                    <scroll>true</scroll>
                    <align>left</align>
                    <aligny>top</aligny>
                    <label>$INFO[ListItem.Writer]</label>
                </control>
            </control>
            <control type="group">
                <posx>60</posx>
                <posy>75</posy>
                <visible>Container.Content(TVShows)</visible>
                <control type="label">
                    <posx>0</posx>
                    <posy>0</posy>
                    <width>600</width>
                    <height>45</height>
                    <font>engsmall</font>
                    <textcolor>White</textcolor>
                    <shadowcolor>Black</shadowcolor>
                    <scroll>true</scroll>
                    <align>left</align>
                    <aligny>center</aligny>
                    <label>20351</label>
                </control>
                <control type="fadelabel">
                    <posx>0</posx>
                    <posy>45</posy>
                    <width>600</width>
                    <height>45</height>
                    <font>engsmall</font>
                    <textcolor>White</textcolor>
                    <shadowcolor>Black</shadowcolor>
                    <scroll>true</scroll>
                    <align>left</align>
                    <aligny>center</aligny>
                    <label>$INFO[ListItem.Genre]</label>
                    <scrollout>false</scrollout>
                    <pauseatend>2000</pauseatend>
                </control>
                <control type="fadelabel">
                    <posx>0</posx>
                    <posy>82</posy>
                    <width>600</width>
                    <height>45</height>
                    <font>engsmall</font>
                    <textcolor>White</textcolor>
                    <shadowcolor>Black</shadowcolor>
                    <scroll>true</scroll>
                    <align>left</align>
                    <aligny>center</aligny>
                    <label>$INFO[ListItem.Year]</label>
                    <scrollout>false</scrollout>
                    <pauseatend>2000</pauseatend>
                </control>
                <control type="fadelabel">
                    <posx>0</posx>
                    <posy>120</posy>
                    <width>600</width>
                    <height>45</height>
                    <font>engsmall</font>
                    <textcolor>White</textcolor>
                    <shadowcolor>Black</shadowcolor>
                    <scroll>true</scroll>
                    <align>left</align>
                    <aligny>center</aligny>
                    <label>$LOCALIZE[563] : $INFO[ListItem.RatingAndVotes]</label>
                    <scrollout>false</scrollout>
                    <pauseatend>2000</pauseatend>
                </control>
            </control>
            <control type="group">
                <posx>720</posx>
                <posy>75</posy>
                <visible>Container.Content(TVShows)</visible>
                <control type="label">
                    <posx>0</posx>
                    <posy>0</posy>
                    <width>600</width>
                    <height>45</height>
                    <font>engsmall</font>
                    <textcolor>White</textcolor>
                    <shadowcolor>Black</shadowcolor>
                    <scroll>true</scroll>
                    <align>left</align>
                    <aligny>center</aligny>
                    <label>20360</label>
                </control>
                <control type="label">
                    <posx>0</posx>
                    <posy>45</posy>
                    <width>600</width>
                    <height>45</height>
                    <font>engsmall</font>
                    <textcolor>White</textcolor>
                    <shadowcolor>Black</shadowcolor>
                    <scroll>true</scroll>
                    <align>left</align>
                    <aligny>center</aligny>
                    <label>$LOCALIZE[20161] : $INFO[ListItem.Episode]</label>
                </control>
                <control type="label">
                    <posx>0</posx>
                    <posy>82</posy>
                    <width>600</width>
                    <height>45</height>
                    <font>engsmall</font>
                    <textcolor>White</textcolor>
                    <shadowcolor>Black</shadowcolor>
                    <scroll>true</scroll>
                    <align>left</align>
                    <aligny>center</aligny>
                    <label>$LOCALIZE[16102] : $INFO[ListItem.Property(WatchedEpisodes)]</label>
                </control>
                <control type="label">
                    <posx>0</posx>
                    <posy>120</posy>
                    <width>600</width>
                    <height>45</height>
                    <font>engsmall</font>
                    <textcolor>White</textcolor>
                    <shadowcolor>Black</shadowcolor>
                    <scroll>true</scroll>
                    <align>left</align>
                    <aligny>center</aligny>
                    <label>$LOCALIZE[16101] : $INFO[ListItem.Property(UnWatchedEpisodes)]</label>
                </control>
            </control>
            <control type="group">
                <posx>60</posx>
                <posy>300</posy>
                <control type="label">
                    <posx>0</posx>
                    <posy>0</posy>
                    <width>600</width>
                    <height>45</height>
                    <font>engsmall</font>
                    <textcolor>White</textcolor>
                    <shadowcolor>Black</shadowcolor>
                    <scroll>true</scroll>
                    <align>left</align>
                    <aligny>center</aligny>
                    <label>207</label>
                </control>
                <control type="textbox">
                    <description>Description Value The Movie</description>
                    <posx>0</posx>
                    <posy>45</posy>
                    <width>1275</width>
                    <height>180</height>
                    <font>engsmall</font>
                    <align>justify</align>
                    <textcolor>White</textcolor>
                    <label>$INFO[ListItem.Plot]</label>
                    <autoscroll time="2000" delay="3000" repeat="5000">Skin.HasSetting(AutoScroll)</autoscroll>
                </control>
            </control>
            <control type="grouplist">
                <description>Media Codec Flagging Images</description>
                <posx>45</posx>
                <posy>540</posy>
                <width>1200</width>
                <align>left</align>
                <itemgap>3</itemgap>
                <orientation>horizontal</orientation>
                <include>VideoCodecFlaggingConditions</include>
                <include>AudioCodecFlaggingConditions</include>
                <include>AudioChannelsFlaggingConditions</include>
                <include>AspectCodecFlaggingConditions</include>
                <include>VideoTypeHackFlaggingConditions</include>
            </control>
            <control type="grouplist">
                <description>MPAA Rating Flagging Images</description>
                <posx>142</posx>
                <posy>540</posy>
                <width>1200</width>
                <align>right</align>
                <itemgap>0</itemgap>
                <orientation>horizontal</orientation>
                <include>VideoMPAAFlaggingConditions</include>
            </control>
        </control>
    </include>
    <include name="MediaListView3">
        <control type="group">
            <visible>Control.IsVisible(503)</visible>
            <include>VisibleFadeEffect</include>
            <control type="list" id="503">
                <posx>105</posx>
                <posy>368</posy>
                <width>870</width>
                <height>602</height>
                <onleft>2</onleft>
                <onright>60</onright>
                <onup>503</onup>
                <ondown>503</ondown>
                <viewtype label="$LOCALIZE[544] 2">list</viewtype>
                <pagecontrol>60</pagecontrol>
                <scrolltime>200</scrolltime>
                <visible>Container.Content(TVShows) | Container.Content(Seasons) | Container.Content(Episodes) | Container.Content(Movies)</visible>
                <itemlayout height="60" width="870">
                    <control type="image">
                        <posx>0</posx>
                        <posy>0</posy>
                        <width>870</width>
                        <height>62</height>
                        <texture border="0,2,0,2">MenuItemNF.png</texture>
                    </control>
                    <control type="label">
                        <posx>15</posx>
                        <posy>0</posy>
                        <width>780</width>
                        <height>60</height>
                        <font>engsmall</font>
                        <textcolor>Grey2</textcolor>
                        <selectedcolor>selected</selectedcolor>
                        <align>left</align>
                        <aligny>center</aligny>
                        <label>$INFO[ListItem.Label]</label>
                    </control>
                    <control type="label">
                        <posx>765</posx>
                        <posy>0</posy>
                        <width>750</width>
                        <height>60</height>
                        <font>engsmall</font>
                        <textcolor>Grey2</textcolor>
                        <selectedcolor>selected</selectedcolor>
                        <align>right</align>
                        <aligny>center</aligny>
                        <label>$INFO[ListItem.Label2]</label>
                        <visible>Window.IsVisible(Videos)</visible>
                        <animation effect="slide" start="0,0" end="90,0" delay="0" time="0" condition="![Container.Content(Movies) | Container.Content(Episodes) | Container.Content(MusicVideos)]">conditional</animation>
                    </control>
                    <control type="image">
                        <posx>772</posx>
                        <posy>12</posy>
                        <width>60</width>
                        <height>39</height>
                        <texture>$INFO[ListItem.VideoResolution,flagging/lists/,.png]</texture>
                        <visible>Window.IsVisible(Videos) + [Container.Content(Movies) | Container.Content(Episodes) | Container.Content(MusicVideos)]</visible>
                    </control>
                    <control type="image">
                        <posx>832</posx>
                        <posy>21</posy>
                        <width>30</width>
                        <height>24</height>
                        <texture>$INFO[ListItem.Overlay]</texture>
                        <visible>!ListItem.IsResumable</visible>
                    </control>
                    <control type="image">
                        <posx>832</posx>
                        <posy>21</posy>
                        <width>24</width>
                        <height>24</height>
                        <texture>OverlayWatching.png</texture>
                        <visible>ListItem.IsResumable</visible>
                    </control>
                </itemlayout>
                <focusedlayout height="60" width="870">
                    <control type="image">
                        <posx>0</posx>
                        <posy>0</posy>
                        <width>870</width>
                        <height>62</height>
                        <texture border="0,2,0,2">MenuItemNF.png</texture>
                        <visible>!Control.HasFocus(503)</visible>
                        <include>VisibleFadeEffect</include>
                    </control>
                    <control type="image">
                        <posx>0</posx>
                        <posy>0</posy>
                        <width>870</width>
                        <height>62</height>
                        <texture border="0,2,0,2">MenuItemFO.png</texture>
                        <visible>Control.HasFocus(503)</visible>
                        <include>VisibleFadeEffect</include>
                    </control>
                    <control type="image">
                        <posx>570</posx>
                        <posy>6</posy>
                        <width>300</width>
                        <height>50</height>
                        <texture border="0,0,14,0">MediaItemDetailBG.png</texture>
                        <visible>Control.HasFocus(503) + !IsEmpty(ListItem.Label2)</visible>
                    </control>
                    <control type="label">
                        <posx>15</posx>
                        <posy>0</posy>
                        <width>780</width>
                        <height>60</height>
                        <font>engsmall</font>
                        <textcolor>White</textcolor>
                        <selectedcolor>selected</selectedcolor>
                        <align>left</align>
                        <aligny>center</aligny>
                        <label>$INFO[ListItem.Label]</label>
                    </control>
                    <control type="label">
                        <posx>765</posx>
                        <posy>0</posy>
                        <width>750</width>
                        <height>60</height>
                        <font>engsmall</font>
                        <textcolor>Grey2</textcolor>
                        <selectedcolor>selected</selectedcolor>
                        <align>right</align>
                        <aligny>center</aligny>
                        <label>$INFO[ListItem.Label2]</label>
                        <visible>Window.IsVisible(Videos)</visible>
                        <animation effect="slide" start="0,0" end="90,0" delay="0" time="0" condition="![Container.Content(Movies) | Container.Content(Episodes) | Container.Content(MusicVideos)]">conditional</animation>
                    </control>
                    <control type="image">
                        <posx>772</posx>
                        <posy>12</posy>
                        <width>60</width>
                        <height>39</height>
                        <texture>$INFO[ListItem.VideoResolution,flagging/lists/,.png]</texture>
                        <visible>Window.IsVisible(Videos) + [Container.Content(Movies) | Container.Content(Episodes) | Container.Content(MusicVideos)]</visible>
                    </control>
                    <control type="image">
                        <posx>832</posx>
                        <posy>21</posy>
                        <width>30</width>
                        <height>24</height>
                        <texture>$INFO[ListItem.Overlay]</texture>
                        <visible>!ListItem.IsResumable</visible>
                    </control>
                    <control type="image">
                        <posx>832</posx>
                        <posy>21</posy>
                        <width>24</width>
                        <height>24</height>
                        <texture>OverlayWatching.png</texture>
                        <visible>ListItem.IsResumable</visible>
                    </control>
                </focusedlayout>
            </control>
            <control type="scrollbar" id="60">
                <posx>975</posx>
                <posy>368</posy>
                <width>38</width>
                <height>600</height>
                <texturesliderbackground border="0,14,0,14">ScrollBarV.png</texturesliderbackground>
                <texturesliderbar border="0,14,0,14">ScrollBarV_bar.png</texturesliderbar>
                <texturesliderbarfocus border="0,14,0,14">ScrollBarV_bar_focus.png</texturesliderbarfocus>
                <textureslidernib>ScrollBarNib.png</textureslidernib>
                <textureslidernibfocus>ScrollBarNib.png</textureslidernibfocus>
                <onleft>503</onleft>
                <onright>2</onright>
                <showonepage>false</showonepage>
                <orientation>vertical</orientation>
                <visible>Control.IsVisible(503)</visible>
            </control>
            <control type="group">
                <posx>1065</posx>
                <posy>368</posy>
                <visible>Container.Content(TVShows)</visible>
                <control type="image">
                    <posx>0</posx>
                    <posy>0</posy>
                    <width>795</width>
                    <height>165</height>
                    <aspectratio>keep</aspectratio>
                    <fadetime>IconCrossfadeTime</fadetime>
                    <texture background="true">$VAR[BannerThumb]</texture>
                    <bordertexture border="8">ThumbShadow.png</bordertexture>
                    <bordersize>8</bordersize>
                </control>
                <control type="label">
                    <description>Episodes txt</description>
                    <posx>225</posx>
                    <posy>180</posy>
                    <width>210</width>
                    <height>38</height>
                    <label>$LOCALIZE[20360]:</label>
                    <align>right</align>
                    <aligny>center</aligny>
                    <font>engsmall</font>
                    <textcolor>Blue</textcolor>
                </control>
                <control type="label">
                    <description>Episodes Value</description>
                    <posx>240</posx>
                    <posy>180</posy>
                    <width>540</width>
                    <height>38</height>
                    <label fallback="416">$INFO[listitem.episode] [COLOR=Grey] ($INFO[ListItem.Property(WatchedEpisodes),, $LOCALIZE[16102]] - $INFO[ListItem.Property(UnWatchedEpisodes), , $LOCALIZE[16101]])[/COLOR]</label>
                    <align>left</align>
                    <aligny>center</aligny>
                    <font>engsmall</font>
                    <scroll>true</scroll>
                </control>
                <control type="label">
                    <description>AiRed txt</description>
                    <posx>225</posx>
                    <posy>218</posy>
                    <width>210</width>
                    <height>38</height>
                    <label>$LOCALIZE[31322]:</label>
                    <align>right</align>
                    <aligny>center</aligny>
                    <font>engsmall</font>
                    <textcolor>Blue</textcolor>
                </control>
                <control type="label">
                    <description>AiRed Value</description>
                    <posx>240</posx>
                    <posy>218</posy>
                    <width>540</width>
                    <height>38</height>
                    <label fallback="416">$INFO[listitem.premieRed]</label>
                    <align>left</align>
                    <aligny>center</aligny>
                    <font>engsmall</font>
                    <scroll>true</scroll>
                </control>
                <control type="label">
                    <description>Genre txt</description>
                    <posx>225</posx>
                    <posy>255</posy>
                    <width>210</width>
                    <height>38</height>
                    <label>$LOCALIZE[515]:</label>
                    <align>right</align>
                    <aligny>center</aligny>
                    <font>engsmall</font>
                    <textcolor>Blue</textcolor>
                </control>
                <control type="fadelabel">
                    <description>Genre Value</description>
                    <posx>240</posx>
                    <posy>255</posy>
                    <width>540</width>
                    <height>38</height>
                    <label fallback="416">$INFO[listitem.Genre]</label>
                    <align>left</align>
                    <aligny>center</aligny>
                    <font>engsmall</font>
                    <scrollout>false</scrollout>
                    <pauseatend>1000</pauseatend>
                </control>
                <control type="image">
                    <posx>0</posx>
                    <posy>300</posy>
                    <width>795</width>
                    <height>6</height>
                    <texture>separator.png</texture>
                </control>
                <control type="textbox">
                    <description>Description Value for TVShows</description>
                    <posx>15</posx>
                    <posy>315</posy>
                    <width>765</width>
                    <height>270</height>
                    <font>engsmall</font>
                    <align>justify</align>
                    <textcolor>White</textcolor>
                    <label>$INFO[ListItem.Plot]</label>
                    <autoscroll time="2000" delay="3000" repeat="5000">Skin.HasSetting(AutoScroll)</autoscroll>
                </control>
            </control>
            <control type="group">
                <posx>1065</posx>
                <posy>368</posy>
                <visible>Container.Content(Episodes)</visible>
                <control type="image">
                    <posx>0</posx>
                    <posy>0</posy>
                    <width>795</width>
                    <height>315</height>
                    <aspectratio>keep</aspectratio>
                    <fadetime>IconCrossfadeTime</fadetime>
                    <texture background="true">$INFO[ListItem.Icon]</texture>
                    <bordertexture border="8">ThumbShadow.png</bordertexture>
                    <bordersize>8</bordersize>
                </control>
                <control type="grouplist">
                    <description>Media Codec Flagging Images</description>
                    <posx>0</posx>
                    <posy>315</posy>
                    <width>795</width>
                    <align>center</align>
                    <itemgap>3</itemgap>
                    <orientation>horizontal</orientation>
                    <include>VideoCodecFlaggingConditions</include>
                    <include>AudioCodecFlaggingConditions</include>
                    <include>AudioChannelsFlaggingConditions</include>
                    <include>AspectCodecFlaggingConditions</include>
                    <include>VideoTypeHackFlaggingConditions</include>
                </control>
                <control type="label">
                    <description>INFO txt</description>
                    <posx>15</posx>
                    <posy>368</posy>
                    <width>765</width>
                    <height>38</height>
                    <label>$INFO[ListItem.Season,[COLOR=Blue] $LOCALIZE[20373] :[/COLOR] ] $INFO[ListItem.episode,[COLOR=Blue] $LOCALIZE[20359] :[/COLOR] ] $INFO[ListItem.premieRed,[COLOR=Blue] $LOCALIZE[31322] :[/COLOR] ]</label>
                    <align>center</align>
                    <aligny>top</aligny>
                    <font>engsmall</font>
                    <textcolor>White</textcolor>
                    <shadowcolor>Black</shadowcolor>
                    <wrapmultiline>true</wrapmultiline>
                </control>
                <control type="image">
                    <posx>0</posx>
                    <posy>412</posy>
                    <width>795</width>
                    <height>6</height>
                    <texture>separator.png</texture>
                </control>
                <control type="textbox">
                    <description>Description Value for TVShows</description>
                    <posx>15</posx>
                    <posy>420</posy>
                    <width>765</width>
                    <height>180</height>
                    <font>engsmall</font>
                    <align>justify</align>
                    <textcolor>White</textcolor>
                    <label>$INFO[ListItem.Plot]</label>
                    <autoscroll time="2000" delay="3000" repeat="5000">Skin.HasSetting(AutoScroll)</autoscroll>
                </control>
            </control>
            <control type="group">
                <posx>1065</posx>
                <posy>368</posy>
                <visible>Container.Content(Seasons)</visible>
                <control type="image">
                    <posx>0</posx>
                    <posy>0</posy>
                    <width>390</width>
                    <height>532</height>
                    <aspectratio>keep</aspectratio>
                    <fadetime>IconCrossfadeTime</fadetime>
                    <texture background="true">$INFO[ListItem.Icon]</texture>
                    <bordertexture border="8">ThumbShadow.png</bordertexture>
                    <bordersize>8</bordersize>
                </control>
                <control type="textbox">
                    <description>Description Value for Seasons</description>
                    <posx>405</posx>
                    <posy>0</posy>
                    <width>375</width>
                    <height>532</height>
                    <font>engsmall</font>
                    <align>justify</align>
                    <textcolor>White</textcolor>
                    <label>$INFO[Container.ShowPlot]</label>
                    <autoscroll time="2000" delay="3000" repeat="5000">Skin.HasSetting(AutoScroll)</autoscroll>
                    <visible>Container.Content(Seasons)</visible>
                </control>
                <control type="label">
                    <description>Watched Count</description>
                    <posx>15</posx>
                    <posy>555</posy>
                    <width>765</width>
                    <height>38</height>
                    <label>[COLOR=White]$LOCALIZE[20360]:[/COLOR] $INFO[ListItem.Property(WatchedEpisodes),([COLOR=Blue],[/COLOR]) $LOCALIZE[16102]] $INFO[ListItem.Property(UnWatchedEpisodes),([COLOR=Blue],[/COLOR]) $LOCALIZE[16101]]</label>
                    <align>center</align>
                    <aligny>center</aligny>
                    <font>engsmall</font>
                    <textcolor>Grey2</textcolor>
                    <shadowcolor>Black</shadowcolor>
                </control>
            </control>
            <control type="group">
                <posx>1065</posx>
                <posy>368</posy>
                <visible>Container.Content(Movies)</visible>
                <control type="image">
                    <posx>0</posx>
                    <posy>0</posy>
                    <width>390</width>
                    <height>532</height>
                    <aspectratio>keep</aspectratio>
                    <fadetime>IconCrossfadeTime</fadetime>
                    <texture background="true">$VAR[PosterThumb]</texture>
                    <bordertexture border="8">ThumbShadow.png</bordertexture>
                    <bordersize>8</bordersize>
                </control>
                <control type="grouplist">
                    <description>Media Codec Flagging Images</description>
                    <posx>0</posx>
                    <posy>548</posy>
                    <width>795</width>
                    <align>center</align>
                    <itemgap>3</itemgap>
                    <orientation>horizontal</orientation>
                    <include>VideoCodecFlaggingConditions</include>
                    <include>AudioCodecFlaggingConditions</include>
                    <include>AudioChannelsFlaggingConditions</include>
                    <include>AspectCodecFlaggingConditions</include>
                    <include>VideoTypeHackFlaggingConditions</include>
                </control>
                <control type="textbox">
                    <description>Description Value for Movie</description>
                    <posx>405</posx>
                    <posy>0</posy>
                    <width>375</width>
                    <height>532</height>
                    <font>engsmall</font>
                    <align>justify</align>
                    <textcolor>White</textcolor>
                    <label>$INFO[ListItem.Plot]</label>
                    <autoscroll time="2000" delay="3000" repeat="5000">Skin.HasSetting(AutoScroll)</autoscroll>
                </control>
            </control>
        </control>
    </include>
    <include name="MediaListView2">
        <control type="group">
            <visible>Control.IsVisible(504)</visible>
            <include>VisibleFadeEffect</include>
            <control type="list" id="504">
                <posx>105</posx>
                <posy>117</posy>
                <width>870</width>
                <height>842</height>
                <onleft>2</onleft>
                <onright>60</onright>
                <onup>504</onup>
                <ondown>504</ondown>
                <viewtype label="$LOCALIZE[544]">list</viewtype>
                <pagecontrol>60</pagecontrol>
                <scrolltime>200</scrolltime>
                <visible>Container.Content(TVShows) | Container.Content(Movies) | Container.Content(Episodes)</visible>
                <itemlayout height="60" width="870">
                    <control type="image">
                        <posx>0</posx>
                        <posy>0</posy>
                        <width>870</width>
                        <height>62</height>
                        <texture border="0,2,0,2">MenuItemNF.png</texture>
                    </control>
                    <control type="label">
                        <posx>15</posx>
                        <posy>0</posy>
                        <width>780</width>
                        <height>60</height>
                        <font>engsmall</font>
                        <textcolor>Grey2</textcolor>
                        <selectedcolor>selected</selectedcolor>
                        <align>left</align>
                        <aligny>center</aligny>
                        <label>$INFO[ListItem.Label]</label>
                    </control>
                    <control type="label">
                        <posx>765</posx>
                        <posy>0</posy>
                        <width>750</width>
                        <height>60</height>
                        <font>engsmall</font>
                        <textcolor>Grey2</textcolor>
                        <selectedcolor>selected</selectedcolor>
                        <align>right</align>
                        <aligny>center</aligny>
                        <label>$INFO[ListItem.Label2]</label>
                        <visible>Window.IsVisible(Videos)</visible>
                        <animation effect="slide" start="0,0" end="90,0" delay="0" time="0" condition="![Container.Content(Movies) | Container.Content(Episodes) | Container.Content(MusicVideos)]">conditional</animation>
                    </control>
                    <control type="image">
                        <posx>772</posx>
                        <posy>12</posy>
                        <width>60</width>
                        <height>39</height>
                        <texture>$INFO[ListItem.VideoResolution,flagging/lists/,.png]</texture>
                        <visible>Window.IsVisible(Videos) + [Container.Content(Movies) | Container.Content(Episodes) | Container.Content(MusicVideos)]</visible>
                    </control>
                    <control type="image">
                        <posx>832</posx>
                        <posy>21</posy>
                        <width>30</width>
                        <height>24</height>
                        <texture>$INFO[ListItem.Overlay]</texture>
                        <visible>!ListItem.IsResumable</visible>
                    </control>
                    <control type="image">
                        <posx>832</posx>
                        <posy>21</posy>
                        <width>24</width>
                        <height>24</height>
                        <texture>OverlayWatching.png</texture>
                        <visible>ListItem.IsResumable</visible>
                    </control>
                </itemlayout>
                <focusedlayout height="60" width="870">
                    <control type="image">
                        <posx>0</posx>
                        <posy>0</posy>
                        <width>870</width>
                        <height>62</height>
                        <texture border="0,2,0,2">MenuItemNF.png</texture>
                        <visible>!Control.HasFocus(504)</visible>
                        <include>VisibleFadeEffect</include>
                    </control>
                    <control type="image">
                        <posx>0</posx>
                        <posy>0</posy>
                        <width>870</width>
                        <height>62</height>
                        <texture border="0,2,0,2">MenuItemFO.png</texture>
                        <visible>Control.HasFocus(504)</visible>
                        <include>VisibleFadeEffect</include>
                    </control>
                    <control type="image">
                        <posx>570</posx>
                        <posy>6</posy>
                        <width>300</width>
                        <height>50</height>
                        <texture border="0,0,14,0">MediaItemDetailBG.png</texture>
                        <visible>Control.HasFocus(504) + !IsEmpty(ListItem.Label2)</visible>
                    </control>
                    <control type="label">
                        <posx>15</posx>
                        <posy>0</posy>
                        <width>780</width>
                        <height>60</height>
                        <font>engsmall</font>
                        <textcolor>White</textcolor>
                        <selectedcolor>selected</selectedcolor>
                        <align>left</align>
                        <aligny>center</aligny>
                        <label>$INFO[ListItem.Label]</label>
                    </control>
                    <control type="label">
                        <posx>765</posx>
                        <posy>0</posy>
                        <width>750</width>
                        <height>60</height>
                        <font>engsmall</font>
                        <textcolor>Grey2</textcolor>
                        <selectedcolor>selected</selectedcolor>
                        <align>right</align>
                        <aligny>center</aligny>
                        <label>$INFO[ListItem.Label2]</label>
                        <visible>Window.IsVisible(Videos)</visible>
                        <animation effect="slide" start="0,0" end="90,0" delay="0" time="0" condition="![Container.Content(Movies) | Container.Content(Episodes) | Container.Content(MusicVideos)]">conditional</animation>
                    </control>
                    <control type="image">
                        <posx>772</posx>
                        <posy>12</posy>
                        <width>60</width>
                        <height>39</height>
                        <texture>$INFO[ListItem.VideoResolution,flagging/lists/,.png]</texture>
                        <visible>Window.IsVisible(Videos) + [Container.Content(Movies) | Container.Content(Episodes) | Container.Content(MusicVideos)]</visible>
                    </control>
                    <control type="image">
                        <posx>832</posx>
                        <posy>21</posy>
                        <width>30</width>
                        <height>24</height>
                        <texture>$INFO[ListItem.Overlay]</texture>
                        <visible>!ListItem.IsResumable</visible>
                    </control>
                    <control type="image">
                        <posx>832</posx>
                        <posy>21</posy>
                        <width>24</width>
                        <height>24</height>
                        <texture>OverlayWatching.png</texture>
                        <visible>ListItem.IsResumable</visible>
                    </control>
                </focusedlayout>
            </control>
            <control type="scrollbar" id="60">
                <posx>975</posx>
                <posy>117</posy>
                <width>38</width>
                <height>840</height>
                <texturesliderbackground border="10,14,10,14">ScrollBarV.png</texturesliderbackground>
                <texturesliderbar border="10,14,10,14">ScrollBarV_bar.png</texturesliderbar>
                <texturesliderbarfocus border="10,14,10,14">ScrollBarV_bar_focus.png</texturesliderbarfocus>
                <textureslidernib>ScrollBarNib.png</textureslidernib>
                <textureslidernibfocus>ScrollBarNib.png</textureslidernibfocus>
                <onleft>504</onleft>
                <onright>2</onright>
                <showonepage>false</showonepage>
                <orientation>vertical</orientation>
                <visible>Control.IsVisible(504)</visible>
            </control>
            <control type="group">
                <posx>1065</posx>
                <posy>105</posy>
                <visible>Control.IsVisible(504) + [Container.Content(Movies) | Container.Content(TVShows)]</visible>
                <control type="image">
                    <posx>0</posx>
                    <posy>0</posy>
                    <width>765</width>
                    <height>429</height>
                    <aspectratio>scale</aspectratio>
                    <fadetime>IconCrossfadeTime</fadetime>
                    <texture background="true" fallback="Fanart_Fallback_Small.jpg">$INFO[ListItem.Art(fanart)]</texture>
                    <visible>Container.Content(Movies)</visible>
                    <bordertexture background="true" border="8">ThumbShadow.png</bordertexture>
                    <bordersize>8</bordersize>
                </control>
                <control type="image">
                    <posx>0</posx>
                    <posy>0</posy>
                    <width>765</width>
                    <height>488</height>
                    <aspectratio>scale</aspectratio>
                    <fadetime>IconCrossfadeTime</fadetime>
                    <texture background="true" fallback="Fanart_Fallback_Small.jpg">$INFO[ListItem.Art(fanart)]</texture>
                    <visible>Container.Content(TVShows)</visible>
                    <bordertexture background="true" border="8">ThumbShadow.png</bordertexture>
                    <bordersize>8</bordersize>
                </control>
                <control type="grouplist">
                    <description>Media Codec Flagging Images</description>
                    <posx>0</posx>
                    <posy>435</posy>
                    <width>765</width>
                    <align>center</align>
                    <itemgap>3</itemgap>
                    <orientation>horizontal</orientation>
                    <include>VideoCodecFlaggingConditions</include>
                    <include>AudioCodecFlaggingConditions</include>
                    <include>AudioChannelsFlaggingConditions</include>
                    <include>AspectCodecFlaggingConditions</include>
                    <include>VideoTypeHackFlaggingConditions</include>
                </control>
                <control type="image">
                    <posx>0</posx>
                    <posy>495</posy>
                    <width>765</width>
                    <height>6</height>
                    <texture>separator.png</texture>
                </control>
                <control type="label">
                    <description>Year txt</description>
                    <posx>225</posx>
                    <posy>502</posy>
                    <width>210</width>
                    <height>38</height>
                    <label>$LOCALIZE[345]:</label>
                    <align>right</align>
                    <aligny>center</aligny>
                    <font>engsmall</font>
                    <textcolor>Blue</textcolor>
                </control>
                <control type="label">
                    <description>Year Value</description>
                    <posx>240</posx>
                    <posy>502</posy>
                    <width>510</width>
                    <height>38</height>
                    <label fallback="416">$INFO[listitem.Year]</label>
                    <align>left</align>
                    <aligny>center</aligny>
                    <font>engsmall</font>
                    <scroll>true</scroll>
                </control>
                <control type="label">
                    <description>Genre txt</description>
                    <posx>225</posx>
                    <posy>540</posy>
                    <width>210</width>
                    <height>38</height>
                    <label>$LOCALIZE[515]:</label>
                    <align>right</align>
                    <aligny>center</aligny>
                    <font>engsmall</font>
                    <textcolor>Blue</textcolor>
                </control>
                <control type="fadelabel">
                    <description>Genre Value</description>
                    <posx>240</posx>
                    <posy>540</posy>
                    <width>510</width>
                    <height>38</height>
                    <label fallback="416">$INFO[listitem.Genre]</label>
                    <align>left</align>
                    <aligny>center</aligny>
                    <font>engsmall</font>
                    <scrollout>false</scrollout>
                    <pauseatend>1000</pauseatend>
                </control>
                <control type="image">
                    <posx>0</posx>
                    <posy>585</posy>
                    <width>765</width>
                    <height>6</height>
                    <texture>separator.png</texture>
                </control>
                <control type="textbox">
                    <description>Description Value for Video</description>
                    <posx>15</posx>
                    <posy>592</posy>
                    <width>735</width>
                    <height>255</height>
                    <font>engsmall</font>
                    <align>justify</align>
                    <textcolor>White</textcolor>
                    <label>$INFO[ListItem.Plot]</label>
                    <autoscroll time="2000" delay="3000" repeat="5000">Skin.HasSetting(AutoScroll)</autoscroll>
                </control>
            </control>
            <control type="group">
                <posx>1065</posx>
                <posy>105</posy>
                <visible>Control.IsVisible(504) + Container.Content(Episodes)</visible>
                <control type="image">
                    <posx>0</posx>
                    <posy>0</posy>
                    <width>765</width>
                    <height>429</height>
                    <aspectratio>scale</aspectratio>
                    <fadetime>IconCrossfadeTime</fadetime>
                    <texture background="true">$INFO[ListItem.Icon]</texture>
                    <bordertexture background="true" border="8">ThumbShadow.png</bordertexture>
                    <bordersize>8</bordersize>
                </control>
                <control type="grouplist">
                    <description>Media Codec Flagging Images</description>
                    <posx>0</posx>
                    <posy>435</posy>
                    <width>765</width>
                    <align>center</align>
                    <itemgap>3</itemgap>
                    <orientation>horizontal</orientation>
                    <include>VideoCodecFlaggingConditions</include>
                    <include>AudioCodecFlaggingConditions</include>
                    <include>AudioChannelsFlaggingConditions</include>
                    <include>AspectCodecFlaggingConditions</include>
                    <include>VideoTypeHackFlaggingConditions</include>
                </control>
                <control type="image">
                    <posx>0</posx>
                    <posy>495</posy>
                    <width>765</width>
                    <height>6</height>
                    <texture>separator.png</texture>
                </control>
                <control type="label">
                    <description>AiRed txt</description>
                    <posx>225</posx>
                    <posy>502</posy>
                    <width>210</width>
                    <height>38</height>
                    <label>$LOCALIZE[31322]:</label>
                    <align>right</align>
                    <aligny>center</aligny>
                    <font>engsmall</font>
                    <textcolor>Blue</textcolor>
                </control>
                <control type="label">
                    <description>AiRed Value</description>
                    <posx>240</posx>
                    <posy>502</posy>
                    <width>510</width>
                    <height>38</height>
                    <label fallback="416">$INFO[listitem.PremieRed]</label>
                    <align>left</align>
                    <aligny>center</aligny>
                    <font>engsmall</font>
                    <scroll>true</scroll>
                </control>
                <control type="label">
                    <description>Episode txt</description>
                    <posx>225</posx>
                    <posy>540</posy>
                    <width>210</width>
                    <height>38</height>
                    <label>$LOCALIZE[20359]:</label>
                    <align>right</align>
                    <aligny>center</aligny>
                    <font>engsmall</font>
                    <textcolor>Blue</textcolor>
                </control>
                <control type="fadelabel">
                    <description>Episode Value</description>
                    <posx>240</posx>
                    <posy>540</posy>
                    <width>510</width>
                    <height>38</height>
                    <label fallback="416">$INFO[listitem.Season,,x]$INFO[listitem.Episode]</label>
                    <align>left</align>
                    <aligny>center</aligny>
                    <font>engsmall</font>
                    <scrollout>false</scrollout>
                    <pauseatend>1000</pauseatend>
                </control>
                <control type="image">
                    <posx>0</posx>
                    <posy>585</posy>
                    <width>765</width>
                    <height>6</height>
                    <texture>separator.png</texture>
                </control>
                <control type="textbox">
                    <description>Description Value for Video</description>
                    <posx>15</posx>
                    <posy>592</posy>
                    <width>735</width>
                    <height>255</height>
                    <font>engsmall</font>
                    <align>justify</align>
                    <textcolor>White</textcolor>
                    <label>$INFO[ListItem.Plot]</label>
                    <autoscroll time="2000" delay="3000" repeat="5000">Skin.HasSetting(AutoScroll)</autoscroll>
                </control>
            </control>
        </control>
    </include>
    <include name="MediaListView4">
        <control type="group">
            <visible>Control.IsVisible(515)</visible>
            <include>VisibleFadeEffect</include>
            <control type="list" id="515">
                <posx>105</posx>
                <posy>117</posy>
                <width>510</width>
                <height>842</height>
                <onleft>2</onleft>
                <onright>60</onright>
                <onup>515</onup>
                <ondown>515</ondown>
                <viewtype label="$LOCALIZE[544] 3">list</viewtype>
                <pagecontrol>60</pagecontrol>
                <scrolltime>200</scrolltime>
                <visible>Container.Content(TVShows) | Container.Content(Movies) | Container.Content(Episodes) | Container.Content(Seasons)</visible>
                <itemlayout height="60" width="518">
                    <control type="image">
                        <posx>0</posx>
                        <posy>0</posy>
                        <width>518</width>
                        <height>62</height>
                        <texture border="0,2,0,2">MenuItemNF.png</texture>
                    </control>
                    <control type="label">
                        <posx>15</posx>
                        <posy>0</posy>
                        <width>465</width>
                        <height>60</height>
                        <font>engsmall</font>
                        <textcolor>Grey2</textcolor>
                        <selectedcolor>selected</selectedcolor>
                        <align>left</align>
                        <aligny>center</aligny>
                        <label>$INFO[ListItem.Label]</label>
                    </control>
                    <control type="image">
                        <posx>480</posx>
                        <posy>21</posy>
                        <width>30</width>
                        <height>24</height>
                        <texture>$INFO[ListItem.Overlay]</texture>
                        <visible>!ListItem.IsResumable</visible>
                    </control>
                    <control type="image">
                        <posx>480</posx>
                        <posy>21</posy>
                        <width>24</width>
                        <height>24</height>
                        <texture>OverlayWatching.png</texture>
                        <visible>ListItem.IsResumable</visible>
                    </control>
                </itemlayout>
                <focusedlayout height="60" width="518">
                    <control type="image">
                        <posx>0</posx>
                        <posy>0</posy>
                        <width>518</width>
                        <height>62</height>
                        <texture border="0,2,0,2">MenuItemNF.png</texture>
                        <visible>!Control.HasFocus(515)</visible>
                        <include>VisibleFadeEffect</include>
                    </control>
                    <control type="image">
                        <posx>0</posx>
                        <posy>0</posy>
                        <width>518</width>
                        <height>62</height>
                        <texture border="0,2,0,2">MenuItemFO.png</texture>
                        <visible>Control.HasFocus(515)</visible>
                        <include>VisibleFadeEffect</include>
                    </control>
                    <control type="label">
                        <posx>15</posx>
                        <posy>0</posy>
                        <width>465</width>
                        <height>60</height>
                        <font>engsmall</font>
                        <textcolor>White</textcolor>
                        <selectedcolor>selected</selectedcolor>
                        <align>left</align>
                        <aligny>center</aligny>
                        <label>$INFO[ListItem.Label]</label>
                    </control>
                    <control type="image">
                        <posx>480</posx>
                        <posy>21</posy>
                        <width>30</width>
                        <height>24</height>
                        <texture>$INFO[ListItem.Overlay]</texture>
                        <visible>!ListItem.IsResumable</visible>
                    </control>
                    <control type="image">
                        <posx>480</posx>
                        <posy>21</posy>
                        <width>24</width>
                        <height>24</height>
                        <texture>OverlayWatching.png</texture>
                        <visible>ListItem.IsResumable</visible>
                    </control>
                </focusedlayout>
            </control>
            <control type="scrollbar" id="60">
                <posx>622</posx>
                <posy>117</posy>
                <width>38</width>
                <height>840</height>
                <texturesliderbackground border="10,14,10,14">ScrollBarV.png</texturesliderbackground>
                <texturesliderbar border="10,14,10,14">ScrollBarV_bar.png</texturesliderbar>
                <texturesliderbarfocus border="10,14,10,14">ScrollBarV_bar_focus.png</texturesliderbarfocus>
                <textureslidernib>ScrollBarNib.png</textureslidernib>
                <textureslidernibfocus>ScrollBarNib.png</textureslidernibfocus>
                <onleft>515</onleft>
                <onright>2</onright>
                <showonepage>false</showonepage>
                <orientation>vertical</orientation>
                <visible>Control.IsVisible(515)</visible>
            </control>
            <control type="group">
                <posx>705</posx>
                <posy>105</posy>
                <visible>Control.IsVisible(515) + Container.Content(Movies)</visible>
                <control type="image">
                    <posx>0</posx>
                    <posy>0</posy>
                    <width>1125</width>
                    <height>630</height>
                    <aspectratio scalediffuse="false">scale</aspectratio>
                    <fadetime>IconCrossfadeTime</fadetime>
                    <texture diffuse="Fanart_Diffuse.png" background="true" fallback="Fanart_Fallback_Small.jpg">$INFO[ListItem.Art(fanart)]</texture>
                </control>
                <control type="label">
                    <posx>15</posx>
                    <posy>592</posy>
                    <width>810</width>
                    <height>45</height>
                    <font>engsmall</font>
                    <textcolor>White</textcolor>
                    <shadowcolor>Black</shadowcolor>
                    <align>left</align>
                    <aligny>center</aligny>
                    <label>$INFO[ListItem.Label]</label>
                </control>
                <control type="textbox">
                    <description>Description Value for Video</description>
                    <posx>15</posx>
                    <posy>638</posy>
                    <width>810</width>
                    <height>158</height>
                    <font>engsmall</font>
                    <align>justify</align>
                    <textcolor>White</textcolor>
                    <label>$INFO[ListItem.Plot]</label>
                    <autoscroll time="2000" delay="3000" repeat="5000">Skin.HasSetting(AutoScroll)</autoscroll>
                </control>
                <control type="grouplist">
                    <description>Media Codec Flagging Images</description>
                    <posx>0</posx>
                    <posy>810</posy>
                    <width>810</width>
                    <align>left</align>
                    <itemgap>3</itemgap>
                    <orientation>horizontal</orientation>
                    <include>VideoCodecFlaggingConditions</include>
                    <include>AudioCodecFlaggingConditions</include>
                    <include>AudioChannelsFlaggingConditions</include>
                    <include>AspectCodecFlaggingConditions</include>
                    <include>VideoTypeHackFlaggingConditions</include>
                </control>
                <control type="image">
                    <posx>840</posx>
                    <posy>210</posy>
                    <width>270</width>
                    <height>660</height>
                    <aspectratio align="left" aligny="bottom">keep</aspectratio>
                    <fadetime>IconCrossfadeTime</fadetime>
                    <texture background="true">$VAR[PosterThumb]</texture>
                    <bordertexture border="8">ThumbShadow.png</bordertexture>
                    <bordersize>8</bordersize>
                </control>
            </control>
            <control type="group">
                <posx>705</posx>
                <posy>105</posy>
                <visible>Control.IsVisible(515) + Container.Content(TVShows)</visible>
                <control type="image">
                    <posx>0</posx>
                    <posy>0</posy>
                    <width>1125</width>
                    <height>630</height>
                    <aspectratio scalediffuse="false">scale</aspectratio>
                    <fadetime>IconCrossfadeTime</fadetime>
                    <texture diffuse="Fanart_Diffuse.png" background="true" fallback="Fanart_Fallback_Small.jpg">$INFO[ListItem.Art(fanart)]</texture>
                </control>
                <control type="label">
                    <posx>15</posx>
                    <posy>592</posy>
                    <width>810</width>
                    <height>45</height>
                    <font>engsmall</font>
                    <textcolor>White</textcolor>
                    <shadowcolor>Black</shadowcolor>
                    <align>left</align>
                    <aligny>center</aligny>
                    <label>$INFO[ListItem.Label]</label>
                </control>
                <control type="textbox">
                    <description>Description Value for Video</description>
                    <posx>15</posx>
                    <posy>638</posy>
                    <width>810</width>
                    <height>218</height>
                    <font>engsmall</font>
                    <align>justify</align>
                    <textcolor>White</textcolor>
                    <label>$INFO[ListItem.Plot]</label>
                    <autoscroll time="2000" delay="3000" repeat="5000">Skin.HasSetting(AutoScroll)</autoscroll>
                </control>
                <control type="image">
                    <posx>840</posx>
                    <posy>210</posy>
                    <width>270</width>
                    <height>660</height>
                    <aspectratio align="left" aligny="bottom">keep</aspectratio>
                    <fadetime>IconCrossfadeTime</fadetime>
                    <texture background="true">$VAR[PosterThumb]</texture>
                    <bordertexture border="8">ThumbShadow.png</bordertexture>
                    <bordersize>8</bordersize>
                </control>
            </control>
            <control type="group">
                <posx>705</posx>
                <posy>105</posy>
                <visible>Control.IsVisible(515) + Container.Content(Seasons)</visible>
                <control type="image">
                    <posx>0</posx>
                    <posy>0</posy>
                    <width>1125</width>
                    <height>630</height>
                    <aspectratio scalediffuse="false">scale</aspectratio>
                    <fadetime>IconCrossfadeTime</fadetime>
                    <texture diffuse="Fanart_Diffuse.png" background="true" fallback="Fanart_Fallback_Small.jpg">$INFO[ListItem.Art(fanart)]</texture>
                </control>
                <control type="label">
                    <posx>15</posx>
                    <posy>592</posy>
                    <width>1095</width>
                    <height>45</height>
                    <font>engsmall</font>
                    <textcolor>White</textcolor>
                    <shadowcolor>Black</shadowcolor>
                    <align>left</align>
                    <aligny>center</aligny>
                    <label>$INFO[ListItem.Label]</label>
                </control>
                <control type="textbox">
                    <description>Description Value for Video</description>
                    <posx>15</posx>
                    <posy>638</posy>
                    <width>810</width>
                    <height>218</height>
                    <font>engsmall</font>
                    <align>justify</align>
                    <textcolor>White</textcolor>
                    <label>$INFO[Container.ShowPlot]</label>
                    <autoscroll time="2000" delay="3000" repeat="5000">Skin.HasSetting(AutoScroll)</autoscroll>
                </control>
                <control type="image">
                    <posx>840</posx>
                    <posy>210</posy>
                    <width>270</width>
                    <height>660</height>
                    <aspectratio align="left" aligny="bottom">keep</aspectratio>
                    <fadetime>IconCrossfadeTime</fadetime>
                    <texture background="true">$INFO[ListItem.Icon]</texture>
                    <bordertexture border="8">ThumbShadow.png</bordertexture>
                    <bordersize>8</bordersize>
                </control>
            </control>
            <control type="group">
                <posx>705</posx>
                <posy>105</posy>
                <visible>Control.IsVisible(515) + Container.Content(Episodes)</visible>
                <control type="image">
                    <posx>0</posx>
                    <posy>0</posy>
                    <width>1125</width>
                    <height>630</height>
                    <aspectratio scalediffuse="false">scale</aspectratio>
                    <fadetime>IconCrossfadeTime</fadetime>
                    <texture diffuse="Fanart_Diffuse.png" background="true" fallback="Fanart_Fallback_Small.jpg">$INFO[ListItem.Art(fanart)]</texture>
                </control>
                <control type="label">
                    <posx>15</posx>
                    <posy>592</posy>
                    <width>600</width>
                    <height>45</height>
                    <font>engsmall</font>
                    <textcolor>White</textcolor>
                    <shadowcolor>Black</shadowcolor>
                    <align>left</align>
                    <aligny>center</aligny>
                    <label>$INFO[ListItem.Label]</label>
                </control>
                <control type="textbox">
                    <description>Description Value for Video</description>
                    <posx>15</posx>
                    <posy>638</posy>
                    <width>600</width>
                    <height>158</height>
                    <font>engsmall</font>
                    <align>justify</align>
                    <textcolor>White</textcolor>
                    <label>$INFO[ListItem.Plot]</label>
                    <autoscroll time="2000" delay="3000" repeat="5000">Skin.HasSetting(AutoScroll)</autoscroll>
                </control>
                <control type="grouplist">
                    <description>Media Codec Flagging Images</description>
                    <posx>0</posx>
                    <posy>810</posy>
                    <width>615</width>
                    <align>left</align>
                    <itemgap>3</itemgap>
                    <orientation>horizontal</orientation>
                    <include>VideoCodecFlaggingConditions</include>
                    <include>AudioCodecFlaggingConditions</include>
                    <include>AudioChannelsFlaggingConditions</include>
                    <include>AspectCodecFlaggingConditions</include>
                    <include>VideoTypeHackFlaggingConditions</include>
                </control>
                <control type="image">
                    <posx>630</posx>
                    <posy>210</posy>
                    <width>495</width>
                    <height>660</height>
                    <aspectratio align="left" aligny="bottom">keep</aspectratio>
                    <fadetime>IconCrossfadeTime</fadetime>
                    <texture background="true">$INFO[ListItem.Icon]</texture>
                    <bordertexture border="8">ThumbShadow.png</bordertexture>
                    <bordersize>8</bordersize>
                </control>
            </control>
        </control>
    </include>
</includes>