<includes>
    <include name="PictureWrapView">
        <control type="group">
            <visible>Control.IsVisible(510)</visible>
            <include>VisibleFadeEffect</include>
            <posx>0</posx>
            <posy>660</posy>
            <control type="wraplist" id="510">
                <posx>-38</posx>
                <posy>8</posy>
                <width>1995</width>
                <height>375</height>
                <onleft>510</onleft>
                <onright>510</onright>
                <onup>2</onup>
                <ondown>60</ondown>
                <viewtype label="31032">wrap</viewtype>
                <pagecontrol>60</pagecontrol>
                <scrolltime>200</scrolltime>
                <focusposition>3</focusposition>
                <orientation>horizontal</orientation>
                <preloaditems>4</preloaditems>
                <itemlayout height="300" width="285">
                    <control type="image">
                        <posx>22</posx>
                        <posy>60</posy>
                        <width>240</width>
                        <height>240</height>
                        <aspectratio>stretch</aspectratio>
                        <bordertexture border="10">ThumbShadow.png</bordertexture>
                        <bordersize>8</bordersize>
                        <fadetime>200</fadetime>
                        <texture border="2">ThumbBG.png</texture>
                    </control>
                    <control type="image">
                        <posx>38</posx>
                        <posy>75</posy>
                        <width>210</width>
                        <height>210</height>
                        <aspectratio>keep</aspectratio>
                        <texture background="true">$INFO[ListItem.Icon]</texture>
                    </control>
                </itemlayout>
                <focusedlayout height="300" width="285">
                    <control type="image">
                        <posx>22</posx>
                        <posy>60</posy>
                        <width>240</width>
                        <height>240</height>
                        <aspectratio>stretch</aspectratio>
                        <bordertexture border="10">ThumbShadow.png</bordertexture>
                        <bordersize>8</bordersize>
                        <fadetime>200</fadetime>
                        <texture border="2">ThumbBG.png</texture>
                        <animation reversible="false" effect="zoom" start="22,60,240,240" end="-15,-8,315,315" time="200">focus</animation>
                        <animation reversible="false" effect="zoom" end="22,60,240,240" start="-15,-8,315,315" time="200">unfocus</animation>
                    </control>
                    <control type="image">
                        <posx>38</posx>
                        <posy>75</posy>
                        <width>210</width>
                        <height>210</height>
                        <aspectratio>keep</aspectratio>
                        <texture background="true">$INFO[ListItem.Icon]</texture>
                        <animation reversible="false" effect="zoom" start="38,75,210,210" end="8,15,270,270" time="200">focus</animation>
                        <animation reversible="false" effect="zoom" end="38,75,210,210" start="8,15,270,270" time="200">unfocus</animation>
                    </control>
                </focusedlayout>
            </control>
            <control type="scrollbar" id="60">
                <posx>465</posx>
                <posy>300</posy>
                <width>990</width>
                <height>38</height>
                <texturesliderbackground border="14,0,14,0">ScrollBarH.png</texturesliderbackground>
                <texturesliderbar border="14,0,14,0">ScrollBarH_bar.png</texturesliderbar>
                <texturesliderbarfocus border="14,0,14,0">ScrollBarH_bar_focus.png</texturesliderbarfocus>
                <textureslidernib>ScrollBarNib.png</textureslidernib>
                <textureslidernibfocus>ScrollBarNib.png</textureslidernibfocus>
                <onup>510</onup>
                <ondown>2</ondown>
                <showonepage>false</showonepage>
                <orientation>horizontal</orientation>
                <visible>Control.IsVisible(510)</visible>
            </control>
        </control>
    </include>
    <include name="PictureThumbView">
        <control type="group">
            <visible>Control.IsVisible(514)</visible>
            <control type="panel" id="514">
                <posx>90</posx>
                <posy>112</posy>
                <width>648</width>
                <height>864</height>
                <onleft>2</onleft>
                <onright>60</onright>
                <onup>514</onup>
                <ondown>514</ondown>
                <viewtype label="$LOCALIZE[31031]">list</viewtype>
                <pagecontrol>60</pagecontrol>
                <scrolltime>200</scrolltime>
                <preloaditems>2</preloaditems>
                <itemlayout height="216" width="216">
                    <control type="image">
                        <posx>0</posx>
                        <posy>0</posy>
                        <width>216</width>
                        <height>216</height>
                        <aspectratio>stretch</aspectratio>
                        <bordertexture border="10">ThumbShadow.png</bordertexture>
                        <bordersize>8</bordersize>
                        <fadetime>200</fadetime>
                        <texture border="2">ThumbBG.png</texture>
                    </control>
                    <control type="image">
                        <posx>15</posx>
                        <posy>15</posy>
                        <width>186</width>
                        <height>186</height>
                        <aspectratio>keep</aspectratio>
                        <texture background="true">$INFO[ListItem.Icon]</texture>
                    </control>
                </itemlayout>
                <focusedlayout height="216" width="216">
                    <control type="image">
                        <posx>0</posx>
                        <posy>0</posy>
                        <width>216</width>
                        <height>216</height>
                        <aspectratio>stretch</aspectratio>
                        <bordertexture border="10">folder-Focus.png</bordertexture>
                        <bordersize>8</bordersize>
                        <fadetime>200</fadetime>
                        <texture border="2">ThumbBG.png</texture>
                    </control>
                    <control type="image">
                        <posx>15</posx>
                        <posy>15</posy>
                        <width>186</width>
                        <height>186</height>
                        <aspectratio>keep</aspectratio>
                        <texture background="true">$INFO[ListItem.Icon]</texture>
                    </control>
                </focusedlayout>
            </control>
            <control type="scrollbar" id="60">
                <posx>750</posx>
                <posy>105</posy>
                <width>38</width>
                <height>864</height>
                <texturesliderbackground border="0,14,0,14">ScrollBarV.png</texturesliderbackground>
                <texturesliderbar border="0,14,0,14">ScrollBarV_bar.png</texturesliderbar>
                <texturesliderbarfocus border="0,14,0,14">ScrollBarV_bar_focus.png</texturesliderbarfocus>
                <textureslidernib>ScrollBarNib.png</textureslidernib>
                <textureslidernibfocus>ScrollBarNib.png</textureslidernibfocus>
                <onleft>514</onleft>
                <onright>2</onright>
                <showonepage>false</showonepage>
                <orientation>vertical</orientation>
                <visible>Control.IsVisible(514)</visible>
            </control>
            <control type="group">
                <posx>855</posx>
                <posy>120</posy>
                <control type="label">
                    <description>Title txt</description>
                    <posx>0</posx>
                    <posy>0</posy>
                    <width>960</width>
                    <height>22</height>
                    <label>$INFO[ListItem.Label]</label>
                    <align>center</align>
                    <aligny>center</aligny>
                    <font>engsmall</font>
                    <textcolor>White</textcolor>
                    <shadowcolor>Black</shadowcolor>
                </control>
                <control type="image">
                    <posx>0</posx>
                    <posy>45</posy>
                    <width>960</width>
                    <height>705</height>
                    <texture background="true">$INFO[ListItem.FilenameAndPath]</texture>
                    <fadetime>600</fadetime>
                    <aspectratio>keep</aspectratio>
                    <bordertexture border="8">ThumbShadow.png</bordertexture>
                    <bordersize>9</bordersize>
                </control>
                <control type="label">
                    <description>Date time txt</description>
                    <posx>0</posx>
                    <posy>765</posy>
                    <width>960</width>
                    <height>22</height>
                    <label>$INFO[ListItem.PictuRedateTime,[COLOR=Blue]$LOCALIZE[31326][/COLOR] - ]</label>
                    <align>left</align>
                    <aligny>center</aligny>
                    <font>engsmall</font>
                    <textcolor>White</textcolor>
                    <shadowcolor>Black</shadowcolor>
                </control>
                <control type="label">
                    <description>Resolution txt</description>
                    <posx>0</posx>
                    <posy>802</posy>
                    <width>960</width>
                    <height>22</height>
                    <label>$INFO[ListItem.PictureResolution,[COLOR=Blue]$LOCALIZE[31327][/COLOR] - ]</label>
                    <align>left</align>
                    <aligny>center</aligny>
                    <font>engsmall</font>
                    <textcolor>White</textcolor>
                    <shadowcolor>Black</shadowcolor>
                </control>
            </control>
        </control>
    </include>
</includes>