<includes>
    <include name="MusicInfoListView">
        <control type="group">
            <visible>Control.IsVisible(506)</visible>
            <include>VisibleFadeEffect</include>
            <control type="list" id="506">
                <posx>105</posx>
                <posy>112</posy>
                <width>1170</width>
                <height>842</height>
                <onleft>2</onleft>
                <onright>60</onright>
                <onup>506</onup>
                <ondown>506</ondown>
                <viewtype label="$LOCALIZE[544]">list</viewtype>
                <pagecontrol>60</pagecontrol>
                <scrolltime>200</scrolltime>
                <visible>Window.IsVisible(MusicFiles) | Window.IsVisible(MusicPlaylist) |  Container.Content(Songs) | Container.Content(Albums)</visible>
                <itemlayout height="60" width="1170">
                    <control type="image">
                        <posx>0</posx>
                        <posy>0</posy>
                        <width>1170</width>
                        <height>62</height>
                        <texture border="0,2,0,2">MenuItemNF.png</texture>
                    </control>
                    <control type="label">
                        <posx>15</posx>
                        <posy>0</posy>
                        <width>1095</width>
                        <height>60</height>
                        <font>engsmall</font>
                        <textcolor>Grey2</textcolor>
                        <selectedcolor>selected</selectedcolor>
                        <align>left</align>
                        <aligny>center</aligny>
                        <label>$INFO[ListItem.Label]</label>
                    </control>
                    <control type="label">
                        <posx>1140</posx>
                        <posy>0</posy>
                        <width>1050</width>
                        <height>60</height>
                        <font>engsmall</font>
                        <textcolor>Grey2</textcolor>
                        <selectedcolor>selected</selectedcolor>
                        <align>right</align>
                        <aligny>center</aligny>
                        <label>$INFO[ListItem.Label2]</label>
                    </control>
                </itemlayout>
                <focusedlayout height="60" width="1140">
                    <control type="image">
                        <posx>0</posx>
                        <posy>0</posy>
                        <width>1140</width>
                        <height>62</height>
                        <texture border="0,2,0,2">MenuItemNF.png</texture>
                        <visible>!Control.HasFocus(506)</visible>
                        <include>VisibleFadeEffect</include>
                    </control>
                    <control type="image">
                        <posx>0</posx>
                        <posy>0</posy>
                        <width>1170</width>
                        <height>62</height>
                        <texture border="0,2,0,2">MenuItemFO.png</texture>
                        <visible>Control.HasFocus(506)</visible>
                        <include>VisibleFadeEffect</include>
                    </control>
                    <control type="image">
                        <posx>870</posx>
                        <posy>8</posy>
                        <width>300</width>
                        <height>46</height>
                        <texture border="0,0,14,0">MediaItemDetailBG.png</texture>
                        <visible>Control.HasFocus(506) + !IsEmpty(ListItem.Label2)</visible>
                    </control>
                    <control type="label">
                        <posx>15</posx>
                        <posy>0</posy>
                        <width>1095</width>
                        <height>60</height>
                        <font>engsmall</font>
                        <textcolor>White</textcolor>
                        <selectedcolor>selected</selectedcolor>
                        <align>left</align>
                        <aligny>center</aligny>
                        <label>$INFO[ListItem.Label]</label>
                    </control>
                    <control type="label">
                        <posx>1140</posx>
                        <posy>0</posy>
                        <width>1050</width>
                        <height>60</height>
                        <font>engsmall</font>
                        <textcolor>Grey2</textcolor>
                        <selectedcolor>selected</selectedcolor>
                        <align>right</align>
                        <aligny>center</aligny>
                        <label>$INFO[ListItem.Label2]</label>
                    </control>
                </focusedlayout>
            </control>
            <control type="scrollbar" id="60">
                <posx>1275</posx>
                <posy>117</posy>
                <width>38</width>
                <height>840</height>
                <texturesliderbackground border="0,14,0,14">ScrollBarV.png</texturesliderbackground>
                <texturesliderbar border="2,16,2,16">ScrollBarV_bar.png</texturesliderbar>
                <texturesliderbarfocus border="2,16,2,16">ScrollBarV_bar_focus.png</texturesliderbarfocus>
                <textureslidernib>ScrollBarNib.png</textureslidernib>
                <textureslidernibfocus>ScrollBarNib.png</textureslidernibfocus>
                <onleft>506</onleft>
                <onright>2</onright>
                <showonepage>false</showonepage>
                <orientation>vertical</orientation>
                <visible>Control.IsVisible(506)</visible>
            </control>
            <control type="group">
                <visible>Control.IsVisible(506)</visible>
                <posx>1365</posx>
                <posy>120</posy>
                <control type="image">
                    <posx>15</posx>
                    <posy>0</posy>
                    <width>435</width>
                    <height>435</height>
                    <aspectratio aligny="bottom">keep</aspectratio>
                    <fadetime>IconCrossfadeTime</fadetime>
                    <texture background="true">$INFO[ListItem.Icon]</texture>
                    <bordertexture border="8">ThumbShadow.png</bordertexture>
                    <bordersize>8</bordersize>
                </control>
                <control type="label">
                    <posx>15</posx>
                    <posy>450</posy>
                    <width>435</width>
                    <height>38</height>
                    <label>$INFO[ListItem.Artist]</label>
                    <scroll>true</scroll>
                    <align>center</align>
                    <aligny>center</aligny>
                    <font>engsmall</font>
                    <textcolor>White</textcolor>
                    <shadowcolor>Black</shadowcolor>
                </control>
                <control type="label">
                    <posx>15</posx>
                    <posy>540</posy>
                    <width>435</width>
                    <height>38</height>
                    <label>$INFO[ListItem.Album]</label>
                    <wrapmultiline>true</wrapmultiline>
                    <align>center</align>
                    <aligny>center</aligny>
                    <font>engsmall</font>
                    <textcolor>Grey2</textcolor>
                    <shadowcolor>Black</shadowcolor>
                </control>
                <control type="label">
                    <posx>15</posx>
                    <posy>630</posy>
                    <width>435</width>
                    <height>38</height>
                    <label>$INFO[ListItem.Title]</label>
                    <scroll>true</scroll>
                    <align>center</align>
                    <aligny>top</aligny>
                    <font>engsmall</font>
                    <textcolor>White</textcolor>
                    <shadowcolor>Black</shadowcolor>
                    <wrapmultiline>true</wrapmultiline>
                    <visible>!Container.Content(Albums)</visible>
                </control>
                <control type="label">
                    <posx>15</posx>
                    <posy>630</posy>
                    <width>435</width>
                    <height>38</height>
                    <label>$INFO[ListItem.Genre]</label>
                    <scroll>true</scroll>
                    <align>center</align>
                    <aligny>top</aligny>
                    <font>engsmall</font>
                    <textcolor>White</textcolor>
                    <shadowcolor>Black</shadowcolor>
                    <wrapmultiline>true</wrapmultiline>
                    <visible>Container.Content(Albums)</visible>
                </control>
                <control type="label">
                    <description>Trackno txt</description>
                    <posx>15</posx>
                    <posy>720</posy>
                    <width>435</width>
                    <height>38</height>
                    <label>$INFO[listitem.TrackNumber,[COLOR=Blue]$LOCALIZE[31310]: [/COLOR]]</label>
                    <align>center</align>
                    <aligny>center</aligny>
                    <font>engsmall</font>
                    <textcolor>White</textcolor>
                    <visible>!Container.Content(Albums)</visible>
                </control>
                <control type="label">
                    <description>Year txt</description>
                    <posx>15</posx>
                    <posy>758</posy>
                    <width>435</width>
                    <height>38</height>
                    <label>$INFO[listitem.Year,[COLOR=Blue]$LOCALIZE[345]: [/COLOR]]</label>
                    <align>center</align>
                    <aligny>center</aligny>
                    <font>engsmall</font>
                    <textcolor>White</textcolor>
                </control>
                <control type="image">
                    <description>Rating value</description>
                    <posx>120</posx>
                    <posy>802</posy>
                    <width>225</width>
                    <height>45</height>
                    <aspectratio>keep</aspectratio>
                    <texture>$INFO[ListItem.StarRating,CenterRating/]</texture>
                </control>
            </control>
        </control>
    </include>
    <include name="AlbumWrapView2_Fanart">
        <control type="group">
            <posx>0</posx>
            <posy>525</posy>
            <visible>Control.IsVisible(509) + Skin.HasSetting(View509HideInfo)</visible>
            <include>VisibleFadeEffect</include>
            <control type="image">
                <posx>0</posx>
                <posy>0</posy>
                <width>1920</width>
                <height>405</height>
                <texture>HomeNowPlayingBack.png</texture>
            </control>
            <control type="label">
                <posx>60</posx>
                <posy>105</posy>
                <width>1800</width>
                <height>30</height>
                <font>engsmall</font>
                <textcolor>White</textcolor>
                <shadowcolor>Black</shadowcolor>
                <scroll>true</scroll>
                <align>center</align>
                <aligny>center</aligny>
                <label>$INFO[ListItem.Label]</label>
                <animation effect="slide" start="0,0" end="0,45" time="200" condition="!Control.HasFocus(509)">conditional</animation>
            </control>
        </control>
        <control type="group">
            <visible>Control.IsVisible(509)</visible>
            <include>VisibleFadeEffect</include>
            <posx>0</posx>
            <posy>675</posy>
            <control type="fixedlist" id="509">
                <visible>Container.Content(Albums)</visible>
                <hitrect x="0" y="-15" w="1920" h="285" />
                <posx>-120</posx>
                <posy>0</posy>
                <width>2040</width>
                <height>375</height>
                <onleft>509</onleft>
                <onright>509</onright>
                <onup>2</onup>
                <ondown>60</ondown>
                <viewtype label="31029">wrap</viewtype>
                <pagecontrol>60</pagecontrol>
                <scrolltime>200</scrolltime>
                <focusposition>4</focusposition>
                <movement>2</movement>
                <orientation>horizontal</orientation>
                <preloaditems>4</preloaditems>
                <itemlayout height="300" width="240">
                    <control type="image">
                        <posx>3</posx>
                        <posy>30</posy>
                        <width>240</width>
                        <height>240</height>
                        <aspectratio>stretch</aspectratio>
                        <bordertexture border="5">button-nofocus.png</bordertexture>
                        <bordersize>4</bordersize>
                        <fadetime>200</fadetime>
                        <texture background="true">$INFO[ListItem.Icon]</texture>
                    </control>
                    <control type="image">
                        <posx>9</posx>
                        <posy>36</posy>
                        <width>228</width>
                        <height>228</height>
                        <aspectratio>stretch</aspectratio>
                        <texture>Black-back.png</texture>
                        <colordiffuse>AAFFFFFF</colordiffuse>
                    </control>
                    <control type="image">
                        <posx>3</posx>
                        <posy>270</posy>
                        <width>240</width>
                        <height>240</height>
                        <aspectratio>stretch</aspectratio>
                        <bordertexture border="5" diffuse="diffuse_mirror2.png">button-nofocus.png</bordertexture>
                        <bordersize>4</bordersize>
                        <fadetime>200</fadetime>
                        <texture background="true" flipy="true" diffuse="diffuse_mirror2.png">$INFO[ListItem.Icon]</texture>
                    </control>
                </itemlayout>
                <focusedlayout height="300" width="240">
                    <control type="image">
                        <posx>-3</posx>
                        <posy>24</posy>
                        <width>252</width>
                        <height>252</height>
                        <aspectratio>stretch</aspectratio>
                        <bordertexture border="8">ThumbBorder.png</bordertexture>
                        <bordersize>8</bordersize>
                        <fadetime>200</fadetime>
                        <texture background="true">$INFO[ListItem.Icon]</texture>
                        <animation reversible="false" effect="zoom" start="-3,24,252,252" end="-18,-6,297,297" time="200">focus</animation>
                        <animation reversible="false" effect="zoom" end="-3,24,252,252" start="-18,-6,297,297" time="200">unfocus</animation>
                    </control>
                    <control type="image">
                        <posx>270</posx>
                        <posy>488</posy>
                        <width>52</width>
                        <height>52</height>
                        <aspectratio>keep</aspectratio>
                        <texture>$INFO[ListItem.Overlay]</texture>
                        <animation type="focus">
                            <effect type="fade" start="0" end="100" time="200" />
                            <effect type="slide" start="0,0" end="90,90" time="200" />
                        </animation>
                        <animation type="unfocus">
                            <effect type="fade" start="100" end="0" time="200" />
                            <effect type="slide" end="0,0" start="60,60" time="200" />
                        </animation>
                    </control>
                </focusedlayout>
            </control>
            <control type="scrollbar" id="60">
                <posx>465</posx>
                <posy>292</posy>
                <width>990</width>
                <height>38</height>
                <texturesliderbackground border="14,0,14,0">ScrollBarH.png</texturesliderbackground>
                <texturesliderbar border="14,0,14,0">ScrollBarH_bar.png</texturesliderbar>
                <texturesliderbarfocus border="14,0,14,0">ScrollBarH_bar_focus.png</texturesliderbarfocus>
                <textureslidernib>ScrollBarNib.png</textureslidernib>
                <textureslidernibfocus>ScrollBarNib.png</textureslidernibfocus>
                <onup>509</onup>
                <ondown>2</ondown>
                <showonepage>false</showonepage>
                <orientation>horizontal</orientation>
                <visible>Control.IsVisible(509)</visible>
            </control>
        </control>
        <control type="group">
            <posx>270</posx>
            <posy>60</posy>
            <visible>Control.IsVisible(509) + !Skin.HasSetting(View509HideInfo)</visible>
            <include>VisibleFadeEffect</include>
            <control type="image">
                <posx>0</posx>
                <posy>0</posy>
                <width>1380</width>
                <height>615</height>
                <texture border="20">ContentPanel.png</texture>
            </control>
            <control type="label">
                <posx>60</posx>
                <posy>30</posy>
                <width>1260</width>
                <height>30</height>
                <font>engsmall</font>
                <textcolor>White</textcolor>
                <shadowcolor>Black</shadowcolor>
                <scroll>true</scroll>
                <align>center</align>
                <aligny>center</aligny>
                <label>$INFO[ListItem.Property(Album_Artist)]</label>
            </control>
            <control type="label">
                <posx>60</posx>
                <posy>75</posy>
                <width>1260</width>
                <height>30</height>
                <font>engsmall</font>
                <textcolor>Blue</textcolor>
                <shadowcolor>Black</shadowcolor>
                <scroll>true</scroll>
                <align>center</align>
                <aligny>center</aligny>
                <label>$INFO[ListItem.Label]</label>
            </control>
            <control type="group">
                <posx>60</posx>
                <posy>120</posy>
                <control type="label">
                    <posx>0</posx>
                    <posy>0</posy>
                    <width>600</width>
                    <height>45</height>
                    <font>engsmall</font>
                    <textcolor>White</textcolor>
                    <shadowcolor>Black</shadowcolor>
                    <scroll>true</scroll>
                    <align>left</align>
                    <aligny>center</aligny>
                    <label>31331</label>
                </control>
                <control type="label">
                    <posx>0</posx>
                    <posy>52</posy>
                    <width>1275</width>
                    <height>45</height>
                    <font>engsmall</font>
                    <textcolor>White</textcolor>
                    <shadowcolor>Black</shadowcolor>
                    <scroll>true</scroll>
                    <align>left</align>
                    <aligny>center</aligny>
                    <label>$LOCALIZE[515]: $INFO[ListItem.Genre]</label>
                    <scroll>false</scroll>
                </control>
                <control type="label">
                    <posx>0</posx>
                    <posy>98</posy>
                    <width>1275</width>
                    <height>45</height>
                    <font>engsmall</font>
                    <textcolor>White</textcolor>
                    <shadowcolor>Black</shadowcolor>
                    <scroll>true</scroll>
                    <align>left</align>
                    <aligny>center</aligny>
                    <label>$LOCALIZE[562]: $INFO[ListItem.Year]</label>
                    <scroll>false</scroll>
                </control>
                <control type="fadelabel">
                    <posx>0</posx>
                    <posy>142</posy>
                    <width>600</width>
                    <height>45</height>
                    <font>engsmall</font>
                    <textcolor>White</textcolor>
                    <shadowcolor>Black</shadowcolor>
                    <scroll>true</scroll>
                    <align>left</align>
                    <aligny>center</aligny>
                    <label>$LOCALIZE[563]:</label>
                    <scrollout>false</scrollout>
                    <pauseatend>2000</pauseatend>
                </control>
                <control type="image">
                    <description>Rating value</description>
                    <posx>150</posx>
                    <posy>142</posy>
                    <width>240</width>
                    <height>48</height>
                    <aspectratio>keep</aspectratio>
                    <texture>$INFO[ListItem.StarRating,LeftRating/]</texture>
                </control>
                <control type="textbox">
                    <description>Description Value for Album</description>
                    <posx>0</posx>
                    <posy>225</posy>
                    <width>1275</width>
                    <height>210</height>
                    <font>engsmall</font>
                    <align>justify</align>
                    <pagecontrol>-</pagecontrol>
                    <textcolor>White</textcolor>
                    <label>$INFO[ListItem.Property(Album_Description)]</label>
                    <autoscroll time="2000" delay="3000" repeat="5000">Skin.HasSetting(AutoScroll)</autoscroll>
                </control>
            </control>
        </control>
    </include>
    <include name="MusicVideoInfoListView">
        <control type="group">
            <visible>Control.IsVisible(511)</visible>
            <include>VisibleFadeEffect</include>
            <control type="list" id="511">
                <posx>105</posx>
                <posy>112</posy>
                <width>1140</width>
                <height>842</height>
                <onleft>2</onleft>
                <onright>60</onright>
                <onup>511</onup>
                <ondown>511</ondown>
                <viewtype label="$LOCALIZE[544]">list</viewtype>
                <pagecontrol>60</pagecontrol>
                <scrolltime>200</scrolltime>
                <visible>Container.Content(MusicVideos)</visible>
                <itemlayout height="60" width="1140">
                    <control type="image">
                        <posx>0</posx>
                        <posy>0</posy>
                        <width>1140</width>
                        <height>62</height>
                        <texture border="0,2,0,2">MenuItemNF.png</texture>
                    </control>
                    <control type="label">
                        <posx>15</posx>
                        <posy>0</posy>
                        <width>1080</width>
                        <height>60</height>
                        <font>engsmall</font>
                        <textcolor>Grey2</textcolor>
                        <selectedcolor>selected</selectedcolor>
                        <align>left</align>
                        <aligny>center</aligny>
                        <label>$INFO[ListItem.Label]</label>
                    </control>
                    <control type="label">
                        <posx>1095</posx>
                        <posy>0</posy>
                        <width>1050</width>
                        <height>60</height>
                        <font>engsmall</font>
                        <textcolor>Grey2</textcolor>
                        <selectedcolor>selected</selectedcolor>
                        <align>right</align>
                        <aligny>center</aligny>
                        <label>$INFO[ListItem.Label2]</label>
                    </control>
                    <control type="image">
                        <posx>1102</posx>
                        <posy>21</posy>
                        <width>30</width>
                        <height>24</height>
                        <texture>$INFO[ListItem.Overlay]</texture>
                    </control>
                </itemlayout>
                <focusedlayout height="60" width="1140">
                    <control type="image">
                        <posx>0</posx>
                        <posy>0</posy>
                        <width>1140</width>
                        <height>62</height>
                        <texture border="0,2,0,2">MenuItemNF.png</texture>
                        <visible>!Control.HasFocus(511)</visible>
                        <include>VisibleFadeEffect</include>
                    </control>
                    <control type="image">
                        <posx>0</posx>
                        <posy>0</posy>
                        <width>1140</width>
                        <height>62</height>
                        <texture border="0,2,0,2">MenuItemFO.png</texture>
                        <visible>Control.HasFocus(511)</visible>
                        <include>VisibleFadeEffect</include>
                    </control>
                    <control type="image">
                        <posx>840</posx>
                        <posy>8</posy>
                        <width>300</width>
                        <height>46</height>
                        <texture border="0,0,14,0">MediaItemDetailBG.png</texture>
                        <visible>Control.HasFocus(511) + !IsEmpty(ListItem.Label2)</visible>
                    </control>
                    <control type="label">
                        <posx>15</posx>
                        <posy>0</posy>
                        <width>1080</width>
                        <height>60</height>
                        <font>engsmall</font>
                        <textcolor>White</textcolor>
                        <selectedcolor>selected</selectedcolor>
                        <align>left</align>
                        <aligny>center</aligny>
                        <label>$INFO[ListItem.Label]</label>
                    </control>
                    <control type="label">
                        <posx>1095</posx>
                        <posy>0</posy>
                        <width>1050</width>
                        <height>60</height>
                        <font>engsmall</font>
                        <textcolor>Grey2</textcolor>
                        <selectedcolor>selected</selectedcolor>
                        <align>right</align>
                        <aligny>center</aligny>
                        <label>$INFO[ListItem.Label2]</label>
                    </control>
                    <control type="image">
                        <posx>1102</posx>
                        <posy>21</posy>
                        <width>30</width>
                        <height>24</height>
                        <texture>$INFO[ListItem.Overlay]</texture>
                    </control>
                </focusedlayout>
            </control>
            <control type="scrollbar" id="60">
                <posx>1275</posx>
                <posy>117</posy>
                <width>38</width>
                <height>840</height>
                <texturesliderbackground border="0,14,0,14">ScrollBarV.png</texturesliderbackground>
                <texturesliderbar border="2,16,2,16">ScrollBarV_bar.png</texturesliderbar>
                <texturesliderbarfocus border="2,16,2,16">ScrollBarV_bar_focus.png</texturesliderbarfocus>
                <textureslidernib>ScrollBarNib.png</textureslidernib>
                <textureslidernibfocus>ScrollBarNib.png</textureslidernibfocus>
                <onleft>511</onleft>
                <onright>2</onright>
                <showonepage>false</showonepage>
                <orientation>vertical</orientation>
                <visible>Control.IsVisible(511)</visible>
            </control>
            <control type="group">
                <posx>1365</posx>
                <posy>120</posy>
                <control type="image">
                    <posx>15</posx>
                    <posy>0</posy>
                    <width>435</width>
                    <height>345</height>
                    <aspectratio>keep</aspectratio>
                    <fadetime>IconCrossfadeTime</fadetime>
                    <texture background="true">$INFO[ListItem.Icon]</texture>
                    <bordertexture border="8">ThumbShadow.png</bordertexture>
                    <bordersize>8</bordersize>
                </control>
                <control type="grouplist">
                    <description>Media Codec Flagging Images</description>
                    <posx>15</posx>
                    <posy>345</posy>
                    <width>435</width>
                    <align>center</align>
                    <itemgap>0</itemgap>
                    <orientation>horizontal</orientation>
                    <include>VideoCodecFlaggingConditions</include>
                    <include>AudioCodecFlaggingConditions</include>
                </control>
                <control type="label">
                    <posx>15</posx>
                    <posy>435</posy>
                    <width>435</width>
                    <height>38</height>
                    <label>$INFO[ListItem.Artist]</label>
                    <scroll>true</scroll>
                    <align>center</align>
                    <aligny>center</aligny>
                    <font>engsmall</font>
                    <textcolor>White</textcolor>
                    <shadowcolor>Black</shadowcolor>
                </control>
                <control type="label">
                    <posx>15</posx>
                    <posy>525</posy>
                    <width>435</width>
                    <height>38</height>
                    <label>$INFO[ListItem.Album]</label>
                    <wrapmultiline>true</wrapmultiline>
                    <align>center</align>
                    <aligny>center</aligny>
                    <font>engsmall</font>
                    <textcolor>Grey2</textcolor>
                    <shadowcolor>Black</shadowcolor>
                </control>
                <control type="label">
                    <posx>15</posx>
                    <posy>615</posy>
                    <width>435</width>
                    <height>38</height>
                    <label>$INFO[ListItem.Title]</label>
                    <scroll>true</scroll>
                    <align>center</align>
                    <aligny>top</aligny>
                    <font>engsmall</font>
                    <textcolor>White</textcolor>
                    <shadowcolor>Black</shadowcolor>
                    <wrapmultiline>true</wrapmultiline>
                    <visible>!Container.Content(Albums)</visible>
                </control>
                <control type="label">
                    <posx>15</posx>
                    <posy>705</posy>
                    <width>435</width>
                    <height>38</height>
                    <label>$INFO[ListItem.Studio]</label>
                    <scroll>true</scroll>
                    <align>center</align>
                    <aligny>top</aligny>
                    <font>engsmall</font>
                    <textcolor>Grey2</textcolor>
                    <shadowcolor>Black</shadowcolor>
                    <wrapmultiline>true</wrapmultiline>
                </control>
                <control type="label">
                    <description>Year txt</description>
                    <posx>15</posx>
                    <posy>795</posy>
                    <width>435</width>
                    <height>38</height>
                    <label>$INFO[listitem.Year,[COLOR=Blue]$LOCALIZE[345]: [/COLOR]]</label>
                    <align>center</align>
                    <aligny>center</aligny>
                    <font>engsmall</font>
                    <textcolor>White</textcolor>
                </control>
            </control>
        </control>
    </include>
    <include name="ArtistMediaListView">
        <control type="group">
            <visible>Control.IsVisible(512)</visible>
            <include>VisibleFadeEffect</include>
            <control type="list" id="512">
                <posx>105</posx>
                <posy>117</posy>
                <width>870</width>
                <height>842</height>
                <onleft>2</onleft>
                <onright>60</onright>
                <onup>512</onup>
                <ondown>512</ondown>
                <viewtype label="$LOCALIZE[544]">list</viewtype>
                <pagecontrol>60</pagecontrol>
                <scrolltime>200</scrolltime>
                <visible>Container.Content(Artists)</visible>
                <itemlayout height="60" width="870">
                    <control type="image">
                        <posx>0</posx>
                        <posy>0</posy>
                        <width>870</width>
                        <height>62</height>
                        <texture border="0,2,0,2">MenuItemNF.png</texture>
                    </control>
                    <control type="label">
                        <posx>15</posx>
                        <posy>0</posy>
                        <width>840</width>
                        <height>60</height>
                        <font>engsmall</font>
                        <textcolor>Grey2</textcolor>
                        <selectedcolor>selected</selectedcolor>
                        <align>left</align>
                        <aligny>center</aligny>
                        <label>$INFO[ListItem.Label]</label>
                    </control>
                </itemlayout>
                <focusedlayout height="60" width="870">
                    <control type="image">
                        <posx>0</posx>
                        <posy>0</posy>
                        <width>870</width>
                        <height>62</height>
                        <texture border="0,2,0,2">MenuItemNF.png</texture>
                        <visible>!Control.HasFocus(512)</visible>
                        <include>VisibleFadeEffect</include>
                    </control>
                    <control type="image">
                        <posx>0</posx>
                        <posy>0</posy>
                        <width>870</width>
                        <height>62</height>
                        <texture border="0,2,0,2">MenuItemFO.png</texture>
                        <visible>Control.HasFocus(512)</visible>
                        <include>VisibleFadeEffect</include>
                    </control>
                    <control type="label">
                        <posx>15</posx>
                        <posy>0</posy>
                        <width>840</width>
                        <height>60</height>
                        <font>engsmall</font>
                        <textcolor>White</textcolor>
                        <selectedcolor>selected</selectedcolor>
                        <align>left</align>
                        <aligny>center</aligny>
                        <label>$INFO[ListItem.Label]</label>
                    </control>
                </focusedlayout>
            </control>
            <control type="scrollbar" id="60">
                <posx>975</posx>
                <posy>117</posy>
                <width>38</width>
                <height>840</height>
                <texturesliderbackground border="0,14,0,14">ScrollBarV.png</texturesliderbackground>
                <texturesliderbar border="0,14,0,14">ScrollBarV_bar.png</texturesliderbar>
                <texturesliderbarfocus border="0,14,0,14">ScrollBarV_bar_focus.png</texturesliderbarfocus>
                <textureslidernib>ScrollBarNib.png</textureslidernib>
                <textureslidernibfocus>ScrollBarNib.png</textureslidernibfocus>
                <onleft>512</onleft>
                <onright>2</onright>
                <showonepage>false</showonepage>
                <orientation>vertical</orientation>
                <visible>Control.IsVisible(512)</visible>
            </control>
            <control type="group">
                <posx>1065</posx>
                <posy>105</posy>
                <control type="image">
                    <posx>0</posx>
                    <posy>0</posy>
                    <width>765</width>
                    <height>450</height>
                    <aspectratio>keep</aspectratio>
                    <fadetime>IconCrossfadeTime</fadetime>
                    <texture background="true">$INFO[ListItem.Icon]</texture>
                    <bordertexture border="8">ThumbShadow.png</bordertexture>
                    <bordersize>8</bordersize>
                </control>
                <control type="group">
                    <posy>465</posy>
                    <control type="label">
                        <description>Born txt</description>
                        <posx>210</posx>
                        <posy>0</posy>
                        <width>210</width>
                        <height>38</height>
                        <label>$LOCALIZE[21893]:</label>
                        <align>right</align>
                        <aligny>center</aligny>
                        <font>engsmall</font>
                        <textcolor>Blue</textcolor>
                        <visible>!IsEmpty(ListItem.Property(Artist_Born))</visible>
                    </control>
                    <control type="label">
                        <description>Born Value</description>
                        <posx>225</posx>
                        <posy>0</posy>
                        <width>525</width>
                        <height>38</height>
                        <label>$INFO[ListItem.Property(Artist_Born)]</label>
                        <align>left</align>
                        <aligny>center</aligny>
                        <font>engsmall</font>
                        <scroll>true</scroll>
                        <visible>!IsEmpty(ListItem.Property(Artist_Born))</visible>
                    </control>
                    <control type="label">
                        <description>Formed txt</description>
                        <posx>210</posx>
                        <posy>0</posy>
                        <width>210</width>
                        <height>38</height>
                        <label>$LOCALIZE[21894]:</label>
                        <align>right</align>
                        <aligny>center</aligny>
                        <font>engsmall</font>
                        <textcolor>Blue</textcolor>
                        <visible>!IsEmpty(ListItem.Property(Artist_Formed))</visible>
                    </control>
                    <control type="label">
                        <description>Formed Value</description>
                        <posx>225</posx>
                        <posy>0</posy>
                        <width>525</width>
                        <height>38</height>
                        <label>$INFO[ListItem.Property(Artist_Formed)]</label>
                        <align>left</align>
                        <aligny>center</aligny>
                        <font>engsmall</font>
                        <scroll>true</scroll>
                        <visible>!IsEmpty(ListItem.Property(Artist_Formed))</visible>
                    </control>
                    <control type="label">
                        <description>Genre txt</description>
                        <posx>210</posx>
                        <posy>45</posy>
                        <width>210</width>
                        <height>38</height>
                        <label>$LOCALIZE[515]:</label>
                        <align>right</align>
                        <aligny>center</aligny>
                        <font>engsmall</font>
                        <textcolor>Blue</textcolor>
                    </control>
                    <control type="label">
                        <description>Genre Value</description>
                        <posx>225</posx>
                        <posy>45</posy>
                        <width>525</width>
                        <height>38</height>
                        <label fallback="416">$INFO[ListItem.Property(Artist_Genre)]</label>
                        <align>left</align>
                        <aligny>center</aligny>
                        <font>engsmall</font>
                        <scroll>true</scroll>
                    </control>
                    <control type="image">
                        <posx>0</posx>
                        <posy>90</posy>
                        <width>765</width>
                        <height>6</height>
                        <texture>separator.png</texture>
                    </control>
                    <control type="textbox">
                        <description>Description Value for Artist</description>
                        <posx>15</posx>
                        <posy>98</posy>
                        <width>735</width>
                        <height>285</height>
                        <font>engsmall</font>
                        <align>justify</align>
                        <textcolor>White</textcolor>
                        <label>$INFO[ListItem.Property(Artist_Description)]</label>
                        <autoscroll time="2000" delay="3000" repeat="5000">Skin.HasSetting(AutoScroll)</autoscroll>
                    </control>
                </control>
            </control>
        </control>
    </include>
    <include name="AlbumInfoListView">
        <control type="group">
            <visible>Control.IsVisible(513)</visible>
            <include>VisibleFadeEffect</include>
            <control type="list" id="513">
                <posx>105</posx>
                <posy>112</posy>
                <width>1170</width>
                <height>842</height>
                <onleft>2</onleft>
                <onright>51360</onright>
                <onup>513</onup>
                <ondown>513</ondown>
                <viewtype label="$LOCALIZE[10523]">list</viewtype>
                <pagecontrol>51360</pagecontrol>
                <scrolltime>200</scrolltime>
                <visible>Container.Content(Albums)</visible>
                <itemlayout height="60" width="1170">
                    <control type="image">
                        <posx>0</posx>
                        <posy>0</posy>
                        <width>1170</width>
                        <height>62</height>
                        <texture border="0,2,0,2">MenuItemNF.png</texture>
                    </control>
                    <control type="label">
                        <posx>15</posx>
                        <posy>0</posy>
                        <width>1095</width>
                        <height>60</height>
                        <font>engsmall</font>
                        <textcolor>Grey2</textcolor>
                        <selectedcolor>selected</selectedcolor>
                        <align>left</align>
                        <aligny>center</aligny>
                        <label>$INFO[ListItem.Label]</label>
                    </control>
                    <control type="label">
                        <posx>1140</posx>
                        <posy>0</posy>
                        <width>1050</width>
                        <height>60</height>
                        <font>engsmall</font>
                        <textcolor>Grey2</textcolor>
                        <selectedcolor>selected</selectedcolor>
                        <align>right</align>
                        <aligny>center</aligny>
                        <label>$INFO[ListItem.Label2]</label>
                    </control>
                </itemlayout>
                <focusedlayout height="60" width="1170">
                    <control type="image">
                        <posx>0</posx>
                        <posy>0</posy>
                        <width>1170</width>
                        <height>62</height>
                        <texture border="0,2,0,2">MenuItemNF.png</texture>
                        <visible>!Control.HasFocus(513)</visible>
                        <include>VisibleFadeEffect</include>
                    </control>
                    <control type="image">
                        <posx>0</posx>
                        <posy>0</posy>
                        <width>1170</width>
                        <height>62</height>
                        <texture border="0,2,0,2">MenuItemFO.png</texture>
                        <visible>Control.HasFocus(513)</visible>
                        <include>VisibleFadeEffect</include>
                    </control>
                    <control type="image">
                        <posx>870</posx>
                        <posy>8</posy>
                        <width>300</width>
                        <height>46</height>
                        <texture border="0,0,14,0">MediaItemDetailBG.png</texture>
                        <visible>Control.HasFocus(513) + !IsEmpty(ListItem.Label2)</visible>
                    </control>
                    <control type="label">
                        <posx>15</posx>
                        <posy>0</posy>
                        <width>1095</width>
                        <height>60</height>
                        <font>engsmall</font>
                        <textcolor>White</textcolor>
                        <selectedcolor>selected</selectedcolor>
                        <align>left</align>
                        <aligny>center</aligny>
                        <label>$INFO[ListItem.Label]</label>
                    </control>
                    <control type="label">
                        <posx>1140</posx>
                        <posy>0</posy>
                        <width>1050</width>
                        <height>60</height>
                        <font>engsmall</font>
                        <textcolor>Grey2</textcolor>
                        <selectedcolor>selected</selectedcolor>
                        <align>right</align>
                        <aligny>center</aligny>
                        <label>$INFO[ListItem.Label2]</label>
                    </control>
                </focusedlayout>
            </control>
            <control type="scrollbar" id="51360">
                <posx>1275</posx>
                <posy>117</posy>
                <width>38</width>
                <height>840</height>
                <texturesliderbackground border="0,14,0,14">ScrollBarV.png</texturesliderbackground>
                <texturesliderbar border="2,16,2,16">ScrollBarV_bar.png</texturesliderbar>
                <texturesliderbarfocus border="2,16,2,16">ScrollBarV_bar_focus.png</texturesliderbarfocus>
                <textureslidernib>ScrollBarNib.png</textureslidernib>
                <textureslidernibfocus>ScrollBarNib.png</textureslidernibfocus>
                <onleft>513</onleft>
                <onright>2</onright>
                <showonepage>false</showonepage>
                <orientation>vertical</orientation>
                <visible>Control.IsVisible(513)</visible>
            </control>
            <control type="group">
                <posx>1365</posx>
                <posy>105</posy>
                <control type="image">
                    <posx>15</posx>
                    <posy>0</posy>
                    <width>435</width>
                    <height>360</height>
                    <aspectratio aligny="bottom">keep</aspectratio>
                    <fadetime>IconCrossfadeTime</fadetime>
                    <texture background="true">$INFO[ListItem.Icon]</texture>
                    <bordertexture border="8">ThumbShadow.png</bordertexture>
                    <bordersize>8</bordersize>
                </control>
                <control type="label">
                    <description>Description Header txt</description>
                    <posx>15</posx>
                    <posy>360</posy>
                    <width>435</width>
                    <height>38</height>
                    <label>21821</label>
                    <align>center</align>
                    <aligny>center</aligny>
                    <font>engsmall</font>
                    <textcolor>Blue</textcolor>
                    <shadowcolor>Black</shadowcolor>
                </control>
                <control type="textbox">
                    <description>Description Value for Album</description>
                    <posx>15</posx>
                    <posy>405</posy>
                    <width>435</width>
                    <height>450</height>
                    <font>engsmall</font>
                    <align>justify</align>
                    <pagecontrol>-</pagecontrol>
                    <textcolor>White</textcolor>
                    <label>$INFO[ListItem.Property(Album_Description)]</label>
                    <autoscroll time="2000" delay="3000" repeat="5000">Skin.HasSetting(AutoScroll)</autoscroll>
                </control>
            </control>
        </control>
    </include>
</includes>