<?xml version="1.0" encoding="UTF-8"?>
<addon
	id="skin_epic_blauesgruen"
	version="0.0.3"
	name="epic"
	provider-name="">
	<requires>
		<import addon="xbmc.gui" version="4.00"/>
	</requires>
	<extension
    point="xbmc.gui.skin"
    defaultthemename="textures.xbt"
    debugging="false"
    effectslowdown="0.75">
		<!-- <res width="1280" height="720" aspect="16:9" default="true" folder="720p" /> -->
		<res width="1920" height="1080" aspect="16:9" default="true" folder="1080p" />
	</extension>
	<extension point="xbmc.addon.metadata">
		<platform>all</platform>
		<summary>Created by blauesgruen/schiko</summary>
		<!-- <description>'Foundation' is a basic, fully functional XBMC skin designed to be used as a base for creating a new skin; or simply as a learning tool for the beginner.</description> -->
	</extension>
</addon>